"area"	"name"	"title"	"intent"	"description"	"related_areas"	"jurisdictions"	"procedures"	"phases"	"client_sides"	"deliverables"	"triggers"	"exclusions"	"required_inputs"	"alternatives"	"official_sources"	"legal_cutoff"	"review_status"	"risk_level"	"path"
"Administrativo"	"administrativo-acao-anulatoria-de-ato-administrativo"	"Ação Anulatória de Ato Administrativo"	"acao anulatoria de ato administrativo"	"Gera petição inicial completa de ação anulatória de ato administrativo ilegal, com pedido de tutela de urgência para suspensão dos efeitos do ato impugnado, declaração de nulidade e, quando cabível, indenização pelos danos causados, fundamentada na teoria dos vícios do ato administrativo, na Lei 9.784/99, na CF/88 e no CPC/2015, sendo a via adequada quando o prazo do mandado de segurança (120 dias) já foi ultrapassado ou quando a prova exige dilação probatória. Use esta skill quando a solicitação envolver Ação Anulatória de Ato Administrativo."	""	""	""	""	""	""	""	""	""	""	""	""	""	""	"areas do direito/Administrativo/administrativo-acao-anulatoria-de-ato-administrativo/SKILL.md"
"Administrativo"	"administrativo-acao-de-improbidade-administrativa"	"Ação de Improbidade Administrativa"	"acao de improbidade administrativa"	"Gera petição inicial completa de Ação de Improbidade Administrativa ajuizada pelo Ministério Público ou pela pessoa jurídica lesada, com enquadramento dos atos nas modalidades da Lei 8.429/1992 (enriquecimento ilícito, lesão ao erário ou violação a princípios), pedido de medidas cautelares (indisponibilidade de bens), sanções do art. 12 e reparação integral do dano, com fundamentação atualizada pela Lei 14.230/2021 que reformou a Lei 8.429/92. Use esta skill quando a solicitação envolver Ação de Improbidade Administrativa."	""	""	""	""	""	""	""	""	""	""	""	""	""	""	"areas do direito/Administrativo/administrativo-acao-de-improbidade-administrativa/SKILL.md"
"Administrativo"	"administrativo-acao-popular-improbidade-lesao-ao-p-0ac76aa6"	"Ação Popular (Improbidade / Lesão ao Patrimônio Público)"	"acao popular improbidade lesao ao p 0ac76aa6"	"Gera petição inicial completa de Ação Popular para anular ato lesivo ao patrimônio público, à moralidade administrativa, ao meio ambiente ou ao patrimônio histórico e cultural, ajuizada por cidadão, com pedido de suspensão do ato, responsabilização dos agentes envolvidos e reparação do dano, fundamentada no art. 5º, LXXIII da CF/88 e na Lei 4.717/1965 (Lei da Ação Popular), com interface com a Lei 8.429/1992 (Improbidade) e Lei 14.133/2021 (Licitações). Use esta skill quando a solicitação envolver Ação Popular (Improbidade / Lesão ao Patrimônio Público)."	""	""	""	""	""	""	""	""	""	""	""	""	""	""	"areas do direito/Administrativo/administrativo-acao-popular-improbidade-lesao-ao-p-0ac76aa6/SKILL.md"
"Administrativo"	"administrativo-anulacao-de-ato-administrativo"	"Anulação de Ato Administrativo"	"anulacao de ato administrativo"	"Gera uma ação judicial (ordinária ou mandado de segurança, conforme o caso) para anulação de ato administrativo ilegal, com pedido de tutela de urgência, fundamentada nos princípios da legalidade, motivação, proporcionalidade e ampla defesa, buscando o reconhecimento da nulidade do ato e a restauração da situação anterior. Use esta skill quando a solicitação envolver Anulação de Ato Administrativo."	""	""	""	""	""	""	""	""	""	""	""	""	""	""	"areas do direito/Administrativo/administrativo-anulacao-de-ato-administrativo/SKILL.md"
"Administrativo"	"administrativo-defesa-em-acao-de-improbidade-administrativa"	"Defesa em Ação de Improbidade Administrativa"	"defesa em acao de improbidade administrativa"	"Gera uma contestação completa em ação de improbidade administrativa, com preliminares, análise das tipificações imputadas (arts. 9º, 10 e 11 da Lei 8.429/92), demonstração da ausência de dolo específico e fundamentação nas reformas trazidas pela Lei 14.230/2021, que tornou o dolo elemento essencial e exigiu a especificação do tipo ímprobo na petição inicial. Use esta skill quando a solicitação envolver Defesa em Ação de Improbidade Administrativa."	""	""	""	""	""	""	""	""	""	""	""	""	""	""	"areas do direito/Administrativo/administrativo-defesa-em-acao-de-improbidade-administrativa/SKILL.md"
"Administrativo"	"administrativo-defesa-em-processo-administrativo-d-324bc295"	"Defesa em Processo Administrativo Disciplinar (PAD)"	"defesa em processo administrativo d 324bc295"	"Gera uma defesa completa em Processo Administrativo Disciplinar (PAD) instaurado contra servidor público federal (Lei 8.112/90) ou estadual/municipal (legislação específica), com impugnação das irregularidades do processo, análise das infrações imputadas, demonstração da ausência de culpabilidade e pedido de arquivamento ou redução da penalidade. Use esta skill quando a solicitação envolver Defesa em Processo Administrativo Disciplinar (PAD)."	""	""	""	""	""	""	""	""	""	""	""	""	""	""	"areas do direito/Administrativo/administrativo-defesa-em-processo-administrativo-d-324bc295/SKILL.md"
"Administrativo"	"administrativo-impugnacao-de-edital-de-licitacao"	"Impugnação de Edital de Licitação"	"impugnacao de edital de licitacao"	"Gera uma impugnação de edital de licitação completa e fundamentada, identificando cláusulas restritivas, ilegais ou que violem os princípios constitucionais da licitação, com pedido de correção ou anulação das disposições irregulares, nos termos da Lei 14.133/2021 (Nova Lei de Licitações). Use esta skill quando a solicitação envolver Impugnação de Edital de Licitação."	""	""	""	""	""	""	""	""	""	""	""	""	""	""	"areas do direito/Administrativo/administrativo-impugnacao-de-edital-de-licitacao/SKILL.md"
"Administrativo"	"administrativo-mandado-de-seguranca-contra-ato-administrativo"	"Mandado de Segurança contra Ato Administrativo"	"mandado de seguranca contra ato administrativo"	"Gera petição inicial completa de Mandado de Segurança para atacar ato administrativo ilegal ou abusivo de autoridade pública, como indeferimento de licença, cancelamento de alvará, penalidade aplicada sem devido processo, exigência ilegal como condição de ato vinculado ou omissão da autoridade em praticar ato obrigatório, fundamentado na CF/88 art. 5º LXIX, Lei 12.016/2009, Lei 9.784/99 e legislação administrativa específica. Use esta skill quando a solicitação envolver Mandado de Segurança contra Ato Administrativo."	""	""	""	""	""	""	""	""	""	""	""	""	""	""	"areas do direito/Administrativo/administrativo-mandado-de-seguranca-contra-ato-administrativo/SKILL.md"
"Administrativo"	"administrativo-mandado-de-seguranca-em-concurso-publico"	"Mandado de Segurança em Concurso Público"	"mandado de seguranca em concurso publico"	"Gera um mandado de segurança em matéria de concurso público completo e fundamentado, com demonstração do direito líquido e certo do candidato, pedido liminar e requerimentos, para impugnar ato coator da banca ou da Administração que viole o edital ou os princípios constitucionais do concurso público. Use esta skill quando a solicitação envolver Mandado de Segurança em Concurso Público."	""	""	""	""	""	""	""	""	""	""	""	""	""	""	"areas do direito/Administrativo/administrativo-mandado-de-seguranca-em-concurso-publico/SKILL.md"
"Administrativo"	"administrativo-pedido-de-acesso-a-informacao-lai-recurso"	"Pedido de Acesso à Informação (LAI) + Recurso"	"pedido de acesso a informacao lai recurso"	"Gera tanto o pedido inicial de acesso à informação (via e-SIC ou protocolo físico) quanto o recurso administrativo completo contra a negativa, resposta incompleta, resposta intempestiva ou omissão do órgão público, fundamentado na Lei 12.527/2011 (LAI), no Decreto 7.724/2012 e na CF/88 art. 5º XXXIII, com pedido de acesso imediato às informações solicitadas e, se necessário, encaminhamento à CGU ou ao órgão recursal competente. Use esta skill quando a solicitação envolver Pedido de Acesso à Informação (LAI) + Recurso."	""	""	""	""	""	""	""	""	""	""	""	""	""	""	"areas do direito/Administrativo/administrativo-pedido-de-acesso-a-informacao-lai-recurso/SKILL.md"
"Administrativo"	"administrativo-recurso-administrativo-em-processo-licitatorio"	"Recurso Administrativo em Processo Licitatório"	"recurso administrativo em processo licitatorio"	"Gera recurso administrativo completo em processo licitatório, atacando decisões de habilitação, inabilitação, classificação, desclassificação ou julgamento de propostas, com fundamentação na Lei 14.133/2021 (Nova Lei de Licitações), Lei 8.666/93 (quando aplicável) e CF/88 art. 37, explorando vícios materiais e formais da decisão recorrida com pedido de reforma ou anulação. Use esta skill quando a solicitação envolver Recurso Administrativo em Processo Licitatório."	""	""	""	""	""	""	""	""	""	""	""	""	""	""	"areas do direito/Administrativo/administrativo-recurso-administrativo-em-processo-licitatorio/SKILL.md"
"Administrativo"	"administrativo-recurso-contra-penalidade-em-contra-dabae1d7"	"Recurso contra Penalidade em Contrato Administrativo"	"recurso contra penalidade em contra dabae1d7"	"Gera recurso administrativo completo contra penalidades aplicadas pela Administração Pública em contratos administrativos — multa contratual, advertência, suspensão temporária ou declaração de inidoneidade — com impugnação da fundamentação da penalidade, arguição de vícios formais (ausência de contraditório, falta de motivação) e vícios de mérito (inexecução parcial, caso fortuito, força maior, culpa concorrente), fundamentado na Lei 14.133/2021, Lei 8.666/93, Lei 9.784/99 e CF/88. Use esta skill quando a solicitação envolver Recurso contra Penalidade em Contrato Administrativo."	""	""	""	""	""	""	""	""	""	""	""	""	""	""	"areas do direito/Administrativo/administrativo-recurso-contra-penalidade-em-contra-dabae1d7/SKILL.md"
"Administrativo"	"administrativo-recurso-de-auto-de-infracao-administrativo"	"Recurso de Auto de Infração Administrativo"	"recurso de auto de infracao administrativo"	"Gera um recurso administrativo completo contra auto de infração lavrado por órgão regulador ou fiscalizatório (PROCON, ANVISA, ANATEL, Vigilância Sanitária, IBAMA, órgãos estaduais e municipais de fiscalização), com fundamentação técnica e jurídica, impugnando a multa ou penalidade aplicada e requerendo a extinção ou redução da sanção. Use esta skill quando a solicitação envolver Recurso de Auto de Infração Administrativo."	""	""	""	""	""	""	""	""	""	""	""	""	""	""	"areas do direito/Administrativo/administrativo-recurso-de-auto-de-infracao-administrativo/SKILL.md"
"Administrativo"	"administrativo-recurso-licitatorio"	"Recurso Licitatório"	"recurso licitatorio"	"Gera um recurso administrativo licitatório completo, contra decisões da comissão de licitação ou pregoeiro (inabilitação, desclassificação de proposta, julgamento do certame), com fundamentação na Lei 14.133/2021, requerendo a reforma da decisão e a habilitação ou classificação do recorrente. Use esta skill quando a solicitação envolver Recurso Licitatório."	""	""	""	""	""	""	""	""	""	""	""	""	""	""	"areas do direito/Administrativo/administrativo-recurso-licitatorio/SKILL.md"
"Aeronáutico"	"aeronautico-acao-contra-companhia-aerea-por-escala-14a63526"	"Ação contra Companhia Aérea por Escala Perdida (Conexão Perdida)"	"acao contra companhia aerea por escala 14a63526"	"Gera petição inicial para ação indenizatória por perda de escala/conexão em voo, com fundamento no Código de Defesa do Consumidor (Lei 8.078/1990), na Resolução ANAC n. 400/2016 e na Convenção de Montreal (Decreto 5.910/2006). Abrange situações em que o atraso no voo de origem causou a perda da conexão, resultando em danos materiais (nova hospedagem, alimentação, nova passagem, reembolso de serviços no destino) e danos morais, com análise sobre responsabilidade única da operadora quando os voos são vendidos no mesmo bilhete. Use esta skill quando a solicitação envolver Ação contra Companhia Aérea por Escala Perdida (Conexão Perdida)."	""	""	""	""	""	""	""	""	""	""	""	""	""	""	"areas do direito/Aeronáutico/aeronautico-acao-contra-companhia-aerea-por-escala-14a63526/SKILL.md"
"Aeronáutico"	"aeronautico-acao-de-cobranca-de-milhas-e-pontos-ca-573da898"	"Ação de Cobrança de Milhas e Pontos (Cancelamento/Expiração Indevida)"	"acao de cobranca de milhas e pontos ca 573da898"	"Gera petição inicial para ação de cobrança ou indenizatória por cancelamento ou expiração indevida de milhas, pontos ou benefícios em programas de fidelidade de companhias aéreas. Abrange situações de expiração sem prévia comunicação adequada, cancelamento unilateral do programa, alteração retroativa das regras de expiração, recusa de resgate de milhas válidas e encerramento de conta com saldo ativo. Fundamenta-se no CDC (Lei 8.078/1990), no Código Civil (arts. 422, 475) e nas normas regulatórias de programas de fidelidade. Use esta skill quando a solicitação envolver Ação de Cobrança de Milhas e Pontos (Cancelamento/Expiração Indevida)."	""	""	""	""	""	""	""	""	""	""	""	""	""	""	"areas do direito/Aeronáutico/aeronautico-acao-de-cobranca-de-milhas-e-pontos-ca-573da898/SKILL.md"
"Aeronáutico"	"aeronautico-acao-de-indenizacao-por-acidente-aereo-2bd4e0b8"	"Ação de Indenização por Acidente Aéreo (Vítimas e Familiares)"	"acao de indenizacao por acidente aereo 2bd4e0b8"	"Gera petição inicial para ação indenizatória por danos decorrentes de acidente aéreo, incluindo morte, lesão corporal grave, invalidez permanente ou danos psicológicos. Abrange tanto as vítimas diretas (sobreviventes) quanto os familiares (cônjuge, filhos, pais, irmãos) em casos de óbito. Fundamenta-se no Código Brasileiro de Aeronáutica (Lei 7.565/1986), na Convenção de Montreal (Decreto 5.910/2006), no Código Civil (arts. 186, 927, 948, 949, 950, 944 e 945) e no CDC (Lei 8.078/1990), com análise do regime de responsabilidade objetiva e dos limites indenizatórios aplicáveis. Use esta skill em demandas indenizatórias decorrentes de acidente aéreo propostas pela vítima direta ou por familiares."	""	""	""	""	""	""	""	""	""	""	""	""	""	""	"areas do direito/Aeronáutico/aeronautico-acao-de-indenizacao-por-acidente-aereo-2bd4e0b8/SKILL.md"
"Aeronáutico"	"aeronautico-acao-de-reembolso-de-passagem-recusa-i-44c4f2d4"	"Ação de Reembolso de Passagem (Recusa Indevida de Reembolso)"	"acao de reembolso de passagem recusa i 44c4f2d4"	"Gera petição inicial para ação de cobrança de reembolso de passagem aérea indevidamente recusado pela companhia, abrangendo tanto situações em que a companhia cancelou o voo e se recusou a reembolsar quanto situações em que o passageiro desistiu da viagem e a companhia negou o reembolso em desacordo com as normas da Resolução ANAC n. 400/2016 e do CDC. Também cobre cobranças de taxas de cancelamento abusivas e a recusa de reembolso de tarifas aeroportuárias e de embarque quando o serviço não foi prestado. Use esta skill quando a solicitação envolver Ação de Reembolso de Passagem (Recusa Indevida de Reembolso)."	""	""	""	""	""	""	""	""	""	""	""	""	""	""	"areas do direito/Aeronáutico/aeronautico-acao-de-reembolso-de-passagem-recusa-i-44c4f2d4/SKILL.md"
"Aeronáutico"	"aeronautico-habeas-data-contra-companhia-aerea-dad-8bcd0ccd"	"Habeas Data contra Companhia Aérea (Dados de Passageiro)"	"habeas data contra companhia aerea dad 8bcd0ccd"	"Gera petição inicial para ação de habeas data contra companhia aérea para acesso, retificação ou exclusão de dados pessoais do passageiro mantidos nos sistemas da empresa, com fundamento na CF/88 (art. 5º, LXXII), na Lei do Habeas Data (Lei 9.507/1992), na Lei Geral de Proteção de Dados Pessoais (LGPD — Lei 13.709/2018) e no CDC. Abrange situações de negativa de acesso a dados de histórico de voos, dados de programa de fidelidade, dados cadastrais, dados de segurança e situações em que a companhia compartilhou dados indevidamente com terceiros ou com autoridades estrangeiras sem consentimento. Use esta skill para avaliar a via processual e redigir a medida adequada para dados de passageiro."	""	""	""	""	""	""	""	""	""	""	""	""	""	""	"areas do direito/Aeronáutico/aeronautico-habeas-data-contra-companhia-aerea-dad-8bcd0ccd/SKILL.md"
"Aeronáutico"	"aeronautico-indenizacao-por-atraso-de-voo"	"Indenização por Atraso de Voo"	"indenizacao por atraso de voo"	"Gera petição inicial para ação indenizatória por atraso de voo, com fundamento no Código de Defesa do Consumidor (Lei 8.078/1990), na Resolução ANAC n. 400/2016 e na Convenção de Montreal (Decreto 5.910/2006), pleiteando danos materiais e morais decorrentes da falha na prestação do serviço aéreo. Use esta skill quando a solicitação envolver Indenização por Atraso de Voo."	""	""	""	""	""	""	""	""	""	""	""	""	""	""	"areas do direito/Aeronáutico/aeronautico-indenizacao-por-atraso-de-voo/SKILL.md"
"Aeronáutico"	"aeronautico-indenizacao-por-cancelamento-de-voo"	"Indenização por Cancelamento de Voo"	"indenizacao por cancelamento de voo"	"Gera petição inicial para ação indenizatória por cancelamento de voo, com fundamento no Código de Defesa do Consumidor (Lei 8.078/1990), na Resolução ANAC n. 400/2016 e na Convenção de Montreal (Decreto 5.910/2006), pleiteando danos materiais (reacomodação, hospedagem, alimentação) e morais, com opção de ajuizamento no JECível ou na Vara Cível comum. Use esta skill quando a solicitação envolver Indenização por Cancelamento de Voo."	""	""	""	""	""	""	""	""	""	""	""	""	""	""	"areas do direito/Aeronáutico/aeronautico-indenizacao-por-cancelamento-de-voo/SKILL.md"
"Aeronáutico"	"aeronautico-indenizacao-por-extravio-de-bagagem"	"Indenização por Extravio de Bagagem"	"indenizacao por extravio de bagagem"	"Gera petição inicial para ação indenizatória por extravio, avaria ou furto de bagagem em voo, com fundamento no Código de Defesa do Consumidor (Lei 8.078/1990), na Resolução ANAC n. 400/2016 e na Convenção de Montreal (Decreto 5.910/2006), pleiteando danos materiais pelo conteúdo da bagagem e danos morais pela frustração e transtornos sofridos. Use esta skill quando a solicitação envolver Indenização por Extravio de Bagagem."	""	""	""	""	""	""	""	""	""	""	""	""	""	""	"areas do direito/Aeronáutico/aeronautico-indenizacao-por-extravio-de-bagagem/SKILL.md"
"Aeronáutico"	"aeronautico-indenizacao-por-negativa-de-embarque"	"Indenização por Negativa de Embarque"	"indenizacao por negativa de embarque"	"Gera petição inicial para ação indenizatória por negativa de embarque injustificada (distinta do overbooking), abrangendo situações como negativa por suposto comportamento inadequado, falha no sistema de check-in, documentação exigida indevidamente, discriminação ou cancelamento unilateral do bilhete sem fundamento. Fundamento no CDC (Lei 8.078/1990), na Resolução ANAC n. 400/2016 e no Código Brasileiro de Aeronáutica (Lei 7.565/1986). Use esta skill quando a solicitação envolver Indenização por Negativa de Embarque."	""	""	""	""	""	""	""	""	""	""	""	""	""	""	"areas do direito/Aeronáutico/aeronautico-indenizacao-por-negativa-de-embarque/SKILL.md"
"Aeronáutico"	"aeronautico-indenizacao-por-overbooking"	"Indenização por Overbooking"	"indenizacao por overbooking"	"Gera petição inicial para ação indenizatória por overbooking (preterição de embarque por excesso de vendas de passagens), com fundamento no Código de Defesa do Consumidor (Lei 8.078/1990) e na Resolução ANAC n. 400/2016, pleiteando danos materiais, morais e eventuais indenizações tarifadas previstas na resolução, além de responsabilizar a companhia pela prática abusiva. Use esta skill quando a solicitação envolver Indenização por Overbooking."	""	""	""	""	""	""	""	""	""	""	""	""	""	""	"areas do direito/Aeronáutico/aeronautico-indenizacao-por-overbooking/SKILL.md"
"Aeronáutico"	"aeronautico-recurso-anac-impugnacao-de-multa-administrativa"	"Recurso ANAC — Impugnação de Multa Administrativa"	"recurso anac impugnacao de multa administrativa"	"Gera recurso administrativo para impugnar autuações e multas aplicadas pela ANAC (Agência Nacional de Aviação Civil) a companhias aéreas, operadores aéreos, aeroclubes, escolas de aviação, pilotos, mecânicos de aeronaves (AME) e demais pessoas físicas ou jurídicas sujeitas à fiscalização da agência. Abrange infrações ao Código Brasileiro de Aeronáutica (Lei 7.565/1986), ao RBAC (Regulamento Brasileiro de Aviação Civil), às resoluções ANAC e ao RBHA, com fundamentação no processo administrativo federal (Lei 9.784/1999) e nos princípios do devido processo legal administrativo. Use esta skill quando a solicitação envolver Recurso ANAC — Impugnação de Multa Administrativa."	""	""	""	""	""	""	""	""	""	""	""	""	""	""	"areas do direito/Aeronáutico/aeronautico-recurso-anac-impugnacao-de-multa-administrativa/SKILL.md"
"Aeronáutico"	"aeronautico-recurso-no-jecrim-infracao-aeronautica"	"Recurso no JECrim — Infração Aeronáutica"	"recurso no jecrim infracao aeronautica"	"Gera recurso inominado no Juizado Especial Criminal (JECrim) para casos envolvendo condutas em ambiente aeroportuário ou aeronáutico tipificadas como infrações penais de menor potencial ofensivo, como perturbação da ordem em aeroporto, desacato a agentes de segurança, recusa de submissão a controle de segurança, ou infrações praticadas a bordo de aeronave. Fundamento no Código Brasileiro de Aeronáutica (Lei 7.565/1986), na Lei 9.099/1995 e no Código Penal. Use esta skill quando a solicitação envolver Recurso no JECrim — Infração Aeronáutica."	""	""	""	""	""	""	""	""	""	""	""	""	""	""	"areas do direito/Aeronáutico/aeronautico-recurso-no-jecrim-infracao-aeronautica/SKILL.md"
"Agrário"	"agrario-contrato-de-arrendamento-e-parceria-agricola"	"Contrato de Arrendamento e Parceria Agrícola"	"contrato de arrendamento e parceria agricola"	"Gera contratos de arrendamento rural e de parceria agrícola em conformidade com o Estatuto da Terra (Lei 4.504/1964) e o Decreto 59.566/1966, assegurando cláusulas obrigatórias, prazo mínimo legal, preço máximo de arrendamento e percentuais de partilha da produção nas parcerias. Use esta skill quando a solicitação envolver Contrato de Arrendamento e Parceria Agrícola."	""	""	""	""	""	""	""	""	""	""	""	""	""	""	"areas do direito/Agrário/agrario-contrato-de-arrendamento-e-parceria-agricola/SKILL.md"
"Agrário"	"agrario-defesa-em-desapropriacao-rural"	"Defesa em Desapropriação Rural"	"defesa em desapropriacao rural"	"Gera contestação e peças de defesa em ação de desapropriação rural para fins de reforma agrária, com fundamento na Lei Complementar 76/1993, no Decreto-Lei 3.365/1941 e na CF/88, contestando vícios do decreto expropriatório, impugnando o laudo de avaliação do expropriante e requerendo justa indenização, incluindo honorários advocatícios de sucumbência. Use esta skill quando a solicitação envolver Defesa em Desapropriação Rural."	""	""	""	""	""	""	""	""	""	""	""	""	""	""	"areas do direito/Agrário/agrario-defesa-em-desapropriacao-rural/SKILL.md"
"Agrário"	"agrario-indenizacao-por-desapropriacao-indireta-rural"	"Indenização por Desapropriação Indireta Rural"	"indenizacao por desapropriacao indireta rural"	"Gera petição inicial de ação de desapropriação indireta (apossamento administrativo), para reparação de proprietário rural cujo imóvel foi ocupado pelo Poder Público sem o devido processo expropriatório, com fundamento no Decreto-Lei 3.365/1941, no Código Civil e na jurisprudência do STJ, pleiteando indenização pelo valor de mercado do imóvel, benfeitorias, lucros cessantes, juros compensatórios e honorários. Use esta skill quando a solicitação envolver Indenização por Desapropriação Indireta Rural."	""	""	""	""	""	""	""	""	""	""	""	""	""	""	"areas do direito/Agrário/agrario-indenizacao-por-desapropriacao-indireta-rural/SKILL.md"
"Agrário"	"agrario-inventario-de-imovel-rural"	"Inventário de Imóvel Rural"	"inventario de imovel rural"	"Gera roteiro jurídico e peças processuais para o inventário de imóvel rural, abrangendo os aspectos específicos do direito agrário: regularidade do CCIR, georreferenciamento, CAR, ITR, condição de herdeiro-agricultor, partilha respeitando o princípio da indivisibilidade das áreas menores que o módulo fiscal, e eventuais questões de usucapião entre herdeiros. Use esta skill quando a solicitação envolver Inventário de Imóvel Rural."	""	""	""	""	""	""	""	""	""	""	""	""	""	""	"areas do direito/Agrário/agrario-inventario-de-imovel-rural/SKILL.md"
"Agrário"	"agrario-regularizacao-fundiaria-rural"	"Regularização Fundiária Rural"	"regularizacao fundiaria rural"	"Gera parecer jurídico e roteiro de providências para regularização fundiária de imóvel rural, abrangendo análise da cadeia dominial, identificação de vícios de registro, procedimentos perante o INCRA, SIGEF e Cartório de Registro de Imóveis, com base no Estatuto da Terra (Lei 4.504/1964), na Lei 13.465/2017 e na legislação do INCRA. Use esta skill quando a solicitação envolver Regularização Fundiária Rural."	""	""	""	""	""	""	""	""	""	""	""	""	""	""	"areas do direito/Agrário/agrario-regularizacao-fundiaria-rural/SKILL.md"
"Agrário"	"agrario-reintegracao-de-posse-rural"	"Reintegração de Posse Rural"	"reintegracao de posse rural"	"Gera petição inicial de reintegração de posse de imóvel rural, com fundamento no Código de Processo Civil (arts. 554-568) e no Código Civil (arts. 1.196-1.210), para recuperar a posse de área esbulhada por terceiros, incluindo requerimento de liminar inaudita altera parte quando presentes os requisitos legais. Use esta skill quando a solicitação envolver Reintegração de Posse Rural."	""	""	""	""	""	""	""	""	""	""	""	""	""	""	"areas do direito/Agrário/agrario-reintegracao-de-posse-rural/SKILL.md"
"Agrário"	"agrario-usucapiao-rural-pro-labore"	"Usucapião Rural (Pro Labore)"	"usucapiao rural pro labore"	"Gera petição inicial de usucapião rural (pro labore), com fundamento no art. 191 da CF/88 e no art. 1.239 do Código Civil, destinada ao reconhecimento judicial da propriedade de imóvel rural pelo possuidor que o trabalha com sua família, sem oposição, pelo prazo legal exigido. Use esta skill quando a solicitação envolver Usucapião Rural (Pro Labore)."	""	""	""	""	""	""	""	""	""	""	""	""	""	""	"areas do direito/Agrário/agrario-usucapiao-rural-pro-labore/SKILL.md"
"Ambiental"	"ambiental-acao-civil-publica-ambiental-dano-coletivo"	"Ação Civil Pública Ambiental (Dano Coletivo)"	"acao civil publica ambiental dano coletivo"	"Gera petição inicial completa de Ação Civil Pública Ambiental para tutela de interesses difusos e coletivos em casos de dano ambiental coletivo, com pedidos de tutela de urgência, obrigações de fazer/não fazer, reparação integral do dano e indenização por dano moral coletivo, fundamentada na Lei 7.347/85, Lei 6.938/81, Lei 9.605/98 e CF/88 art. 225. Use esta skill quando a solicitação envolver Ação Civil Pública Ambiental (Dano Coletivo)."	""	""	""	""	""	""	""	""	""	""	""	""	""	""	"areas do direito/Ambiental/ambiental-acao-civil-publica-ambiental-dano-coletivo/SKILL.md"
"Ambiental"	"ambiental-acao-de-indenizacao-por-dano-ambiental-i-401cbc0a"	"Ação de Indenização por Dano Ambiental Individual (Vizinhança)"	"acao de indenizacao por dano ambiental i 401cbc0a"	"Gera petição inicial completa de ação indenizatória individual por dano ambiental causado por vizinho ou empreendimento próximo, como poluição sonora, hídrica, atmosférica, contaminação de solo, mau cheiro, geração excessiva de resíduos ou supressão indevida de vegetação que cause danos concretos à saúde, ao patrimônio ou à qualidade de vida do autor, fundamentada na Lei 6.938/81, CC arts. 1.277-1.282 (direito de vizinhança), Lei 9.605/98 e CF/88 art. 225. Use esta skill quando a solicitação envolver Ação de Indenização por Dano Ambiental Individual (Vizinhança)."	""	""	""	""	""	""	""	""	""	""	""	""	""	""	"areas do direito/Ambiental/ambiental-acao-de-indenizacao-por-dano-ambiental-i-401cbc0a/SKILL.md"
"Ambiental"	"ambiental-acao-de-indenizacao-por-dano-ambiental"	"Ação de Indenização por Dano Ambiental"	"acao de indenizacao por dano ambiental"	"Gera petição inicial completa de ação de indenização por dano ambiental (individual ou coletiva), com base na responsabilidade objetiva do art. 14, §1º, da Lei 6.938/81, combinada com os arts. 186, 927 e 944 do Código Civil e o art. 225 da CF/88, pleiteando reparação in natura, compensação ecológica e indenização por danos materiais e morais (individuais ou difusos). Use esta skill quando a solicitação envolver Ação de Indenização por Dano Ambiental."	""	""	""	""	""	""	""	""	""	""	""	""	""	""	"areas do direito/Ambiental/ambiental-acao-de-indenizacao-por-dano-ambiental/SKILL.md"
"Ambiental"	"ambiental-acao-de-regularizacao-de-reserva-legal-car"	"Ação de Regularização de Reserva Legal (CAR)"	"acao de regularizacao de reserva legal car"	"Gera petição e orientação completa para regularização de Reserva Legal perante o órgão ambiental competente via Cadastro Ambiental Rural (CAR), incluindo requerimento de inscrição/retificação no SICAR, pedido de Programa de Regularização Ambiental (PRA) e, se necessário, impugnação de exigências administrativas indevidas, fundamentada no Código Florestal (Lei 12.651/2012), no Decreto 7.830/2012 e na legislação estadual correlata. Use esta skill quando a solicitação envolver Ação de Regularização de Reserva Legal (CAR)."	""	""	""	""	""	""	""	""	""	""	""	""	""	""	"areas do direito/Ambiental/ambiental-acao-de-regularizacao-de-reserva-legal-car/SKILL.md"
"Ambiental"	"ambiental-auditoria-ambiental-e-compliance"	"Auditoria Ambiental e Compliance"	"auditoria ambiental e compliance"	"Gera relatório de auditoria ambiental jurídica e plano de compliance ambiental para empresas, identificando passivos ambientais, riscos legais, adequação ao licenciamento, conformidade com o Código Florestal (Lei 12.651/2012), PNMA (Lei 6.938/81) e PNRS (Lei 12.305/2010), com mapa de riscos e plano de ação para regularização. Use esta skill quando a solicitação envolver Auditoria Ambiental e Compliance."	""	""	""	""	""	""	""	""	""	""	""	""	""	""	"areas do direito/Ambiental/ambiental-auditoria-ambiental-e-compliance/SKILL.md"
"Ambiental"	"ambiental-defesa-em-acao-civil-publica-ambiental"	"Defesa em Ação Civil Pública Ambiental"	"defesa em acao civil publica ambiental"	"Gera contestação completa em ação civil pública ambiental (ACP), proposta pelo Ministério Público, órgãos públicos ou associações, com fundamento na Lei 7.347/85, na Lei 6.938/81 (responsabilidade objetiva), na Lei 9.605/98 e na CF/88 (art. 225), explorando todas as teses de defesa: preliminares processuais, ilegitimidade ativa, ausência de dano, prescrição, proporcionalidade das reparações e nexo causal. Use esta skill quando a solicitação envolver Defesa em Ação Civil Pública Ambiental."	""	""	""	""	""	""	""	""	""	""	""	""	""	""	"areas do direito/Ambiental/ambiental-defesa-em-acao-civil-publica-ambiental/SKILL.md"
"Ambiental"	"ambiental-defesa-em-auto-de-infracao-ambiental"	"Defesa em Auto de Infração Ambiental"	"defesa em auto de infracao ambiental"	"Gera defesa administrativa completa contra autos de infração lavrados por órgãos ambientais (IBAMA, ICMBio, órgãos estaduais do SISNAMA), com impugnação de multas, embargos, interdições e apreensões, fundamentada na Lei 9.605/98, no Decreto 6.514/2008 e nos princípios do processo administrativo (Lei 9.784/99). Use esta skill quando a solicitação envolver Defesa em Auto de Infração Ambiental."	""	""	""	""	""	""	""	""	""	""	""	""	""	""	"areas do direito/Ambiental/ambiental-defesa-em-auto-de-infracao-ambiental/SKILL.md"
"Ambiental"	"ambiental-defesa-em-crime-ambiental"	"Defesa em Crime Ambiental"	"defesa em crime ambiental"	"Gera defesa criminal completa em processos por crimes ambientais previstos na Lei 9.605/98 (crimes contra a fauna, flora, poluição, ordenamento urbano e patrimônio cultural), incluindo resposta à acusação, alegações finais e habeas corpus, explorando atipicidade, excludentes de ilicitude, extinção da punibilidade pela reparação do dano e suspensão condicional do processo. Use esta skill quando a solicitação envolver Defesa em Crime Ambiental."	""	""	""	""	""	""	""	""	""	""	""	""	""	""	"areas do direito/Ambiental/ambiental-defesa-em-crime-ambiental/SKILL.md"
"Ambiental"	"ambiental-defesa-em-processo-administrativo-ambiental-sisnama"	"Defesa em Processo Administrativo Ambiental (SISNAMA)"	"defesa em processo administrativo ambiental sisnama"	"Gera defesa administrativa completa em processos sancionadores instaurados por órgãos do SISNAMA (IBAMA, ICMBio, órgãos estaduais como CETESB, INEA, FEPAM, IAT, SEMA etc. e órgãos municipais), em qualquer fase — defesa prévia, alegações finais, recurso hierárquico — impugnando as infrações descritas com base na Lei 9.605/98, Decreto 6.514/2008, Lei 6.938/81, Lei 9.784/99 e CF/88. Use esta skill quando a solicitação envolver Defesa em Processo Administrativo Ambiental (SISNAMA)."	""	""	""	""	""	""	""	""	""	""	""	""	""	""	"areas do direito/Ambiental/ambiental-defesa-em-processo-administrativo-ambiental-sisnama/SKILL.md"
"Ambiental"	"ambiental-licenca-de-operacao-corretiva-e-regulari-eb61aa46"	"Licença de Operação Corretiva e Regularização Ambiental"	"licenca de operacao corretiva e regulari eb61aa46"	"Gera requerimento de licença de operação corretiva (LOC) e peças de regularização ambiental para empreendimentos e atividades que operam sem licença ou com licença vencida, com base na Resolução CONAMA 237/97, na Lei 6.938/81 e nas normas estaduais de regularização ambiental, incluindo estratégia para regularização do passivo e suspensão de sanções durante o processo. Use esta skill quando a solicitação envolver Licença de Operação Corretiva e Regularização Ambiental."	""	""	""	""	""	""	""	""	""	""	""	""	""	""	"areas do direito/Ambiental/ambiental-licenca-de-operacao-corretiva-e-regulari-eb61aa46/SKILL.md"
"Ambiental"	"ambiental-licenciamento-ambiental-recurso-e-impugnacao"	"Licenciamento Ambiental — Recurso e Impugnação"	"licenciamento ambiental recurso e impugnacao"	"Gera recursos administrativos contra indeferimento, condicionantes abusivas, exigências ilegais e revogação de licenças ambientais (LP, LI, LO), com base na Resolução CONAMA 237/97, na Lei 6.938/81 (PNMA), na LC 140/2011 (competências do licenciamento) e na Lei 9.784/99 (processo administrativo federal). Use esta skill quando a solicitação envolver Licenciamento Ambiental — Recurso e Impugnação."	""	""	""	""	""	""	""	""	""	""	""	""	""	""	"areas do direito/Ambiental/ambiental-licenciamento-ambiental-recurso-e-impugnacao/SKILL.md"
"Ambiental"	"ambiental-mandado-de-seguranca-contra-licenca-ambiental"	"Mandado de Segurança contra Licença Ambiental"	"mandado de seguranca contra licenca ambiental"	"Gera petição inicial de Mandado de Segurança para atacar ato de autoridade ambiental relacionado a licença ambiental — seja para anular licença concedida ilegalmente a terceiro (MS de terceiro prejudicado), seja para compelir o órgão a conceder licença indevidamente negada (MS do empreendedor). Fundamentado na Lei 12.016/2009, CF/88 art. 5º, LXIX, Lei 6.938/81, Res. CONAMA 237/97 e Lei 9.605/98. Use esta skill quando a solicitação envolver Mandado de Segurança contra Licença Ambiental."	""	""	""	""	""	""	""	""	""	""	""	""	""	""	"areas do direito/Ambiental/ambiental-mandado-de-seguranca-contra-licenca-ambiental/SKILL.md"
"Ambiental"	"ambiental-recurso-administrativo-contra-auto-de-in-7ee25742"	"Recurso Administrativo contra Auto de Infração do IBAMA"	"recurso administrativo contra auto de in 7ee25742"	"Gera recurso administrativo completo em segunda instância contra decisão que manteve (total ou parcialmente) auto de infração ambiental lavrado pelo IBAMA, dirigido ao IBAMA/DIINF ou à Câmara de Recursos do IBAMA (CRAMP), com impugnação da fundamentação da decisão recorrida, reapresentação das teses de defesa e pedido de reforma ou anulação, fundamentado no Decreto 6.514/2008, na Lei 9.605/98 e na Lei 9.784/99. Use esta skill quando a solicitação envolver Recurso Administrativo contra Auto de Infração do IBAMA."	""	""	""	""	""	""	""	""	""	""	""	""	""	""	"areas do direito/Ambiental/ambiental-recurso-administrativo-contra-auto-de-in-7ee25742/SKILL.md"
"Ambiental"	"ambiental-termo-de-ajustamento-de-conduta-ambiental-tac"	"Termo de Ajustamento de Conduta Ambiental (TAC)"	"termo de ajustamento de conduta ambiental tac"	"Gera minuta de Termo de Ajustamento de Conduta (TAC) ambiental, instrumento extrajudicial firmado entre o infrator e o órgão ambiental ou Ministério Público para regularização de danos e adequação à legislação, com base no art. 79-A da Lei 9.605/98 e na Lei 7.347/85 (art. 5º, §6º). Use esta skill quando a solicitação envolver Termo de Ajustamento de Conduta Ambiental (TAC)."	""	""	""	""	""	""	""	""	""	""	""	""	""	""	"areas do direito/Ambiental/ambiental-termo-de-ajustamento-de-conduta-ambiental-tac/SKILL.md"
"Bancário"	"bancario-acao-contra-banco-por-fraude-em-conta-tra-df694da1"	"Ação contra Banco por Fraude em Conta (Transferência Não Autorizada)"	"acao contra banco por fraude em conta tra df694da1"	"Gera petição inicial de ação de indenização e restituição contra instituição financeira por transferências não autorizadas realizadas por fraudadores (estelionato, phishing, SIM swap, golpe do falso banco, acesso indevido ao aplicativo), com pedido de devolução dos valores e reparação por danos morais, fundamentada na responsabilidade objetiva do banco como fornecedor de serviço. Use esta skill quando a solicitação envolver Ação contra Banco por Fraude em Conta (Transferência Não Autorizada)."	""	""	""	""	""	""	""	""	""	""	""	""	""	""	"areas do direito/Bancário/bancario-acao-contra-banco-por-fraude-em-conta-tra-df694da1/SKILL.md"
"Bancário"	"bancario-acao-de-indenizacao-por-abertura-indevida-1df86da5"	"Ação de Indenização por Abertura Indevida de Conta (Conta Fantasma)"	"acao de indenizacao por abertura indevida 1df86da5"	"Gera petição inicial de ação de indenização por danos morais e materiais contra instituição financeira que abriu conta bancária em nome do consumidor sem seu conhecimento ou consentimento, com pedido de encerramento imediato da conta, exclusão de débitos gerados em seu nome e reparação pelos prejuízos causados, fundamentada na responsabilidade objetiva do banco e na LGPD. Use esta skill quando a solicitação envolver Ação de Indenização por Abertura Indevida de Conta (Conta Fantasma)."	""	""	""	""	""	""	""	""	""	""	""	""	""	""	"areas do direito/Bancário/bancario-acao-de-indenizacao-por-abertura-indevida-1df86da5/SKILL.md"
"Bancário"	"bancario-acao-de-indenizacao-por-inscricao-indevid-946f823e"	"Ação de Indenização por Inscrição Indevida no SCR (Banco Central)"	"acao de indenizacao por inscricao indevid 946f823e"	"Gera petição inicial de ação de indenização por danos morais e materiais decorrentes de inscrição indevida no Sistema de Informações de Crédito (SCR) do Banco Central do Brasil, com pedido de retificação dos dados e reparação pelos prejuízos causados ao consumidor no acesso ao crédito e nas relações comerciais. Use esta skill quando a solicitação envolver Ação de Indenização por Inscrição Indevida no SCR (Banco Central)."	""	""	""	""	""	""	""	""	""	""	""	""	""	""	"areas do direito/Bancário/bancario-acao-de-indenizacao-por-inscricao-indevid-946f823e/SKILL.md"
"Bancário"	"bancario-acao-de-revisao-de-contrato-de-credito-im-2c1c02d0"	"Ação de Revisão de Contrato de Crédito Imobiliário (FGTS/SFH)"	"acao de revisao de contrato de credito im 2c1c02d0"	"Gera petição inicial de ação revisional de contrato de financiamento imobiliário vinculado ao Sistema Financeiro da Habitação (SFH) ou com utilização de FGTS, com pedido de revisão de cláusulas abusivas, recálculo das prestações, devolução de valores pagos a maior e eventual afastamento de encargos ilegais incidentes sobre o saldo devedor. Use esta skill quando a solicitação envolver Ação de Revisão de Contrato de Crédito Imobiliário (FGTS/SFH)."	""	""	""	""	""	""	""	""	""	""	""	""	""	""	"areas do direito/Bancário/bancario-acao-de-revisao-de-contrato-de-credito-im-2c1c02d0/SKILL.md"
"Bancário"	"bancario-acao-revisional-de-contrato-bancario"	"Ação Revisional de Contrato Bancário"	"acao revisional de contrato bancario"	"Gera petição inicial de ação revisional de contrato bancário para rediscutir encargos abusivos, taxa de juros, capitalização irregular, tarifas indevidas e cláusulas leoninas em contratos de empréstimo, financiamento, cartão de crédito e leasing, com pedido de revisão e devolução de valores pagos a maior. Use esta skill quando a solicitação envolver Ação Revisional de Contrato Bancário."	""	""	""	""	""	""	""	""	""	""	""	""	""	""	"areas do direito/Bancário/bancario-acao-revisional-de-contrato-bancario/SKILL.md"
"Bancário"	"bancario-consignacao-e-purgacao-da-mora"	"Consignação e Purgação da Mora"	"consignacao e purgacao da mora"	"Gera petição de ação de consignação em pagamento ou petição de purgação da mora em ação de busca e apreensão, para situações em que o banco recusa o recebimento do pagamento ou o devedor precisa depositar o valor em juízo para afastar a inadimplência e evitar a perda do bem. Use esta skill quando a solicitação envolver Consignação e Purgação da Mora."	""	""	""	""	""	""	""	""	""	""	""	""	""	""	"areas do direito/Bancário/bancario-consignacao-e-purgacao-da-mora/SKILL.md"
"Bancário"	"bancario-contestacao-de-acao-monitoria-bancaria"	"Contestação de Ação Monitória Bancária"	"contestacao de acao monitoria bancaria"	"Gera embargos monitórios em ação monitória ajuizada por banco ou instituição financeira, com defesas processuais (nulidade do título, prescrição, ilegitimidade) e de mérito (abusividade contratual, excesso de cobrança, pagamento, novação), dentro do prazo de 15 dias previsto no art. 702 do CPC. Use esta skill quando a solicitação envolver Contestação de Ação Monitória Bancária."	""	""	""	""	""	""	""	""	""	""	""	""	""	""	"areas do direito/Bancário/bancario-contestacao-de-acao-monitoria-bancaria/SKILL.md"
"Bancário"	"bancario-contestacao-de-busca-e-apreensao"	"Contestação de Busca e Apreensão"	"contestacao de busca e apreensao"	"Gera contestação completa em ação de busca e apreensão de bem alienado fiduciariamente (Decreto-Lei 911/1969), com defesas processuais, arguição de irregularidades na notificação, revisão de contrato e pedido de emenda da mora, além de eventuais reconvenções. Use esta skill quando a solicitação envolver Contestação de Busca e Apreensão."	""	""	""	""	""	""	""	""	""	""	""	""	""	""	"areas do direito/Bancário/bancario-contestacao-de-busca-e-apreensao/SKILL.md"
"Bancário"	"bancario-defesa-em-execucao-com-alienacao-fiduciaria"	"Defesa em Execução com Alienação Fiduciária"	"defesa em execucao com alienacao fiduciaria"	"Gera embargos à execução ou impugnação ao cumprimento de sentença em processos executivos bancários com garantia de alienação fiduciária, explorando excesso de execução, nulidades, abusividades contratuais e o direito à purga da mora antes da consolidação da propriedade. Use esta skill quando a solicitação envolver Defesa em Execução com Alienação Fiduciária."	""	""	""	""	""	""	""	""	""	""	""	""	""	""	"areas do direito/Bancário/bancario-defesa-em-execucao-com-alienacao-fiduciaria/SKILL.md"
"Bancário"	"bancario-indenizacao-por-inscricao-indevida-em-cad-103f3adb"	"Indenização por Inscrição Indevida em Cadastros de Inadimplentes"	"indenizacao por inscricao indevida em cad 103f3adb"	"Gera petição inicial de ação de indenização por danos morais (e materiais, quando aplicável) decorrentes de inscrição indevida do nome do cliente em cadastros de proteção ao crédito (SPC, Serasa, SCPC), com pedido de retirada imediata via tutela antecipada e reparação pelos danos causados. Use esta skill quando a solicitação envolver Indenização por Inscrição Indevida em Cadastros de Inadimplentes."	""	""	""	""	""	""	""	""	""	""	""	""	""	""	"areas do direito/Bancário/bancario-indenizacao-por-inscricao-indevida-em-cad-103f3adb/SKILL.md"
"Bancário"	"bancario-medida-cautelar-de-bloqueio-de-transacao-suspeita"	"Medida Cautelar de Bloqueio de Transação Suspeita"	"medida cautelar de bloqueio de transacao suspeita"	"Gera petição de medida cautelar antecedente (ou tutela de urgência incidental) para bloqueio judicial de valores envolvidos em transação bancária suspeita ou fraudulenta, com pedido de indisponibilidade das contas de destino via SISBAJUD, visando preservar o patrimônio do cliente enquanto tramita a ação principal de restituição. Use esta skill quando a solicitação envolver Medida Cautelar de Bloqueio de Transação Suspeita."	""	""	""	""	""	""	""	""	""	""	""	""	""	""	"areas do direito/Bancário/bancario-medida-cautelar-de-bloqueio-de-transacao-suspeita/SKILL.md"
"Bancário"	"bancario-recurso-ao-banco-central-reclamacao-formal"	"Recurso ao Banco Central (Reclamação Formal)"	"recurso ao banco central reclamacao formal"	"Gera peça formal de reclamação administrativa dirigida ao Banco Central do Brasil (BCB) contra instituição financeira por descumprimento de normas prudenciais, cobranças abusivas, falhas no atendimento ou violação de regulamentação bancária, com estrutura adequada ao canal oficial do Consumidor.gov.br e ao Serviço de Atendimento ao Consumidor do BCB. Use esta skill quando a solicitação envolver Recurso ao Banco Central (Reclamação Formal)."	""	""	""	""	""	""	""	""	""	""	""	""	""	""	"areas do direito/Bancário/bancario-recurso-ao-banco-central-reclamacao-formal/SKILL.md"
"Bancário"	"bancario-renegociacao-extrajudicial-de-divida-bancaria"	"Renegociação Extrajudicial de Dívida Bancária"	"renegociacao extrajudicial de divida bancaria"	"Gera carta de proposta de renegociação extrajudicial de dívida bancária, com análise da situação financeira do cliente, proposta de pagamento viável, fundamentação legal para desconto e argumentação estratégica para maximizar as concessões do banco (desconto de juros, parcelamento, carência). Use esta skill quando a solicitação envolver Renegociação Extrajudicial de Dívida Bancária."	""	""	""	""	""	""	""	""	""	""	""	""	""	""	"areas do direito/Bancário/bancario-renegociacao-extrajudicial-de-divida-bancaria/SKILL.md"
"Bancário"	"bancario-repeticao-de-indebito-bancario"	"Repetição de Indébito Bancário"	"repeticao de indebito bancario"	"Gera petição inicial de ação de repetição de indébito para devolução de valores cobrados indevidamente por instituições financeiras, incluindo tarifas ilegais, juros abusivos, seguros não contratados e encargos irregulares, com pedido de devolução simples ou em dobro conforme o CDC. Use esta skill quando a solicitação envolver Repetição de Indébito Bancário."	""	""	""	""	""	""	""	""	""	""	""	""	""	""	"areas do direito/Bancário/bancario-repeticao-de-indebito-bancario/SKILL.md"
"Consumidor"	"consumidor-acao-coletiva-consumerista"	"Ação Coletiva Consumerista"	"acao coletiva consumerista"	"Gera petição inicial para ação coletiva consumerista (ação civil pública ou ação coletiva lato sensu), visando à tutela de direitos difusos, coletivos stricto sensu ou individuais homogêneos de consumidores, com base no CDC (arts. 81 a 104), na Lei de Ação Civil Pública (Lei 7.347/85) e no Código de Processo Civil. Abrange pedidos de obrigação de fazer/não fazer, indenização coletiva e liquidação individual de danos. Use esta skill quando a solicitação envolver Ação Coletiva Consumerista."	""	""	""	""	""	""	""	""	""	""	""	""	""	""	"areas do direito/Consumidor/consumidor-acao-coletiva-consumerista/SKILL.md"
"Consumidor"	"consumidor-acordo-em-acao-consumerista"	"Acordo em Ação Consumerista"	"acordo em acao consumerista"	"Redige um termo de acordo judicial ou extrajudicial completo em ação consumerista, com composição detalhada de danos materiais e morais, obrigações de fazer/não fazer, forma de pagamento, cláusula penal e quitação. Funciona tanto para acordo em audiência de conciliação quanto para acordo extrajudicial homologável. Use esta skill quando a solicitação envolver Acordo em Ação Consumerista."	""	""	""	""	""	""	""	""	""	""	""	""	""	""	"areas do direito/Consumidor/consumidor-acordo-em-acao-consumerista/SKILL.md"
"Consumidor"	"consumidor-arrependimento-em-compra-online-e-fora-370c781a"	"Arrependimento em Compra Online e Fora do Estabelecimento"	"arrependimento em compra online e fora 370c781a"	"Gera notificação extrajudicial de arrependimento e/ou petição inicial para ação de obrigação de fazer c/c restituição e danos, com base no art. 49 do CDC (direito de arrependimento em 7 dias nas compras realizadas fora do estabelecimento comercial — internet, telefone, catálogo, domicílio). Abrange recusa do fornecedor, cobrança indevida de frete no retorno e dificuldades no exercício do direito. Use esta skill quando a solicitação envolver Arrependimento em Compra Online e Fora do Estabelecimento."	""	""	""	""	""	""	""	""	""	""	""	""	""	""	"areas do direito/Consumidor/consumidor-arrependimento-em-compra-online-e-fora-370c781a/SKILL.md"
"Consumidor"	"consumidor-banco-tarifas-indevidas-e-juros-abusivos"	"Banco — Tarifas Indevidas e Juros Abusivos"	"banco tarifas indevidas e juros abusivos"	"Gera petição inicial para ação revisional de contrato bancário com pedido de declaração de nulidade de tarifas indevidas, revisão de juros abusivos, restituição de valores cobrados a maior e compensação com o saldo devedor. Fundamentada no CDC, no Código Civil, nas Resoluções do BACEN e na jurisprudência consolidada do STJ (Súmulas 296, 539, 541 e 566). Use esta skill quando a solicitação envolver Banco — Tarifas Indevidas e Juros Abusivos."	""	""	""	""	""	""	""	""	""	""	""	""	""	""	"areas do direito/Consumidor/consumidor-banco-tarifas-indevidas-e-juros-abusivos/SKILL.md"
"Consumidor"	"consumidor-contestacao-em-acao-consumerista"	"Contestação em Ação Consumerista"	"contestacao em acao consumerista"	"Redige uma contestação completa para defesa do fornecedor em ação consumerista, com preliminares processuais, excludentes de responsabilidade (art. 12, §3º e art. 14, §3º do CDC), impugnação de danos e pedidos, fundamentação no CDC, CC e jurisprudência do STJ. Abrange vícios, defeitos, cobrança indevida e negativação. Use esta skill quando a solicitação envolver Contestação em Ação Consumerista."	""	""	""	""	""	""	""	""	""	""	""	""	""	""	"areas do direito/Consumidor/consumidor-contestacao-em-acao-consumerista/SKILL.md"
"Consumidor"	"consumidor-defesa-em-processo-administrativo-no-procon"	"Defesa em Processo Administrativo no PROCON"	"defesa em processo administrativo no procon"	"Gera defesa administrativa de fornecedor autuado em processo administrativo no PROCON, com arguição de nulidades, contestação dos fatos imputados, apresentação de documentos e pedido de arquivamento ou redução da penalidade, fundamentada no CDC (arts. 55 a 60), no Decreto 2.181/1997 (SNDC), na Lei 9.784/1999 (processo administrativo federal) e nas legislações estaduais de defesa do consumidor. Use esta skill quando a solicitação envolver Defesa em Processo Administrativo no PROCON."	""	""	""	""	""	""	""	""	""	""	""	""	""	""	"areas do direito/Consumidor/consumidor-defesa-em-processo-administrativo-no-procon/SKILL.md"
"Consumidor"	"consumidor-desconsideracao-da-personalidade-juridica-no-cdc"	"Desconsideração da Personalidade Jurídica no CDC"	"desconsideracao da personalidade juridica no cdc"	"Gera incidente de desconsideração da personalidade jurídica (IDPJ) ou requerimento na petição inicial, com base na teoria menor adotada pelo CDC (art. 28, § 5º), que permite atingir o patrimônio dos sócios sempre que a personalidade jurídica for obstáculo ao ressarcimento do consumidor, independentemente de abuso, fraude ou confusão patrimonial. Use esta skill quando a solicitação envolver Desconsideração da Personalidade Jurídica no CDC."	""	""	""	""	""	""	""	""	""	""	""	""	""	""	"areas do direito/Consumidor/consumidor-desconsideracao-da-personalidade-juridica-no-cdc/SKILL.md"
"Consumidor"	"consumidor-mandado-de-seguranca-para-tratamento-de-74176d53"	"Mandado de Segurança para Tratamento de Saúde (Plano ou SUS)"	"mandado de seguranca para tratamento de 74176d53"	"Gera petição inicial de mandado de segurança para garantir direito líquido e certo a tratamento, medicamento, cirurgia ou insumo de saúde negado por plano de saúde (com pedido liminar contra a operadora) ou pelo poder público/SUS (contra autoridade coatora), fundamentada na Lei 12.016/2009, no CDC (quando plano de saúde), na Lei 9.656/1998 (planos de saúde) e no art. 196 da CF/88 (saúde como direito de todos). Use esta skill quando a solicitação envolver Mandado de Segurança para Tratamento de Saúde (Plano ou SUS)."	""	""	""	""	""	""	""	""	""	""	""	""	""	""	"areas do direito/Consumidor/consumidor-mandado-de-seguranca-para-tratamento-de-74176d53/SKILL.md"
"Consumidor"	"consumidor-negativacao-indevida-em-cadastros-de-pr-4b083958"	"Negativação Indevida em Cadastros de Proteção ao Crédito"	"negativacao indevida em cadastros de pr 4b083958"	"Gera petição inicial completa para ação declaratória de inexistência de débito cumulada com indenização por danos morais e pedido de tutela de urgência para exclusão imediata de inscrição indevida em cadastros restritivos (SPC, Serasa, SCPC e similares). Fundamentada nos arts. 43 e 6º, VI, do CDC e na jurisprudência consolidada do STJ sobre dano moral in re ipsa. Use esta skill quando a solicitação envolver Negativação Indevida em Cadastros de Proteção ao Crédito."	""	""	""	""	""	""	""	""	""	""	""	""	""	""	"areas do direito/Consumidor/consumidor-negativacao-indevida-em-cadastros-de-pr-4b083958/SKILL.md"
"Consumidor"	"consumidor-notificacao-extrajudicial-consumerista"	"Notificação Extrajudicial Consumerista"	"notificacao extrajudicial consumerista"	"Redige notificação extrajudicial completa em relações de consumo, com identificação das partes, exposição dos fatos, fundamentação no CDC (Lei 8.078/90) e legislação correlata, constituição em mora, prazo para resposta e advertência de providências judiciais. Abrange recall de produtos (art. 10, §1º, CDC), vício do produto ou serviço (arts. 18-20 CDC), cobrança indevida (art. 42 CDC), negativação indevida (art. 43 CDC), descumprimento de oferta (art. 35 CDC) e práticas abusivas (art. 39 CDC). Use esta skill quando a solicitação envolver Notificação Extrajudicial Consumerista."	""	""	""	""	""	""	""	""	""	""	""	""	""	""	"areas do direito/Consumidor/consumidor-notificacao-extrajudicial-consumerista/SKILL.md"
"Consumidor"	"consumidor-parecer-de-direito-do-consumidor"	"Parecer de Direito do Consumidor"	"parecer de direito do consumidor"	"Elabora parecer jurídico completo em Direito do Consumidor, com análise técnica aprofundada de questões de compliance consumerista, responsabilidade civil do fornecedor, gestão de risco em relações de consumo, adequação de práticas comerciais ao CDC e jurisprudência dominante do STJ. Funciona como opinião jurídica fundamentada para tomada de decisão empresarial, assessoria preventiva ou defesa de posição institucional. Use esta skill quando a solicitação envolver Parecer de Direito do Consumidor."	""	""	""	""	""	""	""	""	""	""	""	""	""	""	"areas do direito/Consumidor/consumidor-parecer-de-direito-do-consumidor/SKILL.md"
"Consumidor"	"consumidor-peticao-inicial-consumerista"	"Petição Inicial Consumerista"	"peticao inicial consumerista"	"Gera uma petição inicial consumerista completa e fundamentada, com qualificação das partes, narrativa fática persuasiva, fundamentação no CDC (Lei 8.078/90) e legislação correlata, pedidos de danos materiais e morais, inversão do ônus da prova e requerimentos finais. Abrange vícios do produto/serviço, falha na prestação, cobrança indevida e negativação indevida. Use esta skill quando a solicitação envolver Petição Inicial Consumerista."	""	""	""	""	""	""	""	""	""	""	""	""	""	""	"areas do direito/Consumidor/consumidor-peticao-inicial-consumerista/SKILL.md"
"Consumidor"	"consumidor-plano-de-saude-negativa-de-cobertura"	"Plano de Saúde — Negativa de Cobertura"	"plano de saude negativa de cobertura"	"Gera petição inicial completa para ação consumerista contra operadora de plano de saúde que negou cobertura de procedimento, exame, internação, medicamento ou tratamento prescrito por médico. Fundamentada no CDC, na Lei 9.656/98 (Lei dos Planos de Saúde), nas Resoluções Normativas da ANS e na jurisprudência consolidada do STJ. Use esta skill quando a solicitação envolver Plano de Saúde — Negativa de Cobertura."	""	""	""	""	""	""	""	""	""	""	""	""	""	""	"areas do direito/Consumidor/consumidor-plano-de-saude-negativa-de-cobertura/SKILL.md"
"Consumidor"	"consumidor-publicidade-enganosa-ou-abusiva"	"Publicidade Enganosa ou Abusiva"	"publicidade enganosa ou abusiva"	"Gera petição inicial para ação consumerista fundada em publicidade enganosa (art. 37, § 1º, CDC) ou abusiva (art. 37, § 2º, CDC), com pedido de cumprimento forçado da oferta, indenização por danos materiais e morais, e eventual ação coletiva para cessação da prática. Fundamentada nos arts. 30, 35 e 37 do CDC e no Código Brasileiro de Autorregulamentação Publicitária (CONAR), quando aplicável. Use esta skill quando a solicitação envolver Publicidade Enganosa ou Abusiva."	""	""	""	""	""	""	""	""	""	""	""	""	""	""	"areas do direito/Consumidor/consumidor-publicidade-enganosa-ou-abusiva/SKILL.md"
"Consumidor"	"consumidor-recall-de-produto-e-responsabilidade-pe-b1a5d244"	"Recall de Produto e Responsabilidade pelo Fato do Produto"	"recall de produto e responsabilidade pe b1a5d244"	"Gera petição inicial de ação de responsabilidade pelo fato do produto (acidente de consumo), com pedido de indenização por danos materiais, morais e estéticos decorrentes de defeito de produto, fundamentada nos arts. 12, 13, 14 e 27 do CDC, incluindo situações de recall não comunicado ou produto recolhido que já causou dano ao consumidor. Use esta skill quando a solicitação envolver Recall de Produto e Responsabilidade pelo Fato do Produto."	""	""	""	""	""	""	""	""	""	""	""	""	""	""	"areas do direito/Consumidor/consumidor-recall-de-produto-e-responsabilidade-pe-b1a5d244/SKILL.md"
"Consumidor"	"consumidor-recurso-inominado-apelacao-consumerista"	"Recurso Inominado / Apelação Consumerista"	"recurso inominado apelacao consumerista"	"Redige recurso inominado (Juizado Especial Cível — art. 41 da Lei 9.099/95) ou apelação cível (art. 1.009 do CPC/2015) em ações de Direito do Consumidor, com impugnação específica dos fundamentos da sentença, demonstração de erro de julgamento (error in judicando) ou de procedimento (error in procedendo), fundamentação no CDC, CC, CPC e jurisprudência do STJ, pedido de reforma total ou parcial da decisão. Abrange vícios, defeitos, cobrança indevida, negativação, danos materiais e morais. Use esta skill quando a solicitação envolver Recurso Inominado / Apelação Consumerista."	""	""	""	""	""	""	""	""	""	""	""	""	""	""	"areas do direito/Consumidor/consumidor-recurso-inominado-apelacao-consumerista/SKILL.md"
"Consumidor"	"consumidor-revisao-de-clausulas-contratuais-abusivas"	"Revisão de Cláusulas Contratuais Abusivas"	"revisao de clausulas contratuais abusivas"	"Gera petição inicial para ação revisional de contrato de consumo com pedido de declaração de nulidade de cláusulas abusivas, restituição de valores pagos indevidamente e indenização por danos, com base nos arts. 51 e 6º, V, do CDC. Abrange contratos de adesão de serviços, financiamentos, planos de saúde, seguros, telefonia e outros. Use esta skill quando a solicitação envolver Revisão de Cláusulas Contratuais Abusivas."	""	""	""	""	""	""	""	""	""	""	""	""	""	""	"areas do direito/Consumidor/consumidor-revisao-de-clausulas-contratuais-abusivas/SKILL.md"
"Consumidor"	"consumidor-superendividamento-do-consumidor"	"Superendividamento do Consumidor"	"superendividamento do consumidor"	"Gera petição de instauração do processo de repactuação de dívidas ou ação judicial de superendividamento, com base na Lei 14.181/2021 (que incluiu os arts. 54-A a 54-G no CDC), visando à proteção do mínimo existencial e à reestruturação consensual ou judicial das dívidas do consumidor pessoa física de boa-fé. Use esta skill quando a solicitação envolver Superendividamento do Consumidor."	""	""	""	""	""	""	""	""	""	""	""	""	""	""	"areas do direito/Consumidor/consumidor-superendividamento-do-consumidor/SKILL.md"
"Consumidor"	"consumidor-vicio-de-produto-ou-servico"	"Vício de Produto ou Serviço"	"vicio de produto ou servico"	"Gera petição inicial completa para ações fundadas em vício do produto (art. 18 CDC) ou vício do serviço (art. 20 CDC), cobrindo troca, restituição, abatimento proporcional do preço e indenização por danos materiais e morais decorrentes do defeito. Contempla tanto vícios aparentes como vícios ocultos e o prazo decadencial aplicável. Use esta skill quando a solicitação envolver Vício de Produto ou Serviço."	""	""	""	""	""	""	""	""	""	""	""	""	""	""	"areas do direito/Consumidor/consumidor-vicio-de-produto-ou-servico/SKILL.md"
"Contratos"	"contratos-aditivo-contratual"	"Aditivo Contratual"	"aditivo contratual"	"Elabora termos aditivos para alteração de cláusulas de contratos vigentes, incluindo mudanças de prazo, valor, escopo, obrigações ou qualquer outra condição contratual, mantendo a validade do contrato original e fundamentando juridicamente cada modificação. Use esta skill quando a solicitação envolver Aditivo Contratual."	""	""	""	""	""	""	""	""	""	""	""	""	""	""	"areas do direito/Contratos/contratos-aditivo-contratual/SKILL.md"
"Contratos"	"contratos-analise-e-auditoria-de-contrato"	"Análise e Auditoria de Contrato"	"analise e auditoria de contrato"	"Realiza uma análise completa de contrato cláusula por cláusula, identificando riscos jurídicos, cláusulas abusivas, lacunas de proteção e pontos de melhoria, com score de risco e recomendações práticas de alteração. Use esta skill quando a solicitação envolver Análise e Auditoria de Contrato. Contextos: - Antes de assinar um contrato recebido da outra parte - Para auditar contratos já vigentes do escritório ou do cliente - Quando o cliente recebe uma minuta e quer saber se é seguro assinar - Para identificar cláusulas abusivas em contratos de adesão - Para preparar uma contraproposta fundamentada em cima de riscos identificados"	""	""	""	""	""	""	""	""	""	""	""	""	""	""	"areas do direito/Contratos/contratos-analise-e-auditoria-de-contrato/SKILL.md"
"Contratos"	"contratos-cessao-de-direitos"	"Cessao de Direitos"	"cessao de direitos"	"Elabora instrumentos de cessao de direitos completos, abrangendo cessao de creditos (arts. 286-298 CC), cessao de direitos autorais (Lei 9.610/1998), cessao de direitos sobre marcas e patentes (Lei 9.279/1996), cessao de direitos sobre software (Lei 9.609/1998) e cessao de posicao contratual. Distingue cessao (transferencia definitiva) de licenca (transferencia temporaria de uso) e de sub-rogacao. Aplica o framework P.A.C.E.F para estruturar o objeto, o preco, as garantias, os direitos morais irrenunciaveis e as formalidades necessarias (registro no INPI, averbacao, etc.). Use esta skill quando a solicitação envolver Cessao de Direitos."	""	""	""	""	""	""	""	""	""	""	""	""	""	""	"areas do direito/Contratos/contratos-cessao-de-direitos/SKILL.md"
"Contratos"	"contratos-clausula-penal-elaboracao-e-revisao"	"Cláusula Penal — Elaboração e Revisão"	"clausula penal elaboracao e revisao"	"Elabora ou revisa cláusulas penais (multa contratual) para qualquer tipo de contrato, verificando a adequação ao Código Civil, os limites legais, a função compensatória ou moratória, e redigindo a cláusula com precisão técnica para evitar questionamentos judiciais. Use esta skill quando a solicitação envolver Cláusula Penal — Elaboração e Revisão."	""	""	""	""	""	""	""	""	""	""	""	""	""	""	"areas do direito/Contratos/contratos-clausula-penal-elaboracao-e-revisao/SKILL.md"
"Contratos"	"contratos-contrato-de-agencia-e-distribuicao"	"Contrato de Agencia e Distribuicao"	"contrato de agencia e distribuicao"	"Elabora contratos de agencia e distribuicao fundamentados nos arts. 710-721 do Codigo Civil, que introduziram no direito brasileiro os contratos tipicos de agencia (agenciamento) e distribuicao. Distingue claramente agencia (o agente agencia negocios em nome do proponente, sem adquirir a mercadoria) de distribuicao (o distribuidor adquire os produtos e revende por conta propria), estruturando clausulas de exclusividade, remuneracao, indenizacao por rescisao e clientela. Aplica o framework P.A.C.E.F para garantir conformidade legal e protecao adequada das partes. Use esta skill quando a solicitação envolver Contrato de Agencia e Distribuicao."	""	""	""	""	""	""	""	""	""	""	""	""	""	""	"areas do direito/Contratos/contratos-contrato-de-agencia-e-distribuicao/SKILL.md"
"Contratos"	"contratos-contrato-de-comodato"	"Contrato de Comodato"	"contrato de comodato"	"Elabora contrato de comodato (empréstimo gratuito de bem infungível) completo, com identificação precisa do bem cedido, prazo, obrigações do comodatário, responsabilidade por danos e perda, hipóteses de devolução antecipada e encargos. Use esta skill quando a solicitação envolver Contrato de Comodato."	""	""	""	""	""	""	""	""	""	""	""	""	""	""	"areas do direito/Contratos/contratos-contrato-de-comodato/SKILL.md"
"Contratos"	"contratos-contrato-de-compra-e-venda-empresarial"	"Contrato de Compra e Venda Empresarial"	"contrato de compra e venda empresarial"	"Elabora contrato de compra e venda empresarial completo para operações B2B — compra de mercadorias, produtos, ativos empresariais ou participação societária — com cláusulas de garantia, condições de pagamento, transferência de propriedade, risco, vícios redibitórios, entrega e resolução de conflitos. Use esta skill quando a solicitação envolver Contrato de Compra e Venda Empresarial."	""	""	""	""	""	""	""	""	""	""	""	""	""	""	"areas do direito/Contratos/contratos-contrato-de-compra-e-venda-empresarial/SKILL.md"
"Contratos"	"contratos-contrato-de-franquia-e-circular-de-oferta-de-franquia"	"Contrato de Franquia e Circular de Oferta de Franquia (COF)"	"contrato de franquia e circular de oferta de franquia"	"Elabora a Circular de Oferta de Franquia (COF) e o Contrato de Franquia conforme a Lei 13.966/2019 (Lei de Franquias), que revogou a Lei 8.955/1994. Estrutura os documentos com todos os requisitos legais obrigatorios da COF (art. 2o Lei 13.966/2019), incluindo historico do franqueador, descricao do negocio, taxas, territorio, suporte, treinamento, indicadores financeiros e prazo para analise (10 dias antes da assinatura ou pagamento, art. 4o). Aplica o framework P.A.C.E.F para garantir conformidade legal e protecao de ambas as partes. Use esta skill quando a solicitação envolver Contrato de Franquia e Circular de Oferta de Franquia (COF)."	""	""	""	""	""	""	""	""	""	""	""	""	""	""	"areas do direito/Contratos/contratos-contrato-de-franquia-e-circular-de-oferta-de-franquia/SKILL.md"
"Contratos"	"contratos-contrato-de-licenca-de-software-e-saas"	"Contrato de Licenca de Software e SaaS"	"contrato de licenca de software e saas"	"Elabora contratos de licenciamento de software (on-premise ou SaaS) fundamentados na Lei 9.609/1998 (Lei do Software), Lei 9.610/1998 (Lei de Direitos Autorais) e LGPD, estruturando clausulas de licenca de uso, restricoes de uso, SLA (nivel de servico), privacidade de dados, backups, interrupcao de servico, atualizacoes e encerramento. Distingue software licenciado on-premise de SaaS (acesso via nuvem como servico), com obrigacoes especificas para cada modelo. Aplica o framework P.A.C.E.F para garantir conformidade legal e protecao adequada do fornecedor e do usuario do software. Use esta skill quando a solicitação envolver Contrato de Licenca de Software e SaaS."	""	""	""	""	""	""	""	""	""	""	""	""	""	""	"areas do direito/Contratos/contratos-contrato-de-licenca-de-software-e-saas/SKILL.md"
"Contratos"	"contratos-contrato-de-locacao-comercial"	"Contrato de Locação Comercial"	"contrato de locacao comercial"	"Elabora contrato de locação comercial completo, com todas as cláusulas essenciais e protetoras para locador e locatário — prazo, reajuste, destinação, benfeitorias, garantia locatícia, renovatória, retomada — fundamentado na Lei do Inquilinato (Lei 8.245/91). Use esta skill quando a solicitação envolver Contrato de Locação Comercial."	""	""	""	""	""	""	""	""	""	""	""	""	""	""	"areas do direito/Contratos/contratos-contrato-de-locacao-comercial/SKILL.md"
"Contratos"	"contratos-contrato-de-parceria-e-joint-venture"	"Contrato de Parceria e Joint Venture"	"contrato de parceria e joint venture"	"Elabora contrato de parceria empresarial ou joint venture (JV) completo, estruturando a colaboração entre empresas para um empreendimento comum, com definição de aportes, governança, distribuição de resultados, propriedade intelectual, exclusividade, resolução de conflitos e exit. Use esta skill quando a solicitação envolver Contrato de Parceria e Joint Venture."	""	""	""	""	""	""	""	""	""	""	""	""	""	""	"areas do direito/Contratos/contratos-contrato-de-parceria-e-joint-venture/SKILL.md"
"Contratos"	"contratos-contrato-de-prestacao-de-servicos-pj"	"Contrato de Prestação de Serviços PJ"	"contrato de prestacao de servicos pj"	"Elabora contrato de prestação de serviços entre pessoas jurídicas (PJ-PJ) ou entre pessoa física prestadora de serviço por meio de sua empresa e tomador, com cláusulas que caracterizam a autonomia e independência do prestador, reduzindo o risco de reconhecimento de vínculo empregatício. Use esta skill quando a solicitação envolver Contrato de Prestação de Serviços PJ."	""	""	""	""	""	""	""	""	""	""	""	""	""	""	"areas do direito/Contratos/contratos-contrato-de-prestacao-de-servicos-pj/SKILL.md"
"Contratos"	"contratos-contrato-de-prestacao-de-servicos"	"Contrato de Prestacao de Servicos"	"contrato de prestacao de servicos"	"Elabora contratos de prestacao de servicos completos e personalizados, com fundamentacao nos arts. 593-609 do Codigo Civil (contrato de prestacao de servicos), arts. 421-422 CC (funcao social e boa-fe), observando o limite de prazo de 4 anos (art. 598 CC) e as regras de rescisao e retribuicao (arts. 599-607 CC). Aplica o framework P.A.C.E.F para estruturar objeto, obrigacoes, remuneracao, prazo, penalidades e clausulas de protecao especificas para a relacao de servicos. Use esta skill quando a solicitação envolver Contrato de Prestacao de Servicos."	""	""	""	""	""	""	""	""	""	""	""	""	""	""	"areas do direito/Contratos/contratos-contrato-de-prestacao-de-servicos/SKILL.md"
"Contratos"	"contratos-contrato-de-representacao-comercial"	"Contrato de Representacao Comercial"	"contrato de representacao comercial"	"Elabora contratos de representacao comercial completos, fundamentados na Lei 4.886/1965 (com alteracoes da Lei 8.420/1992) e nos arts. 710-721 do Codigo Civil, que regem especificamente a atividade de agenciamento comercial autonomo. Aplica o framework P.A.C.E.F para estruturar territorio, exclusividade, comissoes, retribuicao minima, indenizacao por rescisao imotivada e demais obrigacoes previstas na legislacao especial. Use esta skill quando a solicitação envolver Contrato de Representacao Comercial."	""	""	""	""	""	""	""	""	""	""	""	""	""	""	"areas do direito/Contratos/contratos-contrato-de-representacao-comercial/SKILL.md"
"Contratos"	"contratos-distrato-e-rescisao-contratual"	"Distrato e Rescisão Contratual"	"distrato e rescisao contratual"	"Elabora termos de distrato e rescisão contratual completos, formalizando o encerramento de relações contratuais de forma segura, com quitação mútua, definição de pendências remanescentes e proteção jurídica para ambas as partes, conforme arts. 472-473 do Código Civil. Use esta skill quando a solicitação envolver Distrato e Rescisão Contratual."	""	""	""	""	""	""	""	""	""	""	""	""	""	""	"areas do direito/Contratos/contratos-distrato-e-rescisao-contratual/SKILL.md"
"Contratos"	"contratos-elaboracao-de-contrato"	"Elaboracao de Contrato"	"elaboracao de contrato"	"Elabora contratos completos e personalizados para qualquer tipo de relacao contratual, com clausulas fundamentadas nos arts. 421-480 do Codigo Civil (contratos em geral), legislacao especifica do tipo contratual (arts. 593-609 para prestacao de servicos, arts. 481-504 para compra e venda, etc.), CDC e LGPD quando aplicavel. Aplica o framework P.A.C.E.F de raciocinio juridico estruturado em 5 etapas. Use esta skill quando a solicitação envolver Elaboracao de Contrato."	""	""	""	""	""	""	""	""	""	""	""	""	""	""	"areas do direito/Contratos/contratos-elaboracao-de-contrato/SKILL.md"
"Contratos"	"contratos-mou-memorando-de-entendimentos"	"MOU — Memorando de Entendimentos"	"mou memorando de entendimentos"	"Elabora Memorando de Entendimentos (MOU — Memorandum of Understanding) completo, definindo o escopo das negociações entre as partes, os termos preliminares acordados, a natureza vinculante ou não de cada cláusula, a confidencialidade e os próximos passos para a formalização do negócio definitivo. Use esta skill quando a solicitação envolver MOU — Memorando de Entendimentos."	""	""	""	""	""	""	""	""	""	""	""	""	""	""	"areas do direito/Contratos/contratos-mou-memorando-de-entendimentos/SKILL.md"
"Contratos"	"contratos-nda-acordo-de-confidencialidade"	"NDA — Acordo de Confidencialidade"	"nda acordo de confidencialidade"	"Elabora acordos de confidencialidade (NDA) completos e personalizados, unilaterais ou bilaterais, com fundamentacao nos arts. 421-422 do Codigo Civil (funcao social e boa-fe objetiva), art. 195 da Lei 9.279/1996 (concorrencia desleal por violacao de segredo industrial) e art. 39 da LGPD (sigilo de dados). Aplica o framework P.A.C.E.F para garantir clausulas que protejam informacoes confidenciais com efetividade juridica, definindo escopo, excecoes, penalidades e prazo de vigencia da confidencialidade. Use esta skill quando a solicitação envolver NDA — Acordo de Confidencialidade."	""	""	""	""	""	""	""	""	""	""	""	""	""	""	"areas do direito/Contratos/contratos-nda-acordo-de-confidencialidade/SKILL.md"
"Contratos"	"contratos-notificacao-de-descumprimento-contratual"	"Notificacao de Descumprimento Contratual"	"notificacao de descumprimento contratual"	"Elabora notificacoes extrajudiciais completas para constituicao em mora e comunicacao formal de descumprimento contratual, com fundamentacao nos arts. 394-405 do Codigo Civil (mora e inadimplemento), arts. 472-475 (distrato e resilicao), arts. 408-416 (clausula penal) e legislacao especifica aplicavel. Aplica o framework P.A.C.E.F de raciocinio juridico estruturado em 5 etapas. Use esta skill quando a solicitação envolver Notificacao de Descumprimento Contratual."	""	""	""	""	""	""	""	""	""	""	""	""	""	""	"areas do direito/Contratos/contratos-notificacao-de-descumprimento-contratual/SKILL.md"
"Contratos"	"contratos-parecer-sobre-contrato"	"Parecer sobre Contrato"	"parecer sobre contrato"	"Elabora pareceres juridicos completos sobre contratos, analisando viabilidade, riscos, clausulas abusivas, omissoes e conformidade legal, com fundamentacao nos arts. 104 e 166-167 (validade dos negocios juridicos), arts. 421-480 (contratos em geral), CDC, LGPD e legislacao setorial aplicavel. Aplica o framework P.A.C.E.F de raciocinio juridico estruturado em 5 etapas. Use esta skill quando a solicitação envolver Parecer sobre Contrato."	""	""	""	""	""	""	""	""	""	""	""	""	""	""	"areas do direito/Contratos/contratos-parecer-sobre-contrato/SKILL.md"
"Contratos"	"contratos-sla-acordo-de-nivel-de-servico"	"SLA — Acordo de Nivel de Servico"	"sla acordo de nivel de servico"	"Elabora Acordos de Nivel de Servico (SLA) completos e juridicamente vinculantes, com fundamentacao nos arts. 421-422 do Codigo Civil (funcao social e boa-fe objetiva) e nos arts. 408-416 CC (clausula penal), estruturando metricas de disponibilidade, suporte, tempo de resposta, resolucao de incidentes, penalidades por descumprimento e procedimentos de escalonamento. O SLA pode ser um documento autonomo ou um anexo tecnico a um contrato de servicos ou SaaS. Aplica o framework P.A.C.E.F para garantir que os niveis de servico sejam mensuráveis, monitoraveis e executaveis juridicamente. Use esta skill quando a solicitação envolver SLA — Acordo de Nivel de Servico."	""	""	""	""	""	""	""	""	""	""	""	""	""	""	"areas do direito/Contratos/contratos-sla-acordo-de-nivel-de-servico/SKILL.md"
"Contratos"	"contratos-termo-de-responsabilidade"	"Termo de Responsabilidade"	"termo de responsabilidade"	"Elabora Termo de Responsabilidade completo para uso corporativo — para bens, equipamentos, acesso a sistemas, dados confidenciais ou uso de veículo — definindo a responsabilidade do signatário pela guarda, uso adequado e devolução do bem ou dado, com previsão de consequências em caso de descumprimento. Use esta skill quando a solicitação envolver Termo de Responsabilidade."	""	""	""	""	""	""	""	""	""	""	""	""	""	""	"areas do direito/Contratos/contratos-termo-de-responsabilidade/SKILL.md"
"Cível"	"civel-acao-de-cobranca"	"Ação de Cobrança"	"acao de cobranca"	"Gera petição inicial de ação de cobrança de dívida líquida, certa e exigível, com fundamento nos arts. 319 a 321 do CPC/2015 e nos arts. 389, 394, 395, 397, 402 e 406 do CC/2002, incluindo juros moratórios, correção monetária, multa contratual e honorários advocatícios. Use esta skill quando a solicitação envolver Ação de Cobrança."	""	""	""	""	""	""	""	""	""	""	""	""	""	""	"areas do direito/Cível/civel-acao-de-cobranca/SKILL.md"
"Cível"	"civel-acao-de-obrigacao-de-fazer-ou-nao-fazer"	"Ação de Obrigação de Fazer ou Não Fazer"	"acao de obrigacao de fazer ou nao fazer"	"Gera petição inicial de ação de obrigação de fazer ou não fazer, com fundamento nos arts. 497-501 do CPC/2015 e arts. 247-251 do CC/2002, incluindo pedido de tutela provisória com fixação de astreintes (multa diária) para compelir o réu ao cumprimento, nos termos do art. 536 do CPC/2015. Use esta skill quando a solicitação envolver Ação de Obrigação de Fazer ou Não Fazer."	""	""	""	""	""	""	""	""	""	""	""	""	""	""	"areas do direito/Cível/civel-acao-de-obrigacao-de-fazer-ou-nao-fazer/SKILL.md"
"Cível"	"civel-acao-declaratoria"	"Ação Declaratória"	"acao declaratoria"	"Gera petição inicial de ação declaratória, com fundamento no art. 19 do CPC/2015, visando obter pronunciamento judicial que declare a existência ou inexistência de relação jurídica, ou a autenticidade ou falsidade de documento, produzindo coisa julgada material sobre a situação jurídica declarada. Use esta skill quando a solicitação envolver Ação Declaratória."	""	""	""	""	""	""	""	""	""	""	""	""	""	""	"areas do direito/Cível/civel-acao-declaratoria/SKILL.md"
"Cível"	"civel-acao-indenizatoria"	"Ação Indenizatória"	"acao indenizatoria"	"Gera petição inicial de ação de indenização por danos materiais e/ou morais, com fundamento nos arts. 186, 187, 927 e seguintes do CC/2002 (responsabilidade civil subjetiva e objetiva), nos arts. 319-321 do CPC/2015, e nas súmulas relevantes do STJ, incluindo análise dos pressupostos da responsabilidade civil: conduta, dano, nexo causal e culpa/risco. Use esta skill quando a solicitação envolver Ação Indenizatória."	""	""	""	""	""	""	""	""	""	""	""	""	""	""	"areas do direito/Cível/civel-acao-indenizatoria/SKILL.md"
"Cível"	"civel-acao-monitoria"	"Ação Monitória"	"acao monitoria"	"Gera petição inicial de ação monitória, com fundamento nos arts. 700 a 702 do CPC/2015, para cobrança de dívida de dinheiro, de entrega de coisa fungível ou infungível, ou de adimplemento de obrigação de fazer ou de não fazer, com base em prova escrita sem eficácia de título executivo, permitindo expedição imediata de mandado de pagamento ou entrega sem audiência do réu. Use esta skill quando a solicitação envolver Ação Monitória."	""	""	""	""	""	""	""	""	""	""	""	""	""	""	"areas do direito/Cível/civel-acao-monitoria/SKILL.md"
"Cível"	"civel-acao-rescisoria-civel"	"Ação Rescisória Cível"	"acao rescisoria civel"	"Gera petição inicial de ação rescisória, com fundamento nos arts. 966 a 975 do CPC/2015, para desconstituir sentença ou acórdão transitado em julgado que contenha vício previsto taxativamente em lei, demonstrando o preenchimento dos requisitos de admissibilidade e a hipótese rescisória aplicável, com pedido de juízo rescindente e juízo rescisório. Use esta skill quando a solicitação envolver Ação Rescisória Cível."	""	""	""	""	""	""	""	""	""	""	""	""	""	""	"areas do direito/Cível/civel-acao-rescisoria-civel/SKILL.md"
"Cível"	"civel-acordo-judicial-e-extrajudicial-civel"	"Acordo Judicial e Extrajudicial Cível"	"acordo judicial e extrajudicial civel"	"Gera termos de acordo judicial (para homologação em juízo) e extrajudicial completos para encerramento de litígios cíveis, com cláusulas de quitação, condições de pagamento, garantias, multas, prazos e demais termos necessários para segurança jurídica de ambas as partes, conforme arts. 487, III, ""b"", e 515, II e III, do CPC/2015, e arts. 840-850 do CC/2002. Use esta skill quando a solicitação envolver Acordo Judicial e Extrajudicial Cível."	""	""	""	""	""	""	""	""	""	""	""	""	""	""	"areas do direito/Cível/civel-acordo-judicial-e-extrajudicial-civel/SKILL.md"
"Cível"	"civel-agravo-de-instrumento"	"Agravo de Instrumento"	"agravo de instrumento"	"Gera petição de agravo de instrumento contra decisões interlocutórias nas hipóteses taxativas do art. 1.015 do CPC/2015, com demonstração dos requisitos de admissibilidade, comprovação da tempestividade e pedido de efeito suspensivo quando cabível. Use esta skill quando a solicitação envolver Agravo de Instrumento."	""	""	""	""	""	""	""	""	""	""	""	""	""	""	"areas do direito/Cível/civel-agravo-de-instrumento/SKILL.md"
"Cível"	"civel-agravo-interno"	"Agravo Interno"	"agravo interno"	"Gera petição de agravo interno para impugnar decisões monocráticas do relator no tribunal, levando a questão ao órgão colegiado competente, com fundamento nos arts. 1.021 e 1.070 do CPC/2015. Use esta skill quando a solicitação envolver Agravo Interno. Contextos: - Quando o relator nega seguimento, não conhece ou decide monocraticamente o agravo de instrumento ou qualquer recurso - Para impugnar decisão monocrática que indefere liminarmente o recurso - Quando o relator aplica precedente vinculante que o recorrente entende inaplicável ao caso - Para levar a decisão individual do relator ao julgamento pelo órgão colegiado (câmara, turma)"	""	""	""	""	""	""	""	""	""	""	""	""	""	""	"areas do direito/Cível/civel-agravo-interno/SKILL.md"
"Cível"	"civel-analise-de-contrato-civel"	"Análise de Contrato Cível"	"analise de contrato civel"	"Realiza auditoria jurídica completa de contratos cíveis (prestação de serviços, compra e venda, locação, empreitada, parceria, etc.), analisando cláusula por cláusula, classificando riscos (alto/médio/baixo), identificando ilegalidades, omissões e sugerindo redação alternativa para cláusulas problemáticas, com fundamentação no CC/2002, CDC e legislação específica. Use esta skill quando a solicitação envolver Análise de Contrato Cível."	""	""	""	""	""	""	""	""	""	""	""	""	""	""	"areas do direito/Cível/civel-analise-de-contrato-civel/SKILL.md"
"Cível"	"civel-analise-de-laudo-pericial"	"Análise de Laudo Pericial"	"analise de laudo pericial"	"Analisa um laudo pericial judicial, verifica se o perito respondeu todos os quesitos formulados pelas partes e pelo juízo, avalia a qualidade técnica das respostas, identifica omissões, contradições e pontos de fragilidade — e emite um parecer sobre o aproveitamento do laudo para a estratégia do caso. Use esta skill quando a solicitação envolver Análise de Laudo Pericial."	""	""	""	""	""	""	""	""	""	""	""	""	""	""	"areas do direito/Cível/civel-analise-de-laudo-pericial/SKILL.md"
"Cível"	"civel-consignacao-em-pagamento"	"Consignação em Pagamento"	"consignacao em pagamento"	"Gera petição inicial de ação de consignação em pagamento, com fundamento nos arts. 539-549 do CPC/2015 e arts. 334-345 do CC/2002, para liberar o devedor de obrigação mediante depósito judicial (ou extrajudicial) do valor devido, quando o credor se recusa a receber, está em local incerto, há dúvida sobre quem seja o credor, ou em outras hipóteses do art. 335 do CC/2002. Use esta skill quando a solicitação envolver Consignação em Pagamento."	""	""	""	""	""	""	""	""	""	""	""	""	""	""	"areas do direito/Cível/civel-consignacao-em-pagamento/SKILL.md"
"Cível"	"civel-contestacao-civel"	"Contestação Cível"	"contestacao civel"	"Gera uma contestação cível completa para a defesa do réu, com preliminares processuais (art. 337 do CPC), impugnação específica de cada fato e pedido do autor, fundamentação jurídica sólida e pedidos de improcedência total ou parcial. Use esta skill quando a solicitação envolver Contestação Cível. Contextos: - Ao defender réu em ação cível (cobrança, indenização, obrigação de fazer) - Para montar defesa estruturada impugnando cada pedido do autor - Para identificar todas as preliminares e prejudiciais de mérito arguíveis - Para padronizar contestações do escritório - Para garantir que nenhum ponto da inicial ficou sem impugnação (art. 341, CPC)"	""	""	""	""	""	""	""	""	""	""	""	""	""	""	"areas do direito/Cível/civel-contestacao-civel/SKILL.md"
"Cível"	"civel-cumprimento-de-sentenca"	"Cumprimento de Sentença"	"cumprimento de sentenca"	"Gera uma petição de cumprimento de sentença completa para obrigação de pagar quantia certa (definitivo ou provisório), seguindo rigorosamente os arts. 513 a 519 e 523 a 527 do CPC/2015, com memorial de cálculo discriminado conforme art. 524, intimação do devedor na forma correta, requerimento de penhora e demais medidas executivas, incluindo multa e honorários do art. 523, §1º. Use esta skill quando a solicitação envolver Cumprimento de Sentença."	""	""	""	""	""	""	""	""	""	""	""	""	""	""	"areas do direito/Cível/civel-cumprimento-de-sentenca/SKILL.md"
"Cível"	"civel-desconsideracao-da-personalidade-juridica"	"Desconsideração da Personalidade Jurídica"	"desconsideracao da personalidade juridica"	"Gera incidente de desconsideração da personalidade jurídica (IDPJ), com fundamento nos arts. 133-137 do CPC/2015, art. 50 do CC/2002 (teoria maior) ou art. 28 do CDC (teoria menor), para atingir o patrimônio pessoal dos sócios ou administradores (desconsideração direta) ou o patrimônio da pessoa jurídica por atos dos sócios (desconsideração inversa), quando demonstrado o abuso da personalidade jurídica. Use esta skill quando a solicitação envolver Desconsideração da Personalidade Jurídica."	""	""	""	""	""	""	""	""	""	""	""	""	""	""	"areas do direito/Cível/civel-desconsideracao-da-personalidade-juridica/SKILL.md"
"Cível"	"civel-embargos-a-execucao-civel"	"Embargos à Execução Cível"	"embargos a execucao civel"	"Gera petição de embargos à execução de título extrajudicial, com fundamentação nas hipóteses do art. 917 do CPC/2015, contestando a dívida, o valor, a penhora ou a própria executividade do título. Use esta skill quando a solicitação envolver Embargos à Execução Cível. Contextos: - Quando o executado é citado em execução de título extrajudicial e quer se defender - Para arguir inexistência da dívida, excesso de execução, impenhorabilidade ou nulidade do título - Para contestar o valor exequendo com memória de cálculo própria - Quando há vícios formais no título que o tornam inexequível"	""	""	""	""	""	""	""	""	""	""	""	""	""	""	"areas do direito/Cível/civel-embargos-a-execucao-civel/SKILL.md"
"Cível"	"civel-embargos-de-declaracao-civel"	"Embargos de Declaração Cível"	"embargos de declaracao civel"	"Gera petição de embargos de declaração para sanar omissão, obscuridade, contradição ou erro material em decisões judiciais (sentenças, acórdãos ou decisões interlocutórias), com fundamento nos arts. 1.022 a 1.026 do CPC/2015. Use esta skill quando a solicitação envolver Embargos de Declaração Cível."	""	""	""	""	""	""	""	""	""	""	""	""	""	""	"areas do direito/Cível/civel-embargos-de-declaracao-civel/SKILL.md"
"Cível"	"civel-embargos-de-terceiro"	"Embargos de Terceiro"	"embargos de terceiro"	"Gera petição inicial de embargos de terceiro, com fundamento nos arts. 674-681 do CPC/2015, para que terceiro (não parte no processo principal) que sofreu constrição judicial (penhora, arresto, sequestro, arrolamento) em bem de sua propriedade ou posse possa se defender e liberar o bem indevidamente constrito. Use esta skill quando a solicitação envolver Embargos de Terceiro."	""	""	""	""	""	""	""	""	""	""	""	""	""	""	"areas do direito/Cível/civel-embargos-de-terceiro/SKILL.md"
"Cível"	"civel-excecao-de-pre-executividade"	"Exceção de Pré-Executividade"	"excecao de pre executividade"	"Gera petição de exceção de pré-executividade para arguição de matérias de ordem pública cognoscíveis de ofício, sem necessidade de garantia do juízo, com base na construção jurisprudencial consolidada pelo STJ e doutrina processual. Use esta skill quando a solicitação envolver Exceção de Pré-Executividade. Contextos: - Para arguir prescrição, ilegitimidade de parte, falta de título executivo ou nulidade absoluta da execução - Quando o executado não tem bens para garantir o juízo e precisa se defender sem penhora - Para questionar matérias de ordem pública que podem ser conhecidas de ofício pelo juiz - Alternativa mais célere aos embargos quando a matéria não exige dilação probatória"	""	""	"execução civil"	""	""	"exceção de pré-executividade"	""	""	""	""	""	""	"curadoria-inicial"	""	"areas do direito/Cível/civel-excecao-de-pre-executividade/SKILL.md"
"Cível"	"civel-execucao-de-titulo-extrajudicial"	"Execução de Título Extrajudicial"	"execucao de titulo extrajudicial"	"Gera petição inicial de execução de título extrajudicial (cheque, nota promissória, contrato, CDA, escritura etc.), com demonstração dos requisitos do art. 783 do CPC/2015, requerimentos de penhora e demais medidas executivas. Use esta skill quando a solicitação envolver Execução de Título Extrajudicial. Contextos: - Para cobrar cheques, notas promissórias, duplicatas e outros títulos de crédito protestados - Para executar contratos com força executiva (art. 784 CPC) - Para execução de confissão de dívida, escritura pública ou instrumento particular assinado por 2 testemunhas - Quando há título líquido, certo e exigível e o devedor não pagou"	""	""	""	""	""	""	""	""	""	""	""	""	""	""	"areas do direito/Cível/civel-execucao-de-titulo-extrajudicial/SKILL.md"
"Cível"	"civel-habilitacao-de-credito"	"Habilitação de Crédito"	"habilitacao de credito"	"Gera petição de habilitação de crédito em processo de inventário (arts. 643-646 CPC/2015), em falência (Lei 11.101/2003 arts. 9º-20), em recuperação judicial (Lei 11.101/2003 arts. 52-53), ou em execução concursal (art. 908 CPC/2015), para que o credor ingresse no feito e seja incluído no rol de credores com direito ao recebimento do crédito na ordem de prioridade legal. Use esta skill quando a solicitação envolver Habilitação de Crédito."	""	""	""	""	""	""	""	""	""	""	""	""	""	""	"areas do direito/Cível/civel-habilitacao-de-credito/SKILL.md"
"Cível"	"civel-impugnacao-ao-cumprimento-de-sentenca"	"Impugnação ao Cumprimento de Sentença"	"impugnacao ao cumprimento de sentenca"	"Gera impugnação ao cumprimento de sentença com fundamentação nas hipóteses taxativas do art. 525 do CPC/2015, contestando o valor exequendo, a penhora ou a própria executividade do título judicial. Use esta skill quando a solicitação envolver Impugnação ao Cumprimento de Sentença. Contextos: - Quando o devedor é citado em cumprimento de sentença e quer contestar o valor ou a execução - Para arguir excesso de execução, erro no cálculo ou ilegitimidade das partes - Para impugnar a penhora recaída sobre bem impenhorável ou com impenhorabilidade relativa - Quando há prescrição da pretensão executória ou inexigibilidade do título"	""	""	""	""	""	""	""	""	""	""	""	""	""	""	"areas do direito/Cível/civel-impugnacao-ao-cumprimento-de-sentenca/SKILL.md"
"Cível"	"civel-mandado-de-seguranca-civel"	"Mandado de Segurança Cível"	"mandado de seguranca civel"	"Gera petição inicial de mandado de segurança individual, com fundamento na CF/88 art. 5º, LXIX, e na Lei 12.016/2009, para proteger direito líquido e certo não amparado por habeas corpus ou habeas data, violado ou ameaçado por ato de autoridade pública ou agente de pessoa jurídica no exercício de atribuições do poder público. Use esta skill quando a solicitação envolver Mandado de Segurança Cível."	""	""	""	""	""	""	""	""	""	""	""	""	""	""	"areas do direito/Cível/civel-mandado-de-seguranca-civel/SKILL.md"
"Cível"	"civel-manutencao-de-posse"	"Manutenção de Posse"	"manutencao de posse"	"Gera petição inicial de ação de manutenção de posse, com fundamento nos arts. 560-566 do CPC/2015 e arts. 1.210-1.213 do CC/2002, para proteger o possuidor contra atos de turbação que perturbam, mas não eliminam, a posse do bem, com pedido de liminar inaudita altera parte quando a turbação é recente (força nova). Use esta skill quando a solicitação envolver Manutenção de Posse."	""	""	""	""	""	""	""	""	""	""	""	""	""	""	"areas do direito/Cível/civel-manutencao-de-posse/SKILL.md"
"Cível"	"civel-notificacao-extrajudicial-civel"	"Notificação Extrajudicial Cível"	"notificacao extrajudicial civel"	"Gera notificação extrajudicial com fundamento no CC/2002 e no CPC/2015, instrumento formal pelo qual o notificante comunica ao notificado determinado fato, constitui em mora, interpela para cumprimento de obrigação, faz prova de ciência e preserva direitos, com eficácia probatória quando enviada por via que comprove o recebimento (cartório, AR, e-mail com aviso de leitura). Use esta skill quando a solicitação envolver Notificação Extrajudicial Cível."	""	""	""	""	""	""	""	""	""	""	""	""	""	""	"areas do direito/Cível/civel-notificacao-extrajudicial-civel/SKILL.md"
"Cível"	"civel-oposicao"	"Oposição"	"oposicao"	"Gera petição inicial de oposição, com fundamento nos arts. 682-686 do CPC/2015, instrumento pelo qual terceiro que pretenda, no todo ou em parte, a coisa ou o direito sobre que controvertem autor e réu (processo principal) pode ingressar no feito deduzindo pretensão própria incompatível com a de ambos, pedindo que sua pretensão seja reconhecida com precedência sobre as das partes originárias. Use esta skill quando a solicitação envolver Oposição."	""	""	""	""	""	""	""	""	""	""	""	""	""	""	"areas do direito/Cível/civel-oposicao/SKILL.md"
"Cível"	"civel-parecer-juridico-civel"	"Parecer Jurídico Cível"	"parecer juridico civel"	"Gera um parecer jurídico cível completo, com análise técnica aprofundada de uma questão jurídica consultada, incluindo relatório dos fatos, fundamentação legal e doutrinária, análise de riscos, jurisprudência aplicável e conclusão com recomendação objetiva, seguindo a estrutura formal de parecer jurídico com ementa, relatório, fundamentação e conclusão. Use esta skill quando a solicitação envolver Parecer Jurídico Cível."	""	""	""	""	""	""	""	""	""	""	""	""	""	""	"areas do direito/Cível/civel-parecer-juridico-civel/SKILL.md"
"Cível"	"civel-peticao-inicial-civel"	"Petição Inicial Cível"	"peticao inicial civel"	"Gera uma petição inicial cível completa e fundamentada para ações de cobrança, indenização por danos materiais e morais, obrigação de fazer/não fazer e demais procedimentos comuns, seguindo rigorosamente os requisitos dos arts. 319 a 321 do CPC/2015, com qualificação das partes, causa de pedir, pedidos certos e determinados, valor da causa e requerimentos finais. Use esta skill quando a solicitação envolver Petição Inicial Cível."	""	""	""	""	""	""	""	""	""	""	""	""	""	""	"areas do direito/Cível/civel-peticao-inicial-civel/SKILL.md"
"Cível"	"civel-prestacao-de-contas"	"Prestação de Contas"	"prestacao de contas"	"Gera petição inicial de ação de exigir contas (prestação de contas), com fundamento nos arts. 550-553 do CPC/2015 e arts. 668-671 do CC/2002 (mandato) e demais dispositivos que impõem o dever de prestar contas, para exigir de administrador, mandatário, inventariante, gestor ou responsável pela administração de bens ou interesses alheios a prestação de contas de sua gestão. Use esta skill quando a solicitação envolver Prestação de Contas."	""	""	""	""	""	""	""	""	""	""	""	""	""	""	"areas do direito/Cível/civel-prestacao-de-contas/SKILL.md"
"Cível"	"civel-producao-antecipada-de-provas"	"Produção Antecipada de Provas"	"producao antecipada de provas"	"Gera petição inicial de produção antecipada de provas, com fundamento nos arts. 381-383 do CPC/2015, para assegurar a coleta de prova antes do ajuizamento da ação principal ou durante o processo, quando houver fundado receio de que se torne impossível ou muito difícil a verificação de certos fatos, ou quando a prova a ser produzida puder influir no acordo, evitar o litígio ou abreviar o processo. Use esta skill quando a solicitação envolver Produção Antecipada de Provas."	""	""	""	""	""	""	""	""	""	""	""	""	""	""	"areas do direito/Cível/civel-producao-antecipada-de-provas/SKILL.md"
"Cível"	"civel-recurso-de-apelacao-civel"	"Recurso de Apelação Cível"	"recurso de apelacao civel"	"Gera um recurso de apelação cível completo com razões de reforma da sentença, fundamentação jurídica sólida, demonstração do error in judicando e/ou error in procedendo, prequestionamento para eventual recurso especial/extraordinário e pedidos recursais, seguindo os arts. 1.009 a 1.014 do CPC/2015. Use esta skill quando a solicitação envolver Recurso de Apelação Cível."	""	""	""	""	""	""	""	""	""	""	""	""	""	""	"areas do direito/Cível/civel-recurso-de-apelacao-civel/SKILL.md"
"Cível"	"civel-recurso-especial"	"Recurso Especial"	"recurso especial"	"Gera petição de recurso especial (REsp) ao Superior Tribunal de Justiça, demonstrando a violação a lei federal ou a divergência jurisprudencial entre tribunais, com observância dos requisitos dos arts. 1.029 a 1.041 do CPC/2015 e da CF/88 art. 105, III. Use esta skill quando a solicitação envolver Recurso Especial. Contextos: - Quando o acórdão do tribunal de origem violou lei federal (contrariedade ou negativa de vigência) - Para uniformizar interpretação de lei federal quando há divergência entre tribunais - Após esgotados os recursos nas instâncias ordinárias (acórdão do TJ ou TRF) - Quando há prequestionamento da matéria federal no acórdão recorrido"	""	""	""	""	""	""	""	""	""	""	""	""	""	""	"areas do direito/Cível/civel-recurso-especial/SKILL.md"
"Cível"	"civel-recurso-extraordinario"	"Recurso Extraordinário"	"recurso extraordinario"	"Gera petição de recurso extraordinário (RE) ao Supremo Tribunal Federal, demonstrando a ofensa direta à Constituição Federal de 1988, com observância dos requisitos dos arts. 1.029 a 1.041 do CPC/2015, da CF/88 art. 102, III, e da repercussão geral (CF/88 art. 102, §3º e arts. 1.035-1.041 CPC). Use esta skill quando a solicitação envolver Recurso Extraordinário."	""	""	""	""	""	""	""	""	""	""	""	""	""	""	"areas do direito/Cível/civel-recurso-extraordinario/SKILL.md"
"Cível"	"civel-reintegracao-de-posse"	"Reintegração de Posse"	"reintegracao de posse"	"Gera petição inicial de ação de reintegração de posse, com fundamento nos arts. 560-566 do CPC/2015 e arts. 1.210-1.213 do CC/2002, para recuperar a posse de bem imóvel ou móvel perdida por esbulho possessório, com pedido de liminar inaudita altera parte quando presentes os requisitos legais. Use esta skill quando a solicitação envolver Reintegração de Posse."	""	""	""	""	""	""	""	""	""	""	""	""	""	""	"areas do direito/Cível/civel-reintegracao-de-posse/SKILL.md"
"Cível"	"civel-replica-a-contestacao-civel"	"Réplica à Contestação Cível"	"replica a contestacao civel"	"Gera uma réplica (impugnação à contestação) completa e fundamentada, abrangendo tanto a impugnação às preliminares arguidas pelo réu (art. 337 c/c art. 351, CPC/2015) quanto a manifestação sobre fatos impeditivos, modificativos ou extintivos alegados em defesa indireta de mérito (art. 350, CPC/2015), com rebate ponto a ponto, reforço da tese autoral e requerimento de provas complementares, no prazo legal de 15 dias úteis. Use esta skill quando a solicitação envolver Réplica à Contestação Cível."	""	""	""	""	""	""	""	""	""	""	""	""	""	""	"areas do direito/Cível/civel-replica-a-contestacao-civel/SKILL.md"
"Cível"	"civel-substabelecimento"	"Substabelecimento"	"substabelecimento"	"Gera instrumento de substabelecimento de procuração, com fundamento nos arts. 667 a 674 do CC/2002 e no art. 105 do CPC/2015, pelo qual o advogado outorgante transfere ao advogado substabelecido os poderes recebidos do cliente (com ou sem reserva de poderes), habilitando o substabelecido a atuar nos autos em nome do mandante original. Use esta skill quando a solicitação envolver Substabelecimento."	""	""	""	""	""	""	""	""	""	""	""	""	""	""	"areas do direito/Cível/civel-substabelecimento/SKILL.md"
"Cível"	"civel-tutela-antecipada-antecedente"	"Tutela Antecipada Antecedente"	"tutela antecipada antecedente"	"Gera petição de tutela antecipada requerida em caráter antecedente, antes da formulação do pedido principal, com fulcro no art. 303 do CPC/2015, incluindo o regime de estabilização previsto no art. 304 do CPC/2015. Use esta skill quando a solicitação envolver Tutela Antecipada Antecedente. Contextos: - Quando a urgência é tamanha que não há tempo para elaborar a petição inicial completa - Para situações em que o requerente precisa imediatamente da antecipação dos efeitos da tutela - Quando se deseja utilizar o mecanismo de estabilização (art. 304 CPC) para evitar a ação principal - Para casos de risco iminente com necessidade de decisão judicial imediata"	""	""	""	""	""	""	""	""	""	""	""	""	""	""	"areas do direito/Cível/civel-tutela-antecipada-antecedente/SKILL.md"
"Cível"	"civel-tutela-antecipada"	"Tutela Antecipada"	"tutela antecipada"	"Gera requerimento de tutela antecipada (satisfativa) incidental ou em caráter antecedente, demonstrando os requisitos da probabilidade do direito e o perigo de dano ou risco ao resultado útil do processo, com base nos arts. 300 a 302 do CPC/2015. Use esta skill quando a solicitação envolver Tutela Antecipada. Contextos: - Quando há urgência em antecipar os efeitos da tutela definitiva antes do julgamento final - Para suspender cobranças indevidas, reativar serviços cancelados ou impedir atos lesivos imediatos - Em situações de risco de perecimento do direito ou impossibilidade de reparação posterior - Para garantir o resultado útil do processo diante de conduta da parte contrária"	""	""	""	""	""	""	""	""	""	""	""	""	""	""	"areas do direito/Cível/civel-tutela-antecipada/SKILL.md"
"Cível"	"civel-tutela-cautelar-antecedente"	"Tutela Cautelar Antecedente"	"tutela cautelar antecedente"	"Gera petição de tutela cautelar requerida antes do ajuizamento da ação principal, para assegurar o resultado útil de futura demanda, com fundamento nos arts. 305 a 310 do CPC/2015, incluindo o rito do aditamento e estabilização. Use esta skill quando a solicitação envolver Tutela Cautelar Antecedente. Contextos: - Quando há urgência em assegurar prova ou direito antes que a ação principal seja ajuizada - Para arresto, sequestro, arrolamento de bens, registro de protesto, anotação em cadastro - Quando o atraso no ajuizamento da principal tornaria ineficaz a tutela definitiva - Para preservar provas ou situações fáticas antes que desapareçam"	""	""	""	""	""	""	""	""	""	""	""	""	""	""	"areas do direito/Cível/civel-tutela-cautelar-antecedente/SKILL.md"
"Cível"	"civel-tutela-inibitoria-impedir-ato-ilicito-futuro"	"Tutela Inibitória — Impedir Ato Ilícito Futuro"	"tutela inibitoria impedir ato ilicito futuro"	"Gera petição de tutela inibitória (CPC art. 497, § único) destinada a impedir a prática, a reiteração ou a continuação de ato ilícito, ou a remover seus efeitos continuativos, com tutela específica e multa coercitiva (astreintes), DISPENSANDO a demonstração de dano, culpa ou dolo. Ferramenta preventiva — não reparatória. Use esta skill quando a solicitação envolver Tutela Inibitória — Impedir Ato Ilícito Futuro."	""	""	""	""	""	""	""	""	""	""	""	""	""	""	"areas do direito/Cível/civel-tutela-inibitoria-impedir-ato-ilicito-futuro/SKILL.md"
"Cível"	"civel-usucapiao-civel"	"Usucapião Cível"	"usucapiao civel"	"Gera petição inicial de ação de usucapião judicial de bem imóvel ou móvel, com fundamento nos arts. 1.238 a 1.244 do CC/2002, arts. 9º a 14 da Lei 10.257/2001 (Estatuto da Cidade), e arts. 246, §3º, e 327 do CPC/2015, demonstrando o preenchimento dos requisitos legais de cada modalidade para aquisição originária da propriedade pelo decurso do tempo. Use esta skill quando a solicitação envolver Usucapião Cível."	""	""	""	""	""	""	""	""	""	""	""	""	""	""	"areas do direito/Cível/civel-usucapiao-civel/SKILL.md"
"Desportivo"	"desportivo-acao-de-cobranca-de-luvas-e-premiacoes"	"Ação de Cobrança de Luvas e Premiações"	"acao de cobranca de luvas e premiacoes"	"Gera petição inicial de reclamação trabalhista para cobrança de luvas não pagas e premiações por metas esportivas devidas ao atleta profissional, com fundamento na Lei Pelé (Lei 9.615/1998) e na CLT, incluindo correção monetária, juros de mora e reflexos nas verbas trabalhistas (FGTS, 13º, férias), com cálculo detalhado de cada verba e pedidos específicos por competência jurisdicional. Use esta skill quando a solicitação envolver Ação de Cobrança de Luvas e Premiações."	""	""	""	""	""	""	""	""	""	""	""	""	""	""	"areas do direito/Desportivo/desportivo-acao-de-cobranca-de-luvas-e-premiacoes/SKILL.md"
"Desportivo"	"desportivo-acao-de-indenizacao-por-lesao-esportiva"	"Ação de Indenização por Lesão Esportiva"	"acao de indenizacao por lesao esportiva"	"Gera petição inicial de ação indenizatória (cumulada com reclamação trabalhista ou proposta na Justiça Comum) por lesão sofrida pelo atleta profissional durante a atividade desportiva ou em razão de negligência do clube empregador (ausência de assistência médica, sobrecarga de treinos, instalações inadequadas, omissão de tratamento), requerendo indenização por danos materiais (lucros cessantes, despesas médicas, perda de capacidade laboral) e danos morais, com base na Lei Pelé, CLT e Código Civil. Use esta skill quando a solicitação envolver Ação de Indenização por Lesão Esportiva."	""	""	""	""	""	""	""	""	""	""	""	""	""	""	"areas do direito/Desportivo/desportivo-acao-de-indenizacao-por-lesao-esportiva/SKILL.md"
"Desportivo"	"desportivo-acao-de-nulidade-de-transferencia-inter-dbb13e77"	"Ação de Nulidade de Transferência Internacional de Atleta"	"acao de nulidade de transferencia inter dbb13e77"	"Gera petição (junto à FIFA/DRC, ao STJD ou à Justiça Comum) para declarar a nulidade de transferência internacional de atleta profissional realizada em violação à Lei Pelé (Lei 9.615/1998), aos Regulamentos da FIFA (RSTP — Regulamento sobre Estatuto e Transferência de Jogadores), às normas da CBF ou ao próprio contrato do atleta, requerendo o retorno do atleta ao clube de origem, indenização pelos danos sofridos e, se aplicável, sanções disciplinares ao clube infrator. Use esta skill quando a solicitação envolver Ação de Nulidade de Transferência Internacional de Atleta."	""	""	""	""	""	""	""	""	""	""	""	""	""	""	"areas do direito/Desportivo/desportivo-acao-de-nulidade-de-transferencia-inter-dbb13e77/SKILL.md"
"Desportivo"	"desportivo-contrato-de-agenciamento-desportivo"	"Contrato de Agenciamento Desportivo"	"contrato de agenciamento desportivo"	"Gera contrato de agenciamento desportivo entre atleta profissional e agente (representante) com cláusulas sobre escopo da representação, comissão, exclusividade, duração, obrigações de ambas as partes, confidencialidade, rescisão e foro, em conformidade com a Lei Pelé (Lei 9.615/1998), o Regulamento de Agentes de Futebol da FIFA (2023), as normas da CBF e da federação específica, e o Código Civil brasileiro, protegendo tanto o atleta quanto o agente. Use esta skill quando a solicitação envolver Contrato de Agenciamento Desportivo."	""	""	""	""	""	""	""	""	""	""	""	""	""	""	"areas do direito/Desportivo/desportivo-contrato-de-agenciamento-desportivo/SKILL.md"
"Desportivo"	"desportivo-contrato-de-atleta-profissional"	"Contrato de Atleta Profissional"	"contrato de atleta profissional"	"Gera contrato de trabalho desportivo de atleta profissional em conformidade com a Lei Pelé (Lei 9.615/1998), a CLT e as normas das federações esportivas, com cláusulas sobre remuneração, direito de imagem, cláusula penal, luvas, direitos de arena e prazo determinado, protegendo o atleta e o clube/entidade contratante. Use esta skill quando a solicitação envolver Contrato de Atleta Profissional."	""	""	""	""	""	""	""	""	""	""	""	""	""	""	"areas do direito/Desportivo/desportivo-contrato-de-atleta-profissional/SKILL.md"
"Desportivo"	"desportivo-contrato-de-patrocinio-e-cessao-de-imagem-de-atleta"	"Contrato de Patrocínio e Cessão de Imagem de Atleta"	"contrato de patrocinio e cessao de imagem de atleta"	"Gera contrato de patrocínio esportivo e cessão de direitos de imagem de atleta profissional, com fundamento na Lei 9.615/1998 (Lei Pelé), na Lei 9.610/1998 (Direitos Autorais — imagem), no Código Civil e no Marco Civil da Internet, regulando o uso da imagem, nome, voz e marca pessoal do atleta para fins comerciais, com cláusulas de exclusividade, obrigações de divulgação e condições de rescisão. Use esta skill quando a solicitação envolver Contrato de Patrocínio e Cessão de Imagem de Atleta."	""	""	""	""	""	""	""	""	""	""	""	""	""	""	"areas do direito/Desportivo/desportivo-contrato-de-patrocinio-e-cessao-de-imagem-de-atleta/SKILL.md"
"Desportivo"	"desportivo-defesa-disciplinar-perante-federacao-desportiva"	"Defesa Disciplinar perante Federação Desportiva"	"defesa disciplinar perante federacao desportiva"	"Gera defesa prévia e alegações finais em processo disciplinar perante tribunal de justiça desportiva (TJD) estadual ou nacional, com fundamento no Código Brasileiro de Justiça Desportiva (CBJD — Resolução CNE nº 29/2009), impugnando a imputação disciplinar, apresentando excludentes e requerendo absolvição ou aplicação da pena mínima, com proteção das garantias constitucionais do devido processo legal. Use esta skill quando a solicitação envolver Defesa Disciplinar perante Federação Desportiva."	""	""	""	""	""	""	""	""	""	""	""	""	""	""	"areas do direito/Desportivo/desportivo-defesa-disciplinar-perante-federacao-desportiva/SKILL.md"
"Desportivo"	"desportivo-mandado-de-seguranca-contra-suspensao-de-atleta"	"Mandado de Segurança contra Suspensão de Atleta"	"mandado de seguranca contra suspensao de atleta"	"Gera petição de mandado de segurança (ou, alternativamente, medida cautelar inominada) impetrado perante o Tribunal de Justiça Desportiva (TJD) ou perante a Justiça Comum para suspender os efeitos de punição disciplinar aplicada ao atleta profissional por federação ou tribunal desportivo, em razão de violação ao contraditório, à ampla defesa, à legalidade ou à proporcionalidade, requerendo liminar para imediata reintegração do atleta às competições. Use esta skill quando a solicitação envolver Mandado de Segurança contra Suspensão de Atleta."	""	""	""	""	""	""	""	""	""	""	""	""	""	""	"areas do direito/Desportivo/desportivo-mandado-de-seguranca-contra-suspensao-de-atleta/SKILL.md"
"Desportivo"	"desportivo-recurso-ao-stjd"	"Recurso ao STJD"	"recurso ao stjd"	"Gera recurso ao Superior Tribunal de Justiça Desportiva (STJD) contra decisão de Tribunal de Justiça Desportiva (TJD) estadual, com fundamento no Código Brasileiro de Justiça Desportiva (CBJD — Resolução CNE nº 29/2009) e nas normas específicas da modalidade, buscando a reforma da decisão condenatória, a redução da pena desportiva ou a absolvição do atleta, técnico ou entidade. Use esta skill quando a solicitação envolver Recurso ao STJD."	""	""	""	""	""	""	""	""	""	""	""	""	""	""	"areas do direito/Desportivo/desportivo-recurso-ao-stjd/SKILL.md"
"Desportivo"	"desportivo-recurso-ao-tas-cas-tribunal-arbitral-do-esporte"	"Recurso ao TAS/CAS (Tribunal Arbitral do Esporte)"	"recurso ao tas cas tribunal arbitral do esporte"	"Gera petição de apelação (Statement of Appeal) e Memorial de Recurso (Appeal Brief) ao Tribunal Arbitral do Esporte — TAS/CAS (Court of Arbitration for Sport, Lausanne, Suíça), para impugnar decisão de federação internacional, da FIFA, do COI ou de outro órgão desportivo, em matéria de transferência de atletas, doping, elegibilidade, sanções disciplinares ou contratos desportivos internacionais, com fundamento no Código do TAS/CAS (Code of Sports-related Arbitration) e nas regras do organismo cuja decisão é recorrida. Use esta skill quando a solicitação envolver Recurso ao TAS/CAS (Tribunal Arbitral do Esporte)."	""	""	""	""	""	""	""	""	""	""	""	""	""	""	"areas do direito/Desportivo/desportivo-recurso-ao-tas-cas-tribunal-arbitral-do-esporte/SKILL.md"
"Desportivo"	"desportivo-recurso-em-processo-antidoping"	"Recurso em Processo Antidoping"	"recurso em processo antidoping"	"Gera recurso e defesa em processo antidoping instaurado perante tribunal desportivo ou autoridade antidoping nacional, com fundamento no Código Mundial Antidoping (WADA), nas Regras Antidoping da confederação específica e no Código Brasileiro de Justiça Desportiva (CBJD), contestando a violação imputada, apresentando excludentes (ausência de culpa, uso terapêutico, contaminação), e requerendo redução ou afastamento da suspensão. Use esta skill quando a solicitação envolver Recurso em Processo Antidoping."	""	""	""	""	""	""	""	""	""	""	""	""	""	""	"areas do direito/Desportivo/desportivo-recurso-em-processo-antidoping/SKILL.md"
"Desportivo"	"desportivo-rescisao-de-contrato-desportivo"	"Rescisão de Contrato Desportivo"	"rescisao de contrato desportivo"	"Gera notificação extrajudicial de rescisão e petição inicial para ação de rescisão indireta (ou direta) de contrato especial de trabalho desportivo, com fundamento na Lei Pelé (Lei 9.615/1998) e na CLT, em razão de descumprimento contratual pelo clube (salários atrasados, falta de assistência médica, assédio moral, condições inadequadas), requerendo rescisão com pagamento de todas as verbas rescisórias e da cláusula penal. Use esta skill quando a solicitação envolver Rescisão de Contrato Desportivo."	""	""	""	""	""	""	""	""	""	""	""	""	""	""	"areas do direito/Desportivo/desportivo-rescisao-de-contrato-desportivo/SKILL.md"
"Digital - LGPD"	"digital-acao-contra-plataforma-por-remocao-indevida-de-conteudo"	"Ação contra Plataforma por Remoção Indevida de Conteúdo"	"acao contra plataforma por remocao indevida de conteudo"	"Gera peça de ação judicial (com pedido de tutela de urgência) contra plataforma digital que removeu, suspendeu ou baniu conta ou conteúdo de forma indevida, arbitrária ou sem observância de due process, com base no Marco Civil da Internet, no CDC e em princípios constitucionais de liberdade de expressão e contraditório. Use esta skill quando a solicitação envolver Ação contra Plataforma por Remoção Indevida de Conteúdo."	""	""	""	""	""	""	""	""	""	""	""	""	""	""	"areas do direito/Digital - LGPD/digital-acao-contra-plataforma-por-remocao-indevida-de-conteudo/SKILL.md"
"Digital - LGPD"	"digital-acao-de-indenizacao-por-calunia-difamacao-4f4e96f2"	"Ação de Indenização por Calúnia/Difamação em Redes Sociais"	"acao de indenizacao por calunia difamacao 4f4e96f2"	"Gera peça de ação indenizatória por danos morais (e eventualmente materiais) decorrentes de publicações caluniosas ou difamatórias em redes sociais, fundamentada no Código Civil, Código Penal, Marco Civil da Internet e jurisprudência consolidada dos tribunais superiores. Use esta skill quando a solicitação envolver Ação de Indenização por Calúnia/Difamação em Redes Sociais."	""	""	""	""	""	""	""	""	""	""	""	""	""	""	"areas do direito/Digital - LGPD/digital-acao-de-indenizacao-por-calunia-difamacao-4f4e96f2/SKILL.md"
"Digital - LGPD"	"digital-acao-de-indenizacao-por-deep-fake-uso-nao-autorizado-de"	"Ação de Indenização por Deep Fake (Uso Não Autorizado de Imagem)"	"acao de indenizacao por deep fake uso nao autorizado de"	"Gera peça de ação indenizatória por uso não autorizado de imagem e voz mediante tecnologia de deep fake, com pedido de tutela de urgência para remoção do conteúdo sintético, fundamentada nos direitos da personalidade (CC), na Lei de Direitos Autorais, no Marco Civil da Internet, na LGPD (biometria facial como dado sensível) e no Código Penal, abrangendo deep fakes pornográficos, publicitários fraudulentos e políticos/reputacionais. Use esta skill quando a solicitação envolver Ação de Indenização por Deep Fake (Uso Não Autorizado de Imagem)."	""	""	""	""	""	""	""	""	""	""	""	""	""	""	"areas do direito/Digital - LGPD/digital-acao-de-indenizacao-por-deep-fake-uso-nao-autorizado-de/SKILL.md"
"Digital - LGPD"	"digital-contrato-de-desenvolvimento-de-software-saas"	"Contrato de Desenvolvimento de Software (SaaS)"	"contrato de desenvolvimento de software saas"	"Gera contrato completo de desenvolvimento de software sob demanda ou prestação de serviços SaaS (Software as a Service), cobrindo propriedade intelectual, SLA, proteção de dados (LGPD), sigilo, responsabilidades, rescisão e resolução de conflitos — tanto para o desenvolvedor quanto para o contratante. Use esta skill quando a solicitação envolver Contrato de Desenvolvimento de Software (SaaS)."	""	""	""	""	""	""	""	""	""	""	""	""	""	""	"areas do direito/Digital - LGPD/digital-contrato-de-desenvolvimento-de-software-saas/SKILL.md"
"Digital - LGPD"	"digital-contrato-de-influenciador-digital-publicidade"	"Contrato de Influenciador Digital (Publicidade)"	"contrato de influenciador digital publicidade"	"Gera contrato de prestação de serviços entre marca/anunciante e influenciador digital, cobrindo entregas de conteúdo, uso de imagem, direitos autorais sobre posts, exclusividade por segmento, obrigações de disclosure (publicidade identificada), CONAR, remuneração, rescisão e proteção de dados — tanto para o influenciador quanto para a marca. Use esta skill quando a solicitação envolver Contrato de Influenciador Digital (Publicidade)."	""	""	""	""	""	""	""	""	""	""	""	""	""	""	"areas do direito/Digital - LGPD/digital-contrato-de-influenciador-digital-publicidade/SKILL.md"
"Digital - LGPD"	"digital-contrato-dpa-com-operador-de-dados"	"Contrato DPA com Operador de Dados"	"contrato dpa com operador de dados"	"Gera Data Processing Agreement (DPA) — Acordo de Processamento de Dados — entre controlador e operador, conforme exigido pelo art. 37 da LGPD, com cláusulas de responsabilidade, sub-operadores, segurança, auditorias e notificação de incidentes. Use esta skill quando a solicitação envolver Contrato DPA com Operador de Dados."	""	""	""	""	""	""	""	""	""	""	""	""	""	""	"areas do direito/Digital - LGPD/digital-contrato-dpa-com-operador-de-dados/SKILL.md"
"Digital - LGPD"	"digital-defesa-administrativa-anpd"	"Defesa Administrativa ANPD"	"defesa administrativa anpd"	"Gera defesa administrativa completa em processo sancionador da ANPD (Autoridade Nacional de Proteção de Dados), com argumentação técnico-jurídica para afastar ou reduzir sanções previstas no art. 52 da LGPD, incluindo advertência, multa e publicização da infração. Use esta skill quando a solicitação envolver Defesa Administrativa ANPD."	""	""	""	""	""	""	""	""	""	""	""	""	""	""	"areas do direito/Digital - LGPD/digital-defesa-administrativa-anpd/SKILL.md"
"Digital - LGPD"	"digital-denuncia-de-crime-cibernetico"	"Denúncia de Crime Cibernético"	"denuncia de crime cibernetico"	"Gera notícia de fato / boletim de ocorrência estruturado e queixa-crime ou representação para crimes cibernéticos previstos na Lei 12.737/2012 (Lei Carolina Dieckmann), Lei 14.155/2021 e Código Penal, incluindo invasão de dispositivo, estelionato digital, pornografia de vingança e outros. Use esta skill quando a solicitação envolver Denúncia de Crime Cibernético."	""	""	""	""	""	""	""	""	""	""	""	""	""	""	"areas do direito/Digital - LGPD/digital-denuncia-de-crime-cibernetico/SKILL.md"
"Digital - LGPD"	"digital-dsar-resposta-a-requisicao-de-titular-de-dados"	"DSAR — Resposta a Requisição de Titular de Dados"	"dsar resposta a requisicao de titular de dados"	"Gera resposta formal a Data Subject Access Request (DSAR) — requisição de titular de dados pessoais com base no art. 18 da LGPD —, analisando elegibilidade, base legal do tratamento, exceções aplicáveis e estruturando a comunicação ao titular dentro do prazo de 15 dias do art. 19, com registro interno para o Encarregado/DPO. Use esta skill quando a solicitação envolver DSAR — Resposta a Requisição de Titular de Dados."	""	""	""	""	""	""	""	""	""	""	""	""	""	""	"areas do direito/Digital - LGPD/digital-dsar-resposta-a-requisicao-de-titular-de-dados/SKILL.md"
"Digital - LGPD"	"digital-impugnacao-de-auto-de-infracao-anpd"	"Impugnação de Auto de Infração ANPD"	"impugnacao de auto de infracao anpd"	"Gera peça de defesa administrativa (impugnação) contra auto de infração lavrado pela Autoridade Nacional de Proteção de Dados (ANPD), com análise dos elementos formais e materiais do auto, arguição de nulidades, contestação da tipificação e pedido de arquivamento ou redução da sanção, com base na LGPD e no regulamento sancionatório da ANPD. Use esta skill quando a solicitação envolver Impugnação de Auto de Infração ANPD."	""	""	""	""	""	""	""	""	""	""	""	""	""	""	"areas do direito/Digital - LGPD/digital-impugnacao-de-auto-de-infracao-anpd/SKILL.md"
"Digital - LGPD"	"digital-indenizacao-por-vazamento-de-dados"	"Indenização por Vazamento de Dados"	"indenizacao por vazamento de dados"	"Gera petição inicial para ação de indenização por danos morais e/ou materiais decorrentes de vazamento, uso indevido ou exposição não autorizada de dados pessoais, com base na LGPD, no CDC e no Código Civil, incluindo pedido de dano in re ipsa quando aplicável. Use esta skill quando a solicitação envolver Indenização por Vazamento de Dados."	""	""	""	""	""	""	""	""	""	""	""	""	""	""	"areas do direito/Digital - LGPD/digital-indenizacao-por-vazamento-de-dados/SKILL.md"
"Digital - LGPD"	"digital-medida-cautelar-de-suspensao-de-perfil-fal-dae1d73f"	"Medida Cautelar de Suspensão de Perfil Falso (Impersonation)"	"medida cautelar de suspensao de perfil fal dae1d73f"	"Gera petição de tutela cautelar antecedente ou incidental para suspensão imediata de perfil falso em redes sociais que se passa por outra pessoa (impersonation), com pedido de revelação dos dados do criador do perfil, fundamentada no Marco Civil da Internet, LGPD, Código Civil e Código de Processo Civil. Use esta skill quando a solicitação envolver Medida Cautelar de Suspensão de Perfil Falso (Impersonation)."	""	""	""	""	""	""	""	""	""	""	""	""	""	""	"areas do direito/Digital - LGPD/digital-medida-cautelar-de-suspensao-de-perfil-fal-dae1d73f/SKILL.md"
"Digital - LGPD"	"digital-notificacao-de-incidente-lgpd"	"Notificação de Incidente LGPD"	"notificacao de incidente lgpd"	"Gera a notificação formal de incidente de segurança com dados pessoais à ANPD e aos titulares afetados, conforme o art. 48 da Lei 13.709/2018 (LGPD), com os requisitos mínimos exigidos e o prazo de 72 horas aplicável. Use esta skill quando a solicitação envolver Notificação de Incidente LGPD. Contextos: - Ao identificar violação, vazamento ou acesso não autorizado a dados pessoais - Para notificar a ANPD dentro do prazo legal após confirmação do incidente - Para comunicar os titulares cujos dados foram comprometidos - Quando o cliente (controlador) precisa documentar o incidente e mitigar riscos legais - Para construir o relatório de impacto à proteção de dados (RIPD) pós-incidente"	""	""	""	""	""	""	""	""	""	""	""	""	""	""	"areas do direito/Digital - LGPD/digital-notificacao-de-incidente-lgpd/SKILL.md"
"Digital - LGPD"	"digital-notificacao-extrajudicial-por-violacao-de-be7e7b35"	"Notificação Extrajudicial por Violação de Direitos Autorais Online"	"notificacao extrajudicial por violacao de be7e7b35"	"Gera notificação extrajudicial formal por violação de direitos autorais na internet (uso não autorizado de obra protegida em site, redes sociais, plataformas de streaming, e-commerce, blogs ou aplicativos), com base na Lei de Direitos Autorais, com pedido de cessação imediata do uso, remoção do conteúdo, prestação de contas e indenização, funcionando também como requisito pré-processual para DMCA Takedown e para demonstrar boa-fé antes de uma ação judicial. Use esta skill quando a solicitação envolver Notificação Extrajudicial por Violação de Direitos Autorais Online."	""	""	""	""	""	""	""	""	""	""	""	""	""	""	"areas do direito/Digital - LGPD/digital-notificacao-extrajudicial-por-violacao-de-be7e7b35/SKILL.md"
"Digital - LGPD"	"digital-politica-de-privacidade-e-termos-de-uso"	"Política de Privacidade e Termos de Uso"	"politica de privacidade e termos de uso"	"Gera Política de Privacidade e Termos de Uso completos e conformes à LGPD (Lei 13.709/2018) e ao Marco Civil da Internet (Lei 12.965/2014), adaptados ao modelo de negócio e às bases legais de tratamento de dados da empresa. Use esta skill quando a solicitação envolver Política de Privacidade e Termos de Uso. Contextos: - Ao lançar um site, aplicativo ou plataforma digital - Para adequar documentos existentes à LGPD e ao Marco Civil da Internet - Quando houver mudança relevante no modelo de coleta ou uso de dados - Para clientes que processam dados de usuários e precisam de conformidade legal - Antes de captação de leads, e-commerce ou qualquer coleta de dados pessoais"	""	""	""	""	""	""	""	""	""	""	""	""	""	""	"areas do direito/Digital - LGPD/digital-politica-de-privacidade-e-termos-de-uso/SKILL.md"
"Digital - LGPD"	"digital-remocao-de-conteudo-e-direito-ao-esquecimento"	"Remoção de Conteúdo e Direito ao Esquecimento"	"remocao de conteudo e direito ao esquecimento"	"Gera notificação extrajudicial e/ou petição inicial para remoção de conteúdo ofensivo, ilegal ou desatualizado da internet, com base no Marco Civil da Internet (Lei 12.965/2014), na LGPD e na jurisprudência do STJ sobre direito ao esquecimento e proteção da personalidade. Use esta skill quando a solicitação envolver Remoção de Conteúdo e Direito ao Esquecimento."	""	""	""	""	""	""	""	""	""	""	""	""	""	""	"areas do direito/Digital - LGPD/digital-remocao-de-conteudo-e-direito-ao-esquecimento/SKILL.md"
"Digital - LGPD"	"digital-resposta-a-titular-de-dados"	"Resposta a Titular de Dados"	"resposta a titular de dados"	"Gera resposta formal e juridicamente adequada a requisições de titulares de dados pessoais, exercendo os direitos previstos nos arts. 17 a 22 da LGPD (acesso, correção, portabilidade, eliminação, revogação de consentimento, etc.), dentro do prazo de 15 dias estabelecido pela ANPD. Use esta skill quando a solicitação envolver Resposta a Titular de Dados."	""	""	""	""	""	""	""	""	""	""	""	""	""	""	"areas do direito/Digital - LGPD/digital-resposta-a-titular-de-dados/SKILL.md"
"Digital - LGPD"	"digital-restauracao-de-conta-em-rede-social"	"Restauração de Conta em Rede Social"	"restauracao de conta em rede social"	"Gera notificação extrajudicial e/ou petição inicial para restauração de conta indevidamente suspensa ou excluída em redes sociais e plataformas digitais, com base no Marco Civil da Internet, CDC e teoria do abuso de direito, incluindo pedido de tutela antecipada quando houver urgência. Use esta skill quando a solicitação envolver Restauração de Conta em Rede Social."	""	""	""	""	""	""	""	""	""	""	""	""	""	""	"areas do direito/Digital - LGPD/digital-restauracao-de-conta-em-rede-social/SKILL.md"
"Eleitoral"	"eleitoral-aije-acao-de-investigacao-judicial-eleitoral"	"AIJE — Ação de Investigação Judicial Eleitoral"	"aije acao de investigacao judicial eleitoral"	"Gera petição inicial de Ação de Investigação Judicial Eleitoral (AIJE) prevista no art. 22 da Lei Complementar 64/1990, para apurar abuso do poder econômico ou político durante a campanha eleitoral, com pedido de cassação do registro ou diploma e inelegibilidade de 8 anos. Use esta skill quando a solicitação envolver AIJE — Ação de Investigação Judicial Eleitoral."	""	""	""	""	""	""	""	""	""	""	""	""	""	""	"areas do direito/Eleitoral/eleitoral-aije-acao-de-investigacao-judicial-eleitoral/SKILL.md"
"Eleitoral"	"eleitoral-aime-acao-de-impugnacao-de-mandato-eletivo"	"AIME — Ação de Impugnação de Mandato Eletivo"	"aime acao de impugnacao de mandato eletivo"	"Gera petição inicial de Ação de Impugnação de Mandato Eletivo (AIME) com fundamento nos arts. 14 §10 e 11 da CF/88, para cassar o mandato de candidato eleito mediante abuso do poder econômico, corrupção ou fraude eleitoral, com os requisitos constitucionais e jurisprudenciais do TSE. Use esta skill quando a solicitação envolver AIME — Ação de Impugnação de Mandato Eletivo."	""	""	""	""	""	""	""	""	""	""	""	""	""	""	"areas do direito/Eleitoral/eleitoral-aime-acao-de-impugnacao-de-mandato-eletivo/SKILL.md"
"Eleitoral"	"eleitoral-defesa-em-acao-por-abuso-de-poder-eleitoral"	"Defesa em Ação por Abuso de Poder Eleitoral"	"defesa em acao por abuso de poder eleitoral"	"Gera defesa completa em Ação de Investigação Judicial Eleitoral (AIJE) ou em Ação de Impugnação de Mandato Eletivo (AIME) movidas por abuso do poder econômico ou político, contestando a viabilidade da ação, a suficiência das provas, a potencialidade de influência no resultado e a dosimetria da sanção pretendida. Use esta skill quando a solicitação envolver Defesa em Ação por Abuso de Poder Eleitoral."	""	""	""	""	""	""	""	""	""	""	""	""	""	""	"areas do direito/Eleitoral/eleitoral-defesa-em-acao-por-abuso-de-poder-eleitoral/SKILL.md"
"Eleitoral"	"eleitoral-prestacao-de-contas-de-campanha-eleitoral"	"Prestação de Contas de Campanha Eleitoral"	"prestacao de contas de campanha eleitoral"	"Gera orientação estruturada e minuta para a prestação de contas de campanha eleitoral perante a Justiça Eleitoral, com base na Lei 9.504/1997 e na resolução do TSE vigente para o pleito, incluindo checklist documental, regras de escrituração e alertas sobre irregularidades que geram rejeição de contas. Use esta skill quando a solicitação envolver Prestação de Contas de Campanha Eleitoral."	""	""	""	""	""	""	""	""	""	""	""	""	""	""	"areas do direito/Eleitoral/eleitoral-prestacao-de-contas-de-campanha-eleitoral/SKILL.md"
"Eleitoral"	"eleitoral-recurso-eleitoral"	"Recurso Eleitoral"	"recurso eleitoral"	"Gera recurso eleitoral (Recurso Inominado, Recurso Ordinário ou Recurso Especial Eleitoral) contra decisões da Justiça Eleitoral de primeiro grau ou dos TREs, com fundamentação técnica no Código Eleitoral, nas leis eleitorais e na jurisprudência do TSE. Use esta skill quando a solicitação envolver Recurso Eleitoral."	""	""	""	""	""	""	""	""	""	""	""	""	""	""	"areas do direito/Eleitoral/eleitoral-recurso-eleitoral/SKILL.md"
"Eleitoral"	"eleitoral-registro-de-candidatura"	"Registro de Candidatura"	"registro de candidatura"	"Gera petição de requerimento de registro de candidatura perante a Justiça Eleitoral, com a relação de documentos obrigatórios, verificação das condições de elegibilidade e causas de inelegibilidade, e argumentação para superar eventuais impedimentos formais ou materiais. Use esta skill quando a solicitação envolver Registro de Candidatura."	""	""	""	""	""	""	""	""	""	""	""	""	""	""	"areas do direito/Eleitoral/eleitoral-registro-de-candidatura/SKILL.md"
"Eleitoral"	"eleitoral-representacao-por-propaganda-eleitoral-irregular"	"Representação por Propaganda Eleitoral Irregular"	"representacao por propaganda eleitoral irregular"	"Gera representação eleitoral por propaganda irregular perante a Justiça Eleitoral, com base na Lei 9.504/1997 e nas resoluções do TSE, para denunciar propaganda antecipada, irregular, uso de outdoor proibido, propaganda negativa ilegal, impulsionamento irregular nas redes sociais ou propaganda no dia da eleição. Use esta skill quando a solicitação envolver Representação por Propaganda Eleitoral Irregular."	""	""	""	""	""	""	""	""	""	""	""	""	""	""	"areas do direito/Eleitoral/eleitoral-representacao-por-propaganda-eleitoral-irregular/SKILL.md"
"Família"	"familia-acao-de-alimentos"	"Ação de Alimentos"	"acao de alimentos"	"Gera petição de ação de alimentos completa — fixação, revisão ou exoneração — com fundamentação no binômio necessidade/possibilidade, cálculo estimado e pedido de alimentos provisórios, nos termos da Lei 5.478/68 e do Código Civil. Use esta skill quando a solicitação envolver Ação de Alimentos. Contextos: - Fixação inicial de alimentos (filhos menores, ex-cônjuge, pais idosos) - Revisão de alimentos (majoração ou redução por mudança de circunstâncias) - Exoneração de alimentos (filho maior, mudança de situação) - Pedido de alimentos provisórios/liminares (urgência alimentar) - Execução de alimentos (inadimplemento — como complemento de orientação)"	""	""	""	""	""	""	""	""	""	""	""	""	""	""	"areas do direito/Família/familia-acao-de-alimentos/SKILL.md"
"Família"	"familia-acao-de-divorcio"	"Ação de Divórcio"	"acao de divorcio"	"Gera uma petição de divórcio completa — consensual ou litigioso — com partilha de bens, guarda, alimentos e todas as cláusulas necessárias, fundamentada no Código Civil e CPC. Use esta skill quando a solicitação envolver Ação de Divórcio. Contextos: - Divórcio consensual (ambas as partes concordam com os termos) - Divórcio litigioso (há discordância sobre bens, guarda ou alimentos) - Conversão de separação judicial em divórcio - Divórcio com partilha complexa de bens (imóveis, empresas, investimentos) - Divórcio envolvendo filhos menores (guarda + alimentos + visitas)"	""	""	""	""	""	""	""	""	""	""	""	""	""	""	"areas do direito/Família/familia-acao-de-divorcio/SKILL.md"
"Família"	"familia-acao-de-guarda"	"Ação de Guarda"	"acao de guarda"	"Gera petição de ação de guarda completa — unilateral ou compartilhada — com fundamentação no melhor interesse da criança, regime de convivência detalhado e pedido de tutela provisória quando necessário. Use esta skill quando a solicitação envolver Ação de Guarda. Contextos: - Fixação de guarda compartilhada (regra geral — Lei 13.058/2014) - Pedido de guarda unilateral (quando compartilhada é inviável) - Guarda por terceiros (avós, tios) em situações excepcionais - Guarda disputada entre genitores sem acordo - Regularização de guarda de fato (criança já mora com o requerente)"	""	""	""	""	""	""	""	""	""	""	""	""	""	""	"areas do direito/Família/familia-acao-de-guarda/SKILL.md"
"Família"	"familia-acao-negatoria-de-paternidade"	"Ação Negatória de Paternidade"	"acao negatoria de paternidade"	"Gera petição inicial de ação negatória de paternidade para desconstituir o registro de paternidade que não corresponde à realidade biológica, fundamentada nos arts. 1.601, 1.608 e 1.614 do CC/2002, com pedido de exame de DNA e retificação do registro civil. Use esta skill quando a solicitação envolver Ação Negatória de Paternidade."	""	""	""	""	""	""	""	""	""	""	""	""	""	""	"areas do direito/Família/familia-acao-negatoria-de-paternidade/SKILL.md"
"Família"	"familia-acordo-extrajudicial-familiar"	"Acordo Extrajudicial Familiar"	"acordo extrajudicial familiar"	"Gera a minuta de escritura pública para acordo extrajudicial de família — divórcio consensual, dissolução de união estável, fixação de alimentos e regulamentação de guarda/visitas — para lavratura direta em Tabelionato de Notas, dispensando ação judicial. Use esta skill quando a solicitação envolver Acordo Extrajudicial Familiar."	""	""	""	""	""	""	""	""	""	""	""	""	""	""	"areas do direito/Família/familia-acordo-extrajudicial-familiar/SKILL.md"
"Família"	"familia-adocao"	"Adoção"	"adocao"	"Gera petição inicial de pedido de adoção — nacional, unilateral ou internacional (referência) — com fundamento no ECA, Código Civil e CPC/2015, cobrindo habilitação, estágio de convivência e sentença. Use esta skill quando a solicitação envolver Adoção. Contextos: - Adoção de menor por casal ou pessoa solteira (art. 42 ECA) - Adoção unilateral (adoção do filho do cônjuge/companheiro — art. 41, §1º ECA) - Adoção por maior de 18 anos (art. 42, §1º ECA) - Adoção post mortem (art. 42, §6º ECA) - Adoção de maior de 18 anos (Código Civil — art. 1.619 CC c/c art. 47 ECA) - Pedido de habilitação prévia (art. 197-A ECA)"	""	""	""	""	""	""	""	""	""	""	""	""	""	""	"areas do direito/Família/familia-adocao/SKILL.md"
"Família"	"familia-alienacao-parental"	"Alienação Parental"	"alienacao parental"	"Gera petição inicial de denúncia de alienação parental com pedido de medidas protetivas, fundamentada na Lei 12.318/2010 (Lei de Alienação Parental), ECA e CPC/2015. Use esta skill quando a solicitação envolver Alienação Parental. Contextos: - Genitor que impede ou dificulta visitas do outro genitor - Criança que apresenta síndrome de alienação parental (SAP) - Falsas acusações de abuso para afastar o outro genitor - Mudança de domicílio não autorizada que inviabiliza convivência (art. 2º, VII Lei 12.318/2010) - Pedido de inversão de guarda ou suspensão de visitas ao alienador - Pedido de multa e acompanhamento psicológico por alienação comprovada"	""	""	""	""	""	""	""	""	""	""	""	""	""	""	"areas do direito/Família/familia-alienacao-parental/SKILL.md"
"Família"	"familia-alimentos-gravidicos"	"Alimentos Gravídicos"	"alimentos gravidicos"	"Gera petição inicial de alimentos gravídicos para gestante, fundamentada na Lei 11.804/2008, com pedido de fixação liminar de prestação alimentícia durante a gestação e automática conversão em alimentos para o filho após o nascimento. Use esta skill quando a solicitação envolver Alimentos Gravídicos. Contextos: - Gestante que necessita de suporte financeiro do suposto pai durante a gravidez - Indícios de paternidade (não exige certeza — art. 6º Lei 11.804/2008) - Pedido antes ou após o reconhecimento de paternidade - Conversão automática em pensão alimentícia após o nascimento (art. 6º, parágrafo único Lei 11.804/2008) - Qualquer fase da gestação (da concepção ao parto)"	""	""	""	""	""	""	""	""	""	""	""	""	""	""	"areas do direito/Família/familia-alimentos-gravidicos/SKILL.md"
"Família"	"familia-alvara-judicial-familia"	"Alvará Judicial (Família)"	"alvara judicial familia"	"Gera petição de alvará judicial para autorização de atos que exigem intervenção do juiz de família: levantamento de valores de menor (FGTS, herança, seguro, poupança), alienação de bem imóvel do incapaz, autorização de ato específico em nome de menor ou interdito, fundamentada nos arts. 1.691, 1.748 e 1.749 do CC/2002 e no art. 725 do CPC/2015. Use esta skill quando a solicitação envolver Alvará Judicial (Família)."	""	""	""	""	""	""	""	""	""	""	""	""	""	""	"areas do direito/Família/familia-alvara-judicial-familia/SKILL.md"
"Família"	"familia-busca-e-apreensao-de-menor"	"Busca e Apreensão de Menor"	"busca e apreensao de menor"	"Gera petição inicial de busca e apreensão de menor — ou medida incidental — para restituição imediata da criança ao genitor ou guardião com direito de convivência, com pedido de liminar, fundamentada no ECA, CPC/2015 e Código Civil. Use esta skill quando a solicitação envolver Busca e Apreensão de Menor. Contextos: - Genitor ou terceiro retém criança indevidamente após fim do prazo de visitas - Descumprimento de acordo ou sentença de guarda e visitas - Subtração internacional de menores (Convenção de Haia de 1980 — Dec. 3.413/2000) - Fuga do menor para outro estado sem autorização judicial - Retenção por familiares após morte de um dos genitores"	""	""	""	""	""	""	""	""	""	""	""	""	""	""	"areas do direito/Família/familia-busca-e-apreensao-de-menor/SKILL.md"
"Família"	"familia-destituicao-do-poder-familiar"	"Destituição do Poder Familiar"	"destituicao do poder familiar"	"Gera petição inicial de ação de destituição (ou suspensão) do poder familiar, fundamentada nos arts. 1.637 e 1.638 do CC/2002 e nos arts. 22, 23, 24, 129 e 157 do ECA, com pedido de medida liminar de afastamento e encaminhamento a família substituta ou acolhimento institucional. Use esta skill quando a solicitação envolver Destituição do Poder Familiar."	""	""	""	""	""	""	""	""	""	""	""	""	""	""	"areas do direito/Família/familia-destituicao-do-poder-familiar/SKILL.md"
"Família"	"familia-dissolucao-de-uniao-estavel"	"Dissolução de União Estável"	"dissolucao de uniao estavel"	"Gera petição inicial para dissolução judicial de união estável — consensual ou litigiosa — com partilha de bens, alimentos e guarda de filhos, fundamentada no Código Civil e CPC/2015. Use esta skill quando a solicitação envolver Dissolução de União Estável. Contextos: - Dissolução consensual de união estável com partilha de bens - Dissolução litigiosa (divergência sobre bens, guarda ou alimentos) - Dissolução com pedido de alimentos entre companheiros - Quando há filhos menores e necessidade de regulamentar guarda e visitas - Dissolução extrajudicial (escritura pública — sem filhos menores e com consenso)"	""	""	""	""	""	""	""	""	""	""	""	""	""	""	"areas do direito/Família/familia-dissolucao-de-uniao-estavel/SKILL.md"
"Família"	"familia-emancipacao-de-menor"	"Emancipação de Menor"	"emancipacao de menor"	"Gera petição inicial de emancipação judicial de menor (16 a 18 anos) ou minuta de escritura pública de emancipação voluntária pelos pais, fundamentada nos arts. 5º, parágrafo único, e 1.635, II, do CC/2002, com análise da modalidade adequada ao caso. Use esta skill quando a solicitação envolver Emancipação de Menor."	""	""	""	""	""	""	""	""	""	""	""	""	""	""	"areas do direito/Família/familia-emancipacao-de-menor/SKILL.md"
"Família"	"familia-execucao-de-alimentos-com-prisao-civil"	"Execução de Alimentos com Prisão Civil"	"execucao de alimentos com prisao civil"	"Gera petição de execução de alimentos pelo rito da prisão civil (coerção pessoal), fundamentada no CPC/2015 (arts. 528-533), com citação do executado para pagar em 3 dias ou justificar, sob pena de decreto de prisão de 1 a 3 meses. Use esta skill quando a solicitação envolver Execução de Alimentos com Prisão Civil. Contextos: - Devedor de alimentos inadimplente (até 3 meses anteriores ao pedido de execução pelo rito da prisão) - Quando o rito de prisão é mais eficaz que o de penhora para forçar o pagamento - Alimentos definitivos (sentença), provisórios (liminar) ou acordados - Descumprimento reiterado que justifica repetição da execução coercitiva"	""	""	""	""	""	""	""	""	""	""	""	""	""	""	"areas do direito/Família/familia-execucao-de-alimentos-com-prisao-civil/SKILL.md"
"Família"	"familia-exoneracao-de-alimentos"	"Exoneração de Alimentos"	"exoneracao de alimentos"	"Gera petição inicial de ação de exoneração de alimentos para cessação definitiva da obrigação alimentar, fundamentada no Código Civil, CPC/2015 e súmulas do STJ, com fundamento em mudança de circunstâncias (art. 1.699 CC) ou causas extintivas legais (arts. 1.708-1.709 CC). Use esta skill quando a solicitação envolver Exoneração de Alimentos."	""	""	""	""	""	""	""	""	""	""	""	""	""	""	"areas do direito/Família/familia-exoneracao-de-alimentos/SKILL.md"
"Família"	"familia-filiacao-socioafetiva"	"Filiação Socioafetiva"	"filiacao socioafetiva"	"Gera petição inicial de reconhecimento judicial de filiação socioafetiva ou minuta de escritura pública de reconhecimento voluntário (via Provimento CNJ 83/2019), fundamentada nos arts. 1.593 e 1.596 do CC/2002, no Tema 622 do STF e no Provimento CNJ 83/2019, com todos os efeitos jurídicos (herança, alimentos, nome, plano de saúde). Use esta skill quando a solicitação envolver Filiação Socioafetiva."	""	""	""	""	""	""	""	""	""	""	""	""	""	""	"areas do direito/Família/familia-filiacao-socioafetiva/SKILL.md"
"Família"	"familia-interdicao-e-curatela"	"Interdição e Curatela"	"interdicao e curatela"	"Gera petição inicial de ação de interdição com pedido de curatela, fundamentada no Código Civil, CPC/2015 e Lei Brasileira de Inclusão (Lei 13.146/2015 — Estatuto da Pessoa com Deficiência), conforme a reforma que restringe a interdição total. Use esta skill quando a solicitação envolver Interdição e Curatela. Contextos: - Interdição de pessoa com enfermidade ou deficiência mental grave (art. 1.767 CC) - Interdição de pródigo (art. 1.767, V CC) - Curatela de pessoa com deficiência (art. 84 e ss. Lei 13.146/2015) - Tomada de Decisão Apoiada como alternativa menos restritiva (art. 1.783-A CC) - Levantamento ou modificação de curatela já existente"	""	""	""	""	""	""	""	""	""	""	""	""	""	""	"areas do direito/Família/familia-interdicao-e-curatela/SKILL.md"
"Família"	"familia-inventario-e-partilha"	"Inventário e Partilha"	"inventario e partilha"	"Gera petição de inventário completa — judicial ou extrajudicial — com primeiras declarações, descrição do acervo, cálculo de quinhões, plano de partilha e recolhimento do ITCMD, nos termos do CPC e do Código Civil. Use esta skill quando a solicitação envolver Inventário e Partilha. Contextos: - Inventário judicial (quando há menores, incapazes, testamento ou litígio) - Inventário extrajudicial (consenso, maiores, capazes, sem testamento — orientação para escritura) - Arrolamento sumário (bens de menor valor ou herdeiros concordes) - Partilha de bens do falecido entre herdeiros - Inventário com sobrepartilha (bens descobertos após partilha)"	""	""	""	""	""	""	""	""	""	""	""	""	""	""	"areas do direito/Família/familia-inventario-e-partilha/SKILL.md"
"Família"	"familia-investigacao-de-paternidade"	"Investigação de Paternidade"	"investigacao de paternidade"	"Gera petição inicial de ação de investigação de paternidade cumulada com pedido de alimentos e retificação do registro civil, fundamentada no ECA, Código Civil, Lei 8.560/1992 e CF/88, com pedido de exame de DNA. Use esta skill quando a solicitação envolver Investigação de Paternidade. Contextos: - Filho sem pai no registro civil (mãe solteira ou pai desconhecido) - Filho que desconfia de seu pai registral (ação negatória é a adequada, mas a investigação pode ser cumulada) - Reconhecimento tardio de paternidade (adulto investigando sua origem) - Cumulação com pedido de alimentos e inclusão no plano de saúde - Cumulação com pedido de herança (investigação post mortem)"	""	""	""	""	""	""	""	""	""	""	""	""	""	""	"areas do direito/Família/familia-investigacao-de-paternidade/SKILL.md"
"Família"	"familia-medida-protetiva-de-urgencia-lei-maria-da-penha"	"Medida Protetiva de Urgência (Lei Maria da Penha)"	"medida protetiva de urgencia lei maria da penha"	"Gera representação/petição de medidas protetivas de urgência com base na Lei 11.340/2006 (Lei Maria da Penha), com pedido de afastamento do agressor do lar, proibição de aproximação e contato, alimentos provisórios e outras medidas cabíveis, podendo ser apresentada pela ofendida diretamente na Delegacia ou pelo advogado ao Juizado de Violência Doméstica. Use esta skill quando a solicitação envolver Medida Protetiva de Urgência (Lei Maria da Penha)."	""	""	""	""	""	""	""	""	""	""	""	""	""	""	"areas do direito/Família/familia-medida-protetiva-de-urgencia-lei-maria-da-penha/SKILL.md"
"Família"	"familia-modificacao-de-guarda-e-alimentos"	"Modificação de Guarda e Alimentos"	"modificacao de guarda e alimentos"	"Gera petição de ação de modificação de guarda e/ou revisão de alimentos completa — fundamentada em fato novo e alteração superveniente de circunstâncias — com demonstração do melhor interesse da criança/adolescente e do binômio necessidade/possibilidade, nos termos do Código Civil, ECA e CPC. Use esta skill quando a solicitação envolver Modificação de Guarda e Alimentos."	""	""	""	""	""	""	""	""	""	""	""	""	""	""	"areas do direito/Família/familia-modificacao-de-guarda-e-alimentos/SKILL.md"
"Família"	"familia-multiparentalidade"	"Multiparentalidade"	"multiparentalidade"	"Gera petição inicial de ação de reconhecimento de multiparentalidade (paternidade/maternidade socioafetiva cumulada com a biológica), fundamentada no Tema 622 do STF (RE 898.060), nos arts. 1.593 e 1.596 do CC/2002 e no ECA, com pedido de retificação do registro civil para inclusão de mais de um pai ou mãe. Use esta skill quando a solicitação envolver Multiparentalidade."	""	""	""	""	""	""	""	""	""	""	""	""	""	""	"areas do direito/Família/familia-multiparentalidade/SKILL.md"
"Família"	"familia-pacto-antenupcial"	"Pacto Antenupcial"	"pacto antenupcial"	"Gera minuta de pacto antenupcial para escolha de regime de bens distinto da comunhão parcial, com cláusulas específicas para proteção patrimonial dos nubentes, fundamentado nos arts. 1.639 a 1.688 do CC/2002 e na necessidade de escritura pública (art. 1.640, parágrafo único, CC). Use esta skill quando a solicitação envolver Pacto Antenupcial."	""	""	""	""	""	""	""	""	""	""	""	""	""	""	"areas do direito/Família/familia-pacto-antenupcial/SKILL.md"
"Família"	"familia-parecer-de-direito-de-familia"	"Parecer de Direito de Família"	"parecer de direito de familia"	"Gera um parecer jurídico completo em Direito de Família — análise técnica, doutrinária e jurisprudencial sobre questão concreta — com ementa, relatório, fundamentação e conclusão, nos padrões técnicos exigidos pela advocacia consultiva, seguindo a estrutura formal de parecer jurídico. Use esta skill quando a solicitação envolver Parecer de Direito de Família."	""	""	""	""	""	""	""	""	""	""	""	""	""	""	"areas do direito/Família/familia-parecer-de-direito-de-familia/SKILL.md"
"Família"	"familia-partilha-de-bens"	"Partilha de Bens"	"partilha de bens"	"Gera petição inicial de ação de partilha de bens (judicial ou homologação de partilha extrajudicial), fundamentada nos arts. 1.639 a 1.688 do CC/2002 conforme o regime de bens do casamento, com levantamento dos bens comuns, meação e pedido de adjudicação ou divisão. Use esta skill quando a solicitação envolver Partilha de Bens."	""	""	""	""	""	""	""	""	""	""	""	""	""	""	"areas do direito/Família/familia-partilha-de-bens/SKILL.md"
"Família"	"familia-reconhecimento-de-uniao-estavel"	"Reconhecimento de União Estável"	"reconhecimento de uniao estavel"	"Gera petição inicial ou escritura pública declaratória para reconhecimento judicial ou extrajudicial de união estável, com fundamento no Código Civil, CF/88 e legislação específica. Use esta skill quando a solicitação envolver Reconhecimento de União Estável. Contextos: - Reconhecimento judicial de união estável (ação declaratória) - Reconhecimento post mortem (inventário, pensão, herança) - Declaração extrajudicial em cartório (quando há consenso) - União estável homoafetiva (art. 1.723 CC + ADPF 132/ADI 4277 STF) - Conversão de união estável em casamento (art. 1.726 CC) - Reconhecimento com pedido de partilha de bens"	""	""	""	""	""	""	""	""	""	""	""	""	""	""	"areas do direito/Família/familia-reconhecimento-de-uniao-estavel/SKILL.md"
"Família"	"familia-regulamentacao-de-visitas"	"Regulamentação de Visitas"	"regulamentacao de visitas"	"Gera petição de ação de regulamentação do direito de convivência (visitas) completa — para genitores, avós ou outros parentes — com regime detalhado de convivência (dias, horários, férias, feriados, datas comemorativas), fundamentada no art. 1.589 do CC, ECA e CF/88, priorizando o melhor interesse da criança. Use esta skill quando a solicitação envolver Regulamentação de Visitas."	""	""	""	""	""	""	""	""	""	""	""	""	""	""	"areas do direito/Família/familia-regulamentacao-de-visitas/SKILL.md"
"Família"	"familia-revisao-de-alimentos"	"Revisão de Alimentos"	"revisao de alimentos"	"Gera petição inicial de ação de revisão de alimentos — para majoração ou redução — fundamentada no Código Civil (art. 1.699), CPC/2015 e súmulas do STJ, demonstrando a mudança de circunstâncias que justifica a alteração do valor. Use esta skill quando a solicitação envolver Revisão de Alimentos. Contextos: - Majoração: alimentando empobreceu, alimentante enriqueceu, custo de vida subiu - Redução: alimentante teve queda de renda, alimentando teve melhora financeira, outros filhos nasceram - Revisão de alimentos fixados para ex-cônjuge/companheiro - Revisão de alimentos para filho maior que ingressou em universidade - Revisão periódica quando o valor nominal perdeu poder de compra"	""	""	""	""	""	""	""	""	""	""	""	""	""	""	"areas do direito/Família/familia-revisao-de-alimentos/SKILL.md"
"Família"	"familia-sobrepartilha-de-bens"	"Sobrepartilha de Bens"	"sobrepartilha de bens"	"Gera petição de sobrepartilha de bens não inventariados (CC arts. 2.020-2.022 e CPC art. 669), seja como incidente nos próprios autos do inventário (mesmo juízo prevento) ou em ação autônoma quando o inventário já foi encerrado, com cálculo individualizado de ITCMD por bem novo, plano de partilha e, se for o caso, pedido de adjudicação total ao denunciante por sonegação (CC arts. 1.992-1.996). Use esta skill quando a solicitação envolver Sobrepartilha de Bens."	""	""	""	""	""	""	""	""	""	""	""	""	""	""	"areas do direito/Família/familia-sobrepartilha-de-bens/SKILL.md"
"Família"	"familia-testamento"	"Testamento"	"testamento"	"Gera minuta de testamento público, cerrado ou particular, com distribuição da parte disponível (50% do acervo hereditário para quem tem herdeiros necessários, ou 100% para quem não tem), fundamentada nos arts. 1.857 a 1.990 do CC/2002, com cláusulas de inalienabilidade, impenhorabilidade e incomunicabilidade quando cabíveis. Use esta skill quando a solicitação envolver Testamento."	""	""	""	""	""	""	""	""	""	""	""	""	""	""	"areas do direito/Família/familia-testamento/SKILL.md"
"Família"	"familia-tutela-de-menor"	"Tutela de Menor"	"tutela de menor"	"Gera petição inicial de pedido de tutela de menor, fundamentada no Código Civil, ECA e CPC/2015, para nomeação de tutor quando os pais são falecidos, ausentes, suspensos ou destituídos do poder familiar. Use esta skill quando a solicitação envolver Tutela de Menor."	""	""	""	""	""	""	""	""	""	""	""	""	""	""	"areas do direito/Família/familia-tutela-de-menor/SKILL.md"
"Imobiliário"	"imobiliario-acao-de-despejo"	"Ação de Despejo"	"acao de despejo"	"Gera uma petição inicial de ação de despejo completa e fundamentada, abrangendo as modalidades de falta de pagamento (art. 62), denúncia vazia (arts. 46, 57 e 573 CC), infração contratual (art. 9º, II) e demais hipóteses previstas na Lei 8.245/91 (Lei do Inquilinato), com pedidos de liminar, tutela antecipada e cumulação de cobrança de aluguéis quando cabível. Use esta skill quando a solicitação envolver Ação de Despejo."	""	""	""	""	""	""	""	""	""	""	""	""	""	""	"areas do direito/Imobiliário/imobiliario-acao-de-despejo/SKILL.md"
"Imobiliário"	"imobiliario-acao-de-usucapiao"	"Ação de Usucapião"	"acao de usucapiao"	"Gera uma petição inicial de usucapião completa e fundamentada, identificando a modalidade aplicável (extraordinária, ordinária, especial urbana, especial rural ou coletiva), com narrativa fática detalhada, fundamentação nos arts. 1.238-1.244 do CC e art. 1.071 do CPC (arts. 216-A da Lei 6.015/73 para extrajudicial), pedidos e requerimentos específicos. Use esta skill quando a solicitação envolver Ação de Usucapião."	""	""	""	""	""	""	""	""	""	""	""	""	""	""	"areas do direito/Imobiliário/imobiliario-acao-de-usucapiao/SKILL.md"
"Imobiliário"	"imobiliario-acao-indenizatoria-por-atraso-de-obra"	"Ação Indenizatória por Atraso de Obra"	"acao indenizatoria por atraso de obra"	"Gera petição inicial de ação indenizatória por atraso na entrega de imóvel adquirido na planta, com fundamento na Lei 13.786/18, no art. 43-A da Lei 4.591/64 e na jurisprudência consolidada do STJ. Cobre os pedidos cumuláveis (multa contratual moratória, lucros cessantes, danos morais, restituição de TR/INCC indevidos durante o atraso), a opção entre tutela específica para entrega ou resolução com restituição integral (Súmula 543 STJ), e o cálculo individualizado da indenização conforme o caso concreto. Use esta skill quando a solicitação envolver Ação Indenizatória por Atraso de Obra."	""	""	""	""	""	""	""	""	""	""	""	""	""	""	"areas do direito/Imobiliário/imobiliario-acao-indenizatoria-por-atraso-de-obra/SKILL.md"
"Imobiliário"	"imobiliario-acao-por-vicios-construtivos"	"Ação por Vícios Construtivos"	"acao por vicios construtivos"	"Gera petição inicial completa para ação contra construtora, incorporadora e/ou responsável técnico em razão de vícios construtivos no imóvel — infiltrações, trincas estruturais, problemas de fundação, vazamentos generalizados, esquadrias defeituosas, defeitos em áreas comuns, materiais inferiores ao prometido. Diagnostica corretamente o regime aplicável (CC art. 618 — solidez e segurança; CDC arts. 18 e 26 — incorporação imobiliária como relação de consumo; arts. 441 e ss. — vícios redibitórios) e calibra prazos decadenciais, pedidos cumulados e responsabilidade solidária da cadeia de fornecedores. Use esta skill quando a solicitação envolver Ação por Vícios Construtivos."	""	""	""	""	""	""	""	""	""	""	""	""	""	""	"areas do direito/Imobiliário/imobiliario-acao-por-vicios-construtivos/SKILL.md"
"Imobiliário"	"imobiliario-acao-renovatoria-de-locacao-comercial"	"Ação Renovatória de Locação Comercial"	"acao renovatoria de locacao comercial"	"Gera petição inicial de ação renovatória de locação não residencial (comercial), para o locatário com direito à renovação compulsória do contrato por igual prazo. Fundamentada nos arts. 51-57 da Lei 8.245/91 (Lei do Inquilinato), protege o fundo de comércio do locatário que preencheu os requisitos legais e garante a renovação mesmo contra a vontade do locador, salvo exceções previstas em lei. Use esta skill quando a solicitação envolver Ação Renovatória de Locação Comercial."	""	""	""	""	""	""	""	""	""	""	""	""	""	""	"areas do direito/Imobiliário/imobiliario-acao-renovatoria-de-locacao-comercial/SKILL.md"
"Imobiliário"	"imobiliario-acao-revisional-de-aluguel"	"Ação Revisional de Aluguel"	"acao revisional de aluguel"	"Gera petição inicial de ação revisional de aluguel, tanto para o locador que busca o aumento do aluguel defasado quanto para o locatário que busca a redução de aluguel acima do mercado. Fundamentada no art. 19 da Lei 8.245/91, permite a revisão judicial do valor quando o aluguel está incompatível com o preço de mercado, desde que passado o prazo mínimo de 3 anos do contrato ou da última revisão judicial. Use esta skill quando a solicitação envolver Ação Revisional de Aluguel."	""	""	""	""	""	""	""	""	""	""	""	""	""	""	"areas do direito/Imobiliário/imobiliario-acao-revisional-de-aluguel/SKILL.md"
"Imobiliário"	"imobiliario-adjudicacao-compulsoria"	"Adjudicação Compulsória"	"adjudicacao compulsoria"	"Gera petição inicial de ação de adjudicação compulsória para o promitente comprador que quitou o preço do imóvel mas não consegue obter a escritura definitiva por recusa ou impossibilidade do promitente vendedor. Fundamenta-se no direito real do promitente comprador (art. 1.417 CC/2002) e substitui a outorga da escritura pela sentença judicial, que servirá de título para registro no cartório de imóveis. Use esta skill quando a solicitação envolver Adjudicação Compulsória."	""	""	""	""	""	""	""	""	""	""	""	""	""	""	"areas do direito/Imobiliário/imobiliario-adjudicacao-compulsoria/SKILL.md"
"Imobiliário"	"imobiliario-analise-de-matricula-imobiliaria"	"Análise de Matrícula Imobiliária"	"analise de matricula imobiliaria"	"Realiza uma análise completa de matrícula imobiliária, identificando ônus, gravames, irregularidades na cadeia dominial, averbações pendentes e riscos jurídicos para a transação, com base na Lei 6.015/73 (Lei de Registros Públicos) e no Código Civil. Use esta skill quando a solicitação envolver Análise de Matrícula Imobiliária."	""	""	""	""	""	""	""	""	""	""	""	""	""	""	"areas do direito/Imobiliário/imobiliario-analise-de-matricula-imobiliaria/SKILL.md"
"Imobiliário"	"imobiliario-cobranca-de-taxas-condominiais"	"Cobrança de Taxas Condominiais"	"cobranca de taxas condominiais"	"Gera petição inicial de ação de cobrança de taxas condominiais em atraso, tanto pelo rito de execução de título extrajudicial (quando há convenção ou ata de assembleia que preveja a contribuição) quanto pelo rito de cobrança ordinária. Abrange a cobrança de cotas de condomínio edilício (apartamentos, salas, lojas), bem como fundos de reserva e taxas extras aprovadas em assembleia. Use esta skill quando a solicitação envolver Cobrança de Taxas Condominiais."	""	""	""	""	""	""	""	""	""	""	""	""	""	""	"areas do direito/Imobiliário/imobiliario-cobranca-de-taxas-condominiais/SKILL.md"
"Imobiliário"	"imobiliario-contrato-de-compra-e-venda-de-imovel"	"Contrato de Compra e Venda de Imóvel"	"contrato de compra e venda de imovel"	"Gera um contrato de compra e venda de imóvel completo e fundamentado, incluindo promessa ou escritura definitiva, com cláusulas essenciais de preço, pagamento, posse, evicção, vícios e penalidades, conforme os arts. 481-532 do Código Civil e legislação registral. Use esta skill quando a solicitação envolver Contrato de Compra e Venda de Imóvel."	""	""	""	""	""	""	""	""	""	""	""	""	""	""	"areas do direito/Imobiliário/imobiliario-contrato-de-compra-e-venda-de-imovel/SKILL.md"
"Imobiliário"	"imobiliario-contrato-de-locacao-residencial-e-comercial"	"Contrato de Locação Residencial e Comercial"	"contrato de locacao residencial e comercial"	"Gera minuta completa de contrato de locação de imóvel urbano, residencial ou comercial, com todas as cláusulas essenciais exigidas pela Lei 8.245/91 (Lei do Inquilinato), incluindo identificação das partes, descrição do imóvel, prazo, valor e reajuste, garantia locatícia, benfeitorias, multa rescisória e disposições específicas para cada tipo de locação. Use esta skill quando a solicitação envolver Contrato de Locação Residencial e Comercial."	""	""	""	""	""	""	""	""	""	""	""	""	""	""	"areas do direito/Imobiliário/imobiliario-contrato-de-locacao-residencial-e-comercial/SKILL.md"
"Imobiliário"	"imobiliario-distrato-imobiliario-e-rescisao-de-pro-60c65b59"	"Distrato Imobiliário e Rescisão de Promessa de Compra e Venda"	"distrato imobiliario e rescisao de pro 60c65b59"	"Gera petição inicial de ação de rescisão de promessa de compra e venda imobiliária com restituição das quantias pagas, ou minuta de distrato consensual entre as partes. Abrange tanto a rescisão por iniciativa do comprador (desistência) quanto por inadimplência do vendedor (atraso na entrega, vícios na obra), com base na Lei 13.786/18 (Lei do Distrato Imobiliário) e no Código Civil. Use esta skill quando a solicitação envolver Distrato Imobiliário e Rescisão de Promessa de Compra e Venda."	""	""	""	""	""	""	""	""	""	""	""	""	""	""	"areas do direito/Imobiliário/imobiliario-distrato-imobiliario-e-rescisao-de-pro-60c65b59/SKILL.md"
"Imobiliário"	"imobiliario-embargos-de-terceiro-imobiliario"	"Embargos de Terceiro (Imobiliário)"	"embargos de terceiro imobiliario"	"Gera petição inicial de embargos de terceiro para proteger o possuidor ou proprietário de imóvel que está sendo atingido por penhora, arresto, sequestro ou outra constrição judicial em processo do qual não é parte. Aplica-se especialmente ao promissário comprador que não registrou o compromisso, ao adquirente antes do registro e a outros terceiros com posse ou direito real sobre o bem. Use esta skill quando a solicitação envolver Embargos de Terceiro (Imobiliário)."	""	""	""	""	""	""	""	""	""	""	""	""	""	""	"areas do direito/Imobiliário/imobiliario-embargos-de-terceiro-imobiliario/SKILL.md"
"Imobiliário"	"imobiliario-imissao-na-posse"	"Imissão na Posse"	"imissao na posse"	"Gera petição inicial de ação de imissão na posse para o proprietário (ou adquirente com título registrado) que nunca exerceu a posse do imóvel e precisa obtê-la judicialmente. Diferencia-se da reintegração de posse (quem perdeu a posse) e do despejo (relação locatícia), sendo cabível quando há propriedade sem posse prévia — especialmente após arrematação judicial, adjudicação, compra e venda ou financiamento imobiliário. Use esta skill quando a solicitação envolver Imissão na Posse."	""	""	""	""	""	""	""	""	""	""	""	""	""	""	"areas do direito/Imobiliário/imobiliario-imissao-na-posse/SKILL.md"
"Imobiliário"	"imobiliario-incorporacao-imobiliaria-registro-e-compliance"	"Incorporação Imobiliária — Registro e Compliance"	"incorporacao imobiliaria registro e compliance"	"Gera parecer jurídico ou checklist completo para o registro de incorporação imobiliária no Cartório de Registro de Imóveis, conforme o art. 32 da Lei 4.591/64. Também analisa o regime de patrimônio de afetação, a minuta da convenção condominial, os contratos de promessa de compra e venda das unidades e a conformidade legal do empreendimento. Instrumento essencial para incorporadoras antes de lançar o empreendimento. Use esta skill quando a solicitação envolver Incorporação Imobiliária — Registro e Compliance."	""	""	""	""	""	""	""	""	""	""	""	""	""	""	"areas do direito/Imobiliário/imobiliario-incorporacao-imobiliaria-registro-e-compliance/SKILL.md"
"Imobiliário"	"imobiliario-loteamento-irregular-defesa-do-adquirente"	"Loteamento Irregular — Defesa do Adquirente"	"loteamento irregular defesa do adquirente"	"Gera petição inicial ou notificação extrajudicial para proteger o adquirente de lote em loteamento irregular ou clandestino, buscando a regularização do loteamento, a adjudicação compulsória do lote, indenização por vícios ou rescisão com devolução integral dos valores pagos. Também analisa a responsabilidade do Município quando deveria ter impedido o loteamento ou prestado os serviços urbanos prometidos. Use esta skill quando a solicitação envolver Loteamento Irregular — Defesa do Adquirente."	""	""	""	""	""	""	""	""	""	""	""	""	""	""	"areas do direito/Imobiliário/imobiliario-loteamento-irregular-defesa-do-adquirente/SKILL.md"
"Imobiliário"	"imobiliario-notificacao-imobiliaria-extrajudicial"	"Notificação Imobiliária Extrajudicial"	"notificacao imobiliaria extrajudicial"	"Gera notificações extrajudiciais completas e fundamentadas para situações imobiliárias, abrangendo desocupação de imóvel, cobrança de inadimplência locatícia, renovação ou não renovação de contrato, retomada para uso próprio, infração contratual e demais hipóteses previstas na Lei 8.245/91, no Código Civil e na legislação registral, com linguagem formal adequada para registro em cartório de títulos e documentos. Use esta skill quando a solicitação envolver Notificação Imobiliária Extrajudicial."	""	""	""	""	""	""	""	""	""	""	""	""	""	""	"areas do direito/Imobiliário/imobiliario-notificacao-imobiliaria-extrajudicial/SKILL.md"
"Imobiliário"	"imobiliario-parecer-juridico-imobiliario"	"Parecer Jurídico Imobiliário"	"parecer juridico imobiliario"	"Gera um parecer jurídico imobiliário completo e fundamentado, abrangendo análise de viabilidade de negócio, identificação de riscos jurídicos, due diligence documental, regularização de imóveis e recomendações estratégicas. O parecer contempla análise de matrícula, certidões, situação registral, urbanística, ambiental e fiscal do imóvel, com fundamentação no Código Civil, Lei de Registros Públicos (Lei 6.015/73), Estatuto da Cidade (Lei 10.257/01) e legislação complementar. Use esta skill quando a solicitação envolver Parecer Jurídico Imobiliário."	""	""	""	""	""	""	""	""	""	""	""	""	""	""	"areas do direito/Imobiliário/imobiliario-parecer-juridico-imobiliario/SKILL.md"
"Imobiliário"	"imobiliario-prestacao-de-contas-de-condominio"	"Prestação de Contas de Condomínio"	"prestacao de contas de condominio"	"Gera petição inicial de ação de prestação de contas em condomínio edilício, tanto para o condômino que exige contas do síndico (ação exigindo contas) quanto para o síndico que presta contas ao condomínio (ação oferecendo contas). Também abrange a prestação de contas na fase administrativa (assembleia) e a responsabilização do síndico por irregularidades na gestão condominial. Use esta skill quando a solicitação envolver Prestação de Contas de Condomínio."	""	""	""	""	""	""	""	""	""	""	""	""	""	""	"areas do direito/Imobiliário/imobiliario-prestacao-de-contas-de-condominio/SKILL.md"
"Imobiliário"	"imobiliario-regularizacao-fundiaria-reurb"	"Regularização Fundiária (REURB)"	"regularizacao fundiaria reurb"	"Gera requerimento de Regularização Fundiária Urbana (REURB) ao Município ou petição para regularização de assentamento informal, seguindo o procedimento da Lei 13.465/17 e do Decreto 9.310/18. Abrange a REURB-S (interesse social — baixa renda) e a REURB-E (interesse específico — outros casos), desde a abertura do processo administrativo até o registro da CRF (Certidão de Regularização Fundiária) no cartório de imóveis. Use esta skill quando a solicitação envolver Regularização Fundiária (REURB)."	""	""	""	""	""	""	""	""	""	""	""	""	""	""	"areas do direito/Imobiliário/imobiliario-regularizacao-fundiaria-reurb/SKILL.md"
"Imobiliário"	"imobiliario-reintegracao-de-posse-imobiliario"	"Reintegração de Posse (Imobiliário)"	"reintegracao de posse imobiliario"	"Gera petição inicial de ação de reintegração de posse para o possuidor que foi esbulhado (perdeu a posse por ato de violência, clandestinidade ou precariedade) e deseja recuperá-la judicialmente, com pedido de liminar quando o esbulho for recente. Aplica-se a imóveis urbanos e rurais, diferenciando-se da imissão na posse (quem nunca teve) e do despejo (relação locatícia). Use esta skill quando a solicitação envolver Reintegração de Posse (Imobiliário)."	""	""	""	""	""	""	""	""	""	""	""	""	""	""	"areas do direito/Imobiliário/imobiliario-reintegracao-de-posse-imobiliario/SKILL.md"
"Imobiliário"	"imobiliario-retificacao-de-area-de-imovel"	"Retificação de Área de Imóvel"	"retificacao de area de imovel"	"Gera requerimento de retificação administrativa de área ou petição inicial de retificação judicial de imóvel, para corrigir divergências entre a área constante na matrícula e a área real do imóvel. Abrange retificação unilateral (erro de descrição, sem prejuízo a confrontantes) e retificação com anuência de confrontantes, seguindo o procedimento do art. 213 da Lei 6.015/73. Use esta skill quando a solicitação envolver Retificação de Área de Imóvel."	""	""	""	""	""	""	""	""	""	""	""	""	""	""	"areas do direito/Imobiliário/imobiliario-retificacao-de-area-de-imovel/SKILL.md"
"Imobiliário"	"imobiliario-revisao-de-financiamento-imobiliario-sfh"	"Revisão de Financiamento Imobiliário (SFH)"	"revisao de financiamento imobiliario sfh"	"Gera petição inicial de ação revisional de financiamento imobiliário pelo Sistema Financeiro de Habitação (SFH), para discutir cláusulas abusivas, capitalização indevida de juros, índice de reajuste ilegal, cobranças indevidas e saldo devedor maior do que o esperado. Também abrange financiamentos pelo SBPE e FGTS, com foco em contratos onde o saldo devedor cresceu em vez de diminuir após anos de pagamento. Use esta skill quando a solicitação envolver Revisão de Financiamento Imobiliário (SFH)."	""	""	""	""	""	""	""	""	""	""	""	""	""	""	"areas do direito/Imobiliário/imobiliario-revisao-de-financiamento-imobiliario-sfh/SKILL.md"
"Imobiliário"	"imobiliario-usucapiao-extrajudicial"	"Usucapião Extrajudicial"	"usucapiao extrajudicial"	"Gera requerimento de usucapião extrajudicial dirigido ao Oficial de Registro de Imóveis, conforme o procedimento do art. 216-A do CPC/2015 e do Provimento CNJ nº 65/17 (e atualizações). É uma via mais célere e menos custosa que a ação judicial de usucapião, exigindo a anuência dos titulares do domínio e dos confrontantes, além de laudo técnico com ART/RRT. Use esta skill quando a solicitação envolver Usucapião Extrajudicial."	""	""	""	""	""	""	""	""	""	""	""	""	""	""	"areas do direito/Imobiliário/imobiliario-usucapiao-extrajudicial/SKILL.md"
"Internacional"	"internacional-apostilamento-e-legalizacao-de-documentos"	"Apostilamento e Legalização de Documentos"	"apostilamento e legalizacao de documentos"	"Gera orientação jurídica detalhada e petições relacionadas ao apostilamento (Convenção de Haia — Decreto 8.660/2016) e à legalização consular de documentos brasileiros para uso no exterior ou de documentos estrangeiros para uso no Brasil, com análise do procedimento correto conforme o país destinatário. Use esta skill quando a solicitação envolver Apostilamento e Legalização de Documentos."	""	""	""	""	""	""	""	""	""	""	""	""	""	""	"areas do direito/Internacional/internacional-apostilamento-e-legalizacao-de-documentos/SKILL.md"
"Internacional"	"internacional-carta-rogatoria"	"Carta Rogatória"	"carta rogatoria"	"Gera requerimento de expedição de carta rogatória para cumprimento de ato processual no exterior (citação, intimação, coleta de provas, penhora de bens), com fundamento nos arts. 26 a 41 do CPC, art. 105, I, ""i"" da CF/88 e nos tratados de cooperação jurídica internacional aplicáveis. Use esta skill quando a solicitação envolver Carta Rogatória. Contextos: - Necessidade de citar réu domiciliado no exterior - Intimação de testemunha residente fora do Brasil - Coleta de prova documental ou testemunhal em país estrangeiro - Penhora ou bloqueio de bens localizados no exterior - Cumprimento de decisão interlocutória com efeitos transfronteiriços"	""	""	""	""	""	""	""	""	""	""	""	""	""	""	"areas do direito/Internacional/internacional-carta-rogatoria/SKILL.md"
"Internacional"	"internacional-contrato-internacional"	"Contrato Internacional"	"contrato internacional"	"Gera contratos internacionais (comercial, prestação de serviços, licença, distribuição, compra e venda) com cláusulas de eleição de foro, lei aplicável, arbitragem internacional, force majeure e compliance, observando o art. 9º da LINDB, os princípios UNIDROIT e os usos do comércio internacional. Use esta skill quando a solicitação envolver Contrato Internacional."	""	""	""	""	""	""	""	""	""	""	""	""	""	""	"areas do direito/Internacional/internacional-contrato-internacional/SKILL.md"
"Internacional"	"internacional-cooperacao-juridica-internacional"	"Cooperação Jurídica Internacional"	"cooperacao juridica internacional"	"Gera requerimentos e petições relacionadas à cooperação jurídica internacional em matéria penal e cível — incluindo pedidos de Mutual Legal Assistance (MLAT/MLAT), auxílio direto, transferência de presos, recuperação de ativos no exterior e comunicação com organismos internacionais (Interpol, Europol, DRCI) — com fundamento nos arts. 26 a 41 do CPC, Decreto-Lei 2.605/1998 e nos tratados aplicáveis. Use esta skill quando a solicitação envolver Cooperação Jurídica Internacional."	""	""	""	""	""	""	""	""	""	""	""	""	""	""	"areas do direito/Internacional/internacional-cooperacao-juridica-internacional/SKILL.md"
"Internacional"	"internacional-defesa-em-processo-de-extradicao"	"Defesa em Processo de Extradição"	"defesa em processo de extradicao"	"Gera defesa técnica em processo de extradição passiva perante o Supremo Tribunal Federal (STF), com fundamento nos arts. 81 a 101 da Lei n. 13.445/2017 (Lei de Migração), nos tratados bilaterais de extradição aplicáveis e na CF/88, explorando todas as causas de inadmissibilidade e os direitos do extraditando. Use esta skill quando a solicitação envolver Defesa em Processo de Extradição."	""	""	""	""	""	""	""	""	""	""	""	""	""	""	"areas do direito/Internacional/internacional-defesa-em-processo-de-extradicao/SKILL.md"
"Internacional"	"internacional-homologacao-de-sentenca-estrangeira"	"Homologação de Sentença Estrangeira"	"homologacao de sentenca estrangeira"	"Gera pedido de homologação de sentença estrangeira perante o Superior Tribunal de Justiça (STJ), com fundamento nos arts. 960 a 965 do CPC, art. 105, I, ""i"" da CF/88 e na Resolução STJ n. 9/2005, para que decisão judicial prolatada no exterior produza efeitos no Brasil. Use esta skill quando a solicitação envolver Homologação de Sentença Estrangeira."	""	""	""	""	""	""	""	""	""	""	""	""	""	""	"areas do direito/Internacional/internacional-homologacao-de-sentenca-estrangeira/SKILL.md"
"Militar"	"militar-acao-de-indenizacao-por-acidente-em-servico-militar"	"Ação de Indenização por Acidente em Serviço Militar"	"acao de indenizacao por acidente em servico militar"	"Gera petição inicial de ação de indenização por danos materiais e morais decorrentes de acidente sofrido por militar em serviço, com fundamento na CF/88, na Lei 6.880/80 (Estatuto dos Militares), na Lei 7.670/88 (auxílio-invalidez) e no Código Civil, buscando a responsabilização do Estado pelos danos físicos, psicológicos e patrimoniais causados ao militar ou a seus dependentes. Use esta skill quando a solicitação envolver Ação de Indenização por Acidente em Serviço Militar."	""	""	""	""	""	""	""	""	""	""	""	""	""	""	"areas do direito/Militar/militar-acao-de-indenizacao-por-acidente-em-servico-militar/SKILL.md"
"Militar"	"militar-acao-de-reintegracao-ao-servico-militar-exclusao-ilegal"	"Ação de Reintegração ao Serviço Militar (Exclusão Ilegal)"	"acao de reintegracao ao servico militar exclusao ilegal"	"Gera petição inicial de ação ordinária (ou mandado de segurança com pedido de reintegração) para militar excluído ilegalmente das Forças Armadas ou das Polícias Militares estaduais, com fundamento no Estatuto dos Militares (Lei 6.880/80), na CF/88 e na legislação específica da força, buscando a anulação do ato de exclusão e a reintegração ao serviço ativo com ressarcimento de todos os direitos pecuniários. Use esta skill quando a solicitação envolver Ação de Reintegração ao Serviço Militar (Exclusão Ilegal)."	""	""	""	""	""	""	""	""	""	""	""	""	""	""	"areas do direito/Militar/militar-acao-de-reintegracao-ao-servico-militar-exclusao-ilegal/SKILL.md"
"Militar"	"militar-defesa-criminal-militar"	"Defesa Criminal Militar"	"defesa criminal militar"	"Gera resposta à acusação e alegações finais em processo criminal militar perante a Justiça Militar (federal ou estadual), com fundamento no Código Penal Militar (Decreto-Lei 1.001/1969), no Código de Processo Penal Militar (Decreto-Lei 1.002/1969) e na CF/88, impugnando a tipificação do crime militar, apresentando excludentes de ilicitude, circunstâncias atenuantes e buscando a absolvição ou a pena mínima. Use esta skill quando a solicitação envolver Defesa Criminal Militar."	""	""	""	""	""	""	""	""	""	""	""	""	""	""	"areas do direito/Militar/militar-defesa-criminal-militar/SKILL.md"
"Militar"	"militar-defesa-em-processo-administrativo-discipli-8e7ee95b"	"Defesa em Processo Administrativo Disciplinar - Guarda Municipal"	"defesa em processo administrativo discipli 8e7ee95b"	"Gera defesa escrita em Processo Administrativo Disciplinar (PAD) instaurado contra agente da Guarda Municipal, com fundamento na CF/88, na Lei 13.022/14 (Estatuto Geral das Guardas Municipais), na Lei 9.784/99 (processo administrativo federal subsidiário) e na legislação municipal específica, buscando a absolvição do guarda ou a aplicação da pena mais branda, com impugnação dos vícios processuais e dos fatos imputados. Use esta skill quando a solicitação envolver Defesa em Processo Administrativo Disciplinar - Guarda Municipal."	""	""	""	""	""	""	""	""	""	""	""	""	""	""	"areas do direito/Militar/militar-defesa-em-processo-administrativo-discipli-8e7ee95b/SKILL.md"
"Militar"	"militar-habeas-corpus-na-justica-militar"	"Habeas Corpus na Justiça Militar"	"habeas corpus na justica militar"	"Gera petição de habeas corpus para impugnar prisão ilegal de militar perante a Justiça Militar (federal ou estadual), o STM ou os Tribunais de Justiça Militar estaduais, com fundamento no CPPM (Decreto-Lei 1.002/1969), na CF/88 e na Lei 6.880/80, buscando a soltura imediata do paciente ou a concessão de salvo-conduto para evitar prisão iminente. Use esta skill quando a solicitação envolver Habeas Corpus na Justiça Militar."	""	""	""	""	""	""	""	""	""	""	""	""	""	""	"areas do direito/Militar/militar-habeas-corpus-na-justica-militar/SKILL.md"
"Militar"	"militar-mandado-de-seguranca-contra-ato-de-autoridade-militar"	"Mandado de Segurança contra Ato de Autoridade Militar"	"mandado de seguranca contra ato de autoridade militar"	"Gera petição de mandado de segurança para impugnar ato ilegal ou abusivo de autoridade militar que viole direito líquido e certo de militar ou de civil, com fundamento na Lei 12.016/09, na CF/88, na Lei 6.880/80 e no Estatuto dos Militares, buscando a anulação do ato e a imediata suspensão de seus efeitos via liminar. Use esta skill quando a solicitação envolver Mandado de Segurança contra Ato de Autoridade Militar."	""	""	""	""	""	""	""	""	""	""	""	""	""	""	"areas do direito/Militar/militar-mandado-de-seguranca-contra-ato-de-autoridade-militar/SKILL.md"
"Militar"	"militar-pedido-de-liberdade-provisoria-justica-militar"	"Pedido de Liberdade Provisória (Justiça Militar)"	"pedido de liberdade provisoria justica militar"	"Gera petição de pedido de liberdade provisória com ou sem fiança para militar preso em flagrante ou preventivamente no âmbito da Justiça Militar, com fundamento no CPPM (Decreto-Lei 1.002/1969) e na CF/88, buscando a soltura imediata do militar mediante o cumprimento de condições ou mediante o pagamento de fiança, demonstrando a ausência dos requisitos que legitimam a manutenção da custódia cautelar. Use esta skill quando a solicitação envolver Pedido de Liberdade Provisória (Justiça Militar)."	""	""	""	""	""	""	""	""	""	""	""	""	""	""	"areas do direito/Militar/militar-pedido-de-liberdade-provisoria-justica-militar/SKILL.md"
"Militar"	"militar-recurso-em-processo-administrativo-discipl-f669ca6a"	"Recurso em Processo Administrativo Disciplinar Militar (PAD)"	"recurso em processo administrativo discipl f669ca6a"	"Gera recurso administrativo contra decisão proferida em Processo Administrativo Disciplinar Militar (PAD), Inquérito Policial Militar (IPM) ou sindicância, com fundamento no Estatuto dos Militares (Lei 6.880/1980), nos regulamentos disciplinares das Forças Armadas (RDE, RDAER, RDM) ou das Polícias Militares estaduais, buscando a anulação do processo, a absolvição ou a redução da punição aplicada. Use esta skill quando a solicitação envolver Recurso em Processo Administrativo Disciplinar Militar (PAD)."	""	""	""	""	""	""	""	""	""	""	""	""	""	""	"areas do direito/Militar/militar-recurso-em-processo-administrativo-discipl-f669ca6a/SKILL.md"
"Militar"	"militar-recurso-em-sentido-estrito-cppm"	"Recurso em Sentido Estrito (CPPM)"	"recurso em sentido estrito cppm"	"Gera razões de recurso em sentido estrito (RESE) no âmbito da Justiça Militar, com fundamento nos arts. 516-537 do CPPM (Decreto-Lei 1.002/1969), para impugnar decisões interlocutórias mistas (que extinguem o processo sem julgamento do mérito), rejeição de denúncia, pronúncia, impronúncia, decretação ou revogação de prisão preventiva e outras hipóteses expressamente previstas no CPPM. Use esta skill quando a solicitação envolver Recurso em Sentido Estrito (CPPM)."	""	""	""	""	""	""	""	""	""	""	""	""	""	""	"areas do direito/Militar/militar-recurso-em-sentido-estrito-cppm/SKILL.md"
"Militar"	"militar-revisao-criminal-militar-revisao-de-senten-3eff862a"	"Revisão Criminal Militar (Revisão de Sentença Condenatória)"	"revisao criminal militar revisao de senten 3eff862a"	"Gera petição de revisão criminal perante o Superior Tribunal Militar (STM) para impugnar sentença condenatória transitada em julgado na Justiça Militar, com fundamento nos arts. 593-606 do CPPM e na CF/88, buscando a absolvição do militar condenado, a redução da pena ou a alteração do regime de cumprimento, com base em prova nova, nulidade processual grave ou aplicação equivocada da lei penal militar. Use esta skill quando a solicitação envolver Revisão Criminal Militar (Revisão de Sentença Condenatória)."	""	""	""	""	""	""	""	""	""	""	""	""	""	""	"areas do direito/Militar/militar-revisao-criminal-militar-revisao-de-senten-3eff862a/SKILL.md"
"Penal"	"acesso-autos-investigacao"	"Acesso aos Autos de Investigação (SV 14 e Reclamação ao STF)"	"autos investigacao"	"Use ao elaborar pedido de ACESSO AOS AUTOS DE INVESTIGAÇÃO em favor do investigado/defesa — vista e cópia de inquérito policial (IP), PIC do MP ou qualquer procedimento investigatório, com base na Súmula Vinculante 14 do STF e no art. 7º, XIV e §§ 10-12, do EAOAB (Lei 8.906/94, com a redação da Lei 13.245/2016) — e ao redigir a RECLAMAÇÃO CONSTITUCIONAL ao STF por descumprimento da SV 14 (CF, art. 103-A, § 3º; Lei 11.417/2006, art. 7º; CPC, arts. 988-993). Aciona com: acesso aos autos, vista dos autos do inquérito, delegado negou vista, cópia integral do IP, mídias de interceptação, autos sigilosos, sigilo decretado, elementos já documentados, diligências em andamento, SV 14, Súmula Vinculante 14, art. 7º XIV EAOAB, Estatuto da OAB, Lei 13.245/2016, prerrogativa do advogado, abuso de autoridade (Lei 13.869/2019, art. 32), Reclamação, reclamação constitucional, Rcl, descumprimento de súmula vinculante, STF, MP não deixa ver o PIC, paridade de armas na investigação."	""	""	""	""	""	""	""	""	""	""	""	""	""	""	"areas do direito/Penal/acesso-autos-investigacao/SKILL.md"
"Penal"	"acompanhamento-depoimento-cpi-pic"	"Acompanhamento de depoimento em CPI e PIC"	"depoimento cpi pic"	"Use ao acompanhar o depoimento de investigado ou testemunha perante COMISSÃO PARLAMENTAR DE INQUÉRITO (CPI/CPMI) ou PROCEDIMENTO INVESTIGATÓRIO CRIMINAL do MP (PIC) — os poderes de instrução da CPI (CF, art. 58, §3º) e seus limites sob reserva de jurisdição, o direito ao silêncio e à não autoincriminação garantidos por HABEAS CORPUS PREVENTIVO (direito de não responder o que incrimine, presença do advogado, não assinar compromisso quanto a esses fatos, vedação de condução coercitiva), a distinção entre convocado como testemunha × investigado e a assistência no PIC (Resolução 181/2017 do CNMP). Aciona com: depoimento na CPI, convocação para CPI, intimação de CPMI, cliente convocado como testemunha em CPI, investigado em CPI, salvo-conduto para CPI, HC preventivo para depoimento, direito ao silêncio na CPI, não autoincriminação, nemo tenetur se detegere, presença do advogado no depoimento, condução coercitiva vedada, poderes de investigação da CPI, reserva de jurisdição, quebra de sigilo pela CPI, depoimento no PIC, oitiva no procedimento investigatório criminal do MP, Resolução 181 CNMP, art. 58 §3º CF, testemunha × investigado, compromisso de dizer a verdade, falso testemunho na CPI. Aciona mesmo sem nomeação explícita quando o cenário for oitiva perante comissão parlamentar ou órgão do MP com risco de autoincriminação."	""	""	""	""	""	""	""	""	""	""	""	""	""	""	"areas do direito/Penal/acompanhamento-depoimento-cpi-pic/SKILL.md"
"Penal"	"agravo-em-execucao"	"Agravo em Execução"	"em execucao"	"Use ao elaborar, redigir, estruturar ou revisar a peça criminal de AGRAVO EM EXECUÇÃO (agravo de execução ou simplesmente agravo) no processo penal brasileiro — recurso que ataca decisões do juiz da execução penal. Aciona com: agravo em execução, agravo de execução, agravo, art. 197 LEP, Lei 7.210/84, juiz da execução, VEC, vara de execução penal, progressão de regime, livramento condicional, art. 66 LEP (competência), Súmula 700 STF, efeito regressivo, art. 589 CPP, art. 179 LEP. Aciona também na fase da execução penal após o trânsito em julgado, decisões sobre progressão/regressão de regime, remição, detração, saídas temporárias, em provas de OAB, concursos, prática forense. Use mesmo sem nomeação explícita quando o contexto revelar decisão do juiz da execução a ser atacada."	""	""	""	""	""	""	""	""	""	""	""	""	""	""	"areas do direito/Penal/agravo-em-execucao/SKILL.md"
"Penal"	"agravo-em-resp-re"	"Agravo em Recurso Especial e em Recurso Extraordinário (AREsp / ARE)"	"em resp re"	"Use ao elaborar, redigir, estruturar ou revisar o AGRAVO EM RECURSO ESPECIAL (AREsp) e o AGRAVO EM RECURSO EXTRAORDINÁRIO (ARE) no processo penal brasileiro — recurso que ataca a decisão do presidente ou vice-presidente do tribunal de origem que INADMITE o REsp/RE (art. 1.042 do CPC c/c art. 3º do CPP). Aciona com: agravo em recurso especial, agravo em recurso extraordinário, AREsp, ARE, agravo do art. 1.042, agravo de despacho denegatório, inadmissão do REsp/RE, decisão de inadmissibilidade, juízo de admissibilidade negativo na origem, destrancamento do recurso especial, subida do REsp/RE ao STJ/STF, impugnação específica de todos os fundamentos, dialeticidade, Súmula 182/STJ, óbice da Súmula 7/STJ, Súmula 83/STJ, prequestionamento negado, art. 1.030 CPC, agravo interno x agravo em REsp, prazo de 15 dias, dias corridos em matéria penal (art. 798 CPP), processamento nos próprios autos. Aciona também quando o cenário descreve REsp ou RE criminal barrado na origem e a necessidade de levar a matéria ao STJ/STF, em provas de OAB, concursos e prática forense. Use mesmo sem nomeação explícita quando o contexto revelar decisão denegatória de seguimento de REsp/RE a impugnar."	""	""	""	""	""	""	""	""	""	""	""	""	""	""	"areas do direito/Penal/agravo-em-resp-re/SKILL.md"
"Penal"	"agravo-regimental"	"Agravo Regimental / Agravo Interno (AgRg / AgInt)"	"regimental"	"Use ao elaborar, redigir, estruturar ou revisar AGRAVO REGIMENTAL (agravo interno) em matéria criminal — o recurso contra decisão monocrática de relator em 2º grau, no STJ e no STF. Aciona com: agravo regimental, agravo interno, AgRg, AgInt, art. 39 da Lei 8.038/90, art. 1.021 do CPC (c/c art. 3º do CPP), regimento interno (RISTF/RISTJ), decisão monocrática, negativa de seguimento, relator negou seguimento ao REsp/AREsp/RHC/HC, indeferimento monocrático de liminar em HC, pedido de reconsideração, retratação do relator, submissão ao colegiado, dialeticidade, Súmula 182 do STJ, prazo de 5 dias, exaurimento de instância. Aciona também quando o cenário descreve monocrática de desembargador ou ministro a ser levada à Turma/Câmara/órgão colegiado, em provas de OAB, concursos e prática forense. Use mesmo sem nomeação explícita quando o contexto revelar decisão unipessoal de relator que causa gravame e precisa ser submetida ao colegiado."	""	""	""	""	""	""	""	""	""	""	""	""	""	""	"areas do direito/Penal/agravo-regimental/SKILL.md"
"Penal"	"alegacoes-finais-orais"	"Alegações Finais Orais (Debates na AIJ)"	"finais orais"	"Use ao preparar, roteirizar ou conduzir os DEBATES ORAIS de alegações finais da defesa na audiência de instrução e julgamento — a regra legal do art. 403, caput, do CPP (20 minutos prorrogáveis por mais 10), no rito sumário (art. 534 do CPP) e no JECRIM (art. 81 da Lei 9.099/95, sempre oral). Aciona com: alegações finais orais, debates orais, sustentação oral na AIJ, encerrada a instrução, art. 403 caput, 20 mais 10 minutos, prorrogação do tempo dos debates, ordem da palavra nos debates, assistente de acusação nos debates, defesa fala por último, ordem entre corréu colaborador e delatado, pedido de conversão em memoriais, art. 403 §3º, registro de teses em ata, gravação audiovisual da audiência (art. 405 CPP), rito sumário art. 534, Juizado Especial Criminal art. 81 da Lei 9.099/95, audiência una, sentença proferida em audiência. Use mesmo sem nomeação explícita quando o juiz indeferir memoriais e determinar os debates na hora, ou quando a pauta indicar AIJ com alegações finais no mesmo ato."	""	""	""	""	""	""	""	""	""	""	""	""	""	""	"areas do direito/Penal/alegacoes-finais-orais/SKILL.md"
"Penal"	"anpp"	"Acordo de Não Persecução Penal (ANPP — art. 28-A do CPP)"	"anpp"	"Use ao provocar, negociar ou aderir ao Acordo de Não Persecução Penal (ANPP) — justiça penal negocial do art. 28-A do CPP (Lei 13.964/19), regulamentado pela Resolução CNMP 289/2024. Aciona com: ANPP, acordo de não persecução penal, art. 28-A, justiça negocial, justiça penal consensual, confissão formal e circunstanciada, pena mínima inferior a 4 anos, requisito negativo do ANPP, condições do art. 28-A, homologação do acordo, recusa do MP, descumprimento do acordo, extinção da punibilidade pelo ANPP."	""	""	""	""	""	""	""	""	""	""	""	""	""	""	"areas do direito/Penal/anpp/SKILL.md"
"Penal"	"apelacao"	"Apelação"	"apelacao"	"Use ao elaborar, redigir, estruturar ou revisar a peça criminal de APELAÇÃO no processo penal brasileiro — o recurso ordinário por excelência, que ataca sentenças definitivas de condenação ou absolvição. Aciona com: apelação, recurso de apelação, apelar, razões de apelação, art. 593 CPP, art. 416 CPP (impronúncia e absolvição sumária no júri), art. 82 da Lei 9.099 (Juizado Especial Criminal), sentença condenatória, sentença absolutória, interposição e razões, efeito devolutivo, tantum devolutum quantum appellatum, Súmula 713 STF. Aciona também quando o cenário descreve sentença proferida e prazo de 5 dias (CPP) ou 10 dias (JECRIM) para recorrer, em provas de OAB, concursos, prática forense. Use mesmo sem nomeação explícita quando o contexto revelar sentença a ser atacada por recurso ordinário."	""	""	""	""	""	""	""	""	""	""	""	""	""	""	"areas do direito/Penal/apelacao/SKILL.md"
"Penal"	"apropriacao-indebita-previdenciaria"	"Defesa em Apropriação Indébita Previdenciária (CP 168-A) e Sonegação de Contribuição (CP 337-A)"	"indebita previdenciaria"	"Use ao defender imputação de APROPRIAÇÃO INDÉBITA PREVIDENCIÁRIA (CP 168-A) e SONEGAÇÃO DE CONTRIBUIÇÃO PREVIDENCIÁRIA (CP 337-A): natureza omissiva do delito e exigência de constituição definitiva do crédito à luz da Súmula Vinculante 24, extinção da punibilidade pelo pagamento e suspensão da pretensão punitiva pelo parcelamento (Leis 10.684/03 e 11.941/09), inexigibilidade de conduta diversa por dificuldades financeiras da empresa e ausência do dolo específico de apropriação (mero inadimplemento não é crime). Aciona com: apropriação indébita previdenciária, art. 168-A do CP, sonegação de contribuição previdenciária, art. 337-A do CP, contribuição descontada e não repassada, INSS não recolhido, GPS não paga, desconto do empregado retido, crime previdenciário, débito com a Previdência, dificuldade financeira da empresa, inexigibilidade de conduta diversa, dolo de apropriação, mero inadimplemento previdenciário, constituição definitiva do crédito previdenciário, SV 24, parcelamento de débito previdenciário, extinção da punibilidade pelo pagamento previdenciário, empresário sócio-administrador responsabilizado, representação fiscal para fins penais previdenciária."	""	""	""	""	""	""	""	""	""	""	""	""	""	""	"areas do direito/Penal/apropriacao-indebita-previdenciaria/SKILL.md"
"Penal"	"arquivamento-inquerito"	"Arquivamento do Inquérito Policial (art. 28 do CPP)"	"inquerito"	"Use ao promover, requerer ou impugnar o arquivamento do inquérito policial na sistemática do art. 28 do CPP pós-Pacote Anticrime (Lei 13.964/2019) — promoção de arquivamento pelo MP, requerimento de arquivamento pela defesa e insurgência da vítima. Aciona com: arquivamento do inquérito, promoção de arquivamento, art. 28 do CPP, instância de revisão do MP, homologação do arquivamento, PGJ, Câmara de Coordenação e Revisão, CCR, falta de justa causa, atipicidade, excludente de ilicitude, extinção da punibilidade, prescrição, insignificância, prazo de 30 dias da vítima, desarquivamento, novas provas, art. 18 do CPP, Súmula 524/STF, arquivamento implícito, pedido de arquivamento pela defesa, vítima inconformada com o arquivamento."	""	""	""	""	""	""	""	""	""	""	""	""	""	""	"areas do direito/Penal/arquivamento-inquerito/SKILL.md"
"Penal"	"assistente-acusacao"	"Assistente de Acusação"	"acusacao"	"Use ao habilitar a vítima (ofendido) como ASSISTENTE DE ACUSAÇÃO na ação penal pública e ao conduzir toda a sua atuação — propor provas, requerer perguntas às testemunhas, aditar razões, requerer preventiva e desaforamento, recorrer supletivamente quando o MP silencia e executar no cível a reparação do dano. Aciona com: assistente de acusação, assistente do Ministério Público/MP, habilitação do ofendido, vítima habilitada, arts. 268 a 273 CPP, art. 271 CPP (poderes), art. 269 CPP (recebe a causa no estado em que se achar), art. 270 CPP (corréu não pode), art. 272 CPP (oitiva prévia do MP), art. 273 CPP (decisão irrecorrível; mandado de segurança), recurso supletivo/subsidiário do assistente, apelação do assistente, art. 598 CPP, prazo de 15 dias (art. 598, parágrafo único), Súmula 448 STF, Súmulas 208 e 210 STF, RESE do assistente (art. 581, VIII, c/c art. 584, §1º, CPP), art. 430 CPP (júri: habilitação até 5 dias antes do plenário), art. 311 CPP (preventiva a requerimento do assistente), art. 427 CPP (desaforamento), art. 387, IV, CPP (valor mínimo de indenização), execução civil ex delicto (arts. 63 e 64 CPP; art. 515, VI, CPC), CADI (art. 31 CPP). Aciona quando o MP não apelou e a vítima quer recorrer, quando a família da vítima (cônjuge, ascendente, descendente, irmão) quer atuar no processo — homicídio no júri, violência doméstica, crimes de consumo, crimes falimentares — e na cobrança da indenização após o trânsito em julgado. Não confundir com queixa-crime (ação privada) nem com representação. Use mesmo sem nomeação explícita quando o contexto revelar vítima querendo participar de ação penal pública em curso."	""	""	""	""	""	""	""	""	""	""	""	""	""	""	"areas do direito/Penal/assistente-acusacao/SKILL.md"
"Penal"	"audiencia-de-custodia"	"Audiência de Custódia (CPP, art. 310; Res. CNJ 213/2015)"	"de custodia"	"Use ao atuar na audiência de custódia — apresentação da pessoa presa ao juiz em até 24 horas (CPP, art. 310; Resolução CNJ 213/2015; CADH, art. 7.5; PIDCP, art. 9.3): checklist-relâmpago de legalidade do flagrante, entrevista prévia e reservada com o preso, arguição e registro de tortura/maus-tratos, manifestação ORAL com pedidos em ordem sucessiva (relaxamento → liberdade provisória → cautelares do art. 319 → prisão domiciliar) e providências pós-ata. Aciona com: audiência de custódia, custódia, apresentação em 24 horas, art. 310 do CPP, Resolução 213 do CNJ, APF, auto de prisão em flagrante, homologação do flagrante, conversão do flagrante em preventiva, entrevista reservada com o preso, tortura na abordagem, maus-tratos, agressão policial, ata de custódia, alvará de soltura na custódia, cliente preso em flagrante hoje/ontem, plantão criminal, audiência de apresentação, preso no plantão de fim de semana."	""	""	""	""	""	""	""	""	""	""	""	""	""	""	"areas do direito/Penal/audiencia-de-custodia/SKILL.md"
"Penal"	"audiencia-inquiricao-testemunhas"	"Inquirição de Testemunhas na AIJ (arts. 212, 214, 229–230 do CPP)"	"inquiricao testemunhas"	"Use ao atuar AO VIVO na prova oral da audiência de instrução e julgamento (AIJ): inquirição direta e reperguntas das testemunhas (art. 212 do CPP e a nulidade da inversão da ordem), contradita e arguição de defeito de testemunha (art. 214 do CPP — antes do compromisso, sob pena de preclusão), acareação (arts. 229 e 230 do CPP) e consignação de protestos em ata para preservar nulidades. Aciona com: inquirição de testemunhas, AIJ, audiência de instrução, art. 212, inversão da ordem de perguntas, juiz que pergunta primeiro, exame direto e cruzado, cross-examination, repergunta, pergunta indeferida, pergunta indutiva, contradita, art. 214, testemunha suspeita de parcialidade, indigna de fé, informante, compromisso da testemunha, arts. 203, 206, 207 e 208 do CPP, acareação, arts. 229 e 230, protesto em ata, consignação em ata, nulidade da instrução, retirada do réu da sala (art. 217), testemunha referida (art. 209), falso testemunho (art. 211), ordem do art. 400 do CPP."	""	""	""	""	""	""	""	""	""	""	""	""	""	""	"areas do direito/Penal/audiencia-inquiricao-testemunhas/SKILL.md"
"Penal"	"carta-testemunhavel"	"Carta Testemunhável"	"testemunhavel"	"Use ao elaborar, redigir, estruturar ou revisar a peça criminal de CARTA TESTEMUNHÁVEL no processo penal brasileiro — recurso residual que destranca RESE ou agravo em execução denegados ou obstados na origem (CPP, arts. 639 a 646). Aciona com: carta testemunhável, testemunhante, testemunhado, arts. 639 a 646 do CPP, art. 640 CPP, prazo de 48 horas, requerimento ao escrivão, secretário do tribunal, recurso denegado, RESE denegado, agravo em execução denegado, decisão que obsta a expedição ou o seguimento do recurso, indicação de peças para traslado, extração do instrumento, recibo do escrivão (art. 641), julgamento imediato do mérito (art. 644), sem efeito suspensivo (art. 646). Aciona também quando o cenário descreve juiz que não recebe ou tranca a subida de RESE/agravo em execução, em provas de OAB, concursos e prática forense. Use mesmo sem nomeação explícita quando o contexto revelar recurso denegado na origem sem remédio recursal próprio."	""	""	""	""	""	""	""	""	""	""	""	""	""	""	"areas do direito/Penal/carta-testemunhavel/SKILL.md"
"Penal"	"colaboracao-premiada"	"Colaboração Premiada (Lei 12.850/2013, arts. 3º-A a 7º)"	"premiada"	"Use ao avaliar ou instruir colaboração premiada (delação) — negócio jurídico processual entre colaborador e MP/autoridade policial (Lei 12.850/2013, arts. 3º-A a 7º, com a redação do Pacote Anticrime). Aciona com: colaboração premiada, delação, delação premiada, Lei 12.850, organização criminosa, art. 4º, acordo de colaboração, anexos da colaboração, perdão judicial, homologação da colaboração, sigilo da delação."	""	""	""	""	""	""	""	""	""	""	""	""	""	""	"areas do direito/Penal/colaboracao-premiada/SKILL.md"
"Penal"	"composicao-civil-danos-jecrim"	"Composição Civil dos Danos no JECRIM (art. 74 da Lei 9.099/95)"	"civil danos jecrim"	"Use ao negociar, redigir e homologar a COMPOSIÇÃO CIVIL DOS DANOS na audiência preliminar do JECRIM (art. 74 da Lei 9.099/95): termo de acordo com cláusulas completas, sentença homologatória irrecorrível (título executivo no juízo cível) e o efeito-chave da renúncia ao direito de queixa/representação (parágrafo único — extinção da punibilidade, art. 107, V, do CP) nas ações privadas e públicas condicionadas. Aciona com: composição civil dos danos, composição dos danos civis, art. 74 Lei 9.099, acordo civil no JECRIM, audiência preliminar, conciliação criminal, termo de acordo, renúncia ao direito de queixa, renúncia à representação, extinção da punibilidade por composição, título executivo judicial, sentença irrecorrível, reparação do dano à vítima, acordo entre autor do fato e vítima."	""	""	""	""	""	""	""	""	""	""	""	""	""	""	"areas do direito/Penal/composicao-civil-danos-jecrim/SKILL.md"
"Penal"	"contrarrazoes-de-agravo-em-execucao"	"Contrarrazões de Agravo em Execução"	"de agravo em execucao"	"Use ao elaborar, redigir, estruturar ou revisar a peça criminal de CONTRARRAZÕES DE AGRAVO EM EXECUÇÃO no processo penal brasileiro — resposta do agravado que visa a MANUTENÇÃO da decisão do juiz da execução favorável ao cliente. Aciona com: contrarrazões de agravo em execução, contrarrazões de agravo, razões do agravado, art. 197 LEP, art. 588 caput CPP, art. 589 CPP, art. 179 LEP, petição de juntada, agravado, manutenção da decisão recorrida, não conhecimento, improvimento, fase de execução penal. Aciona também quando o cenário descreve que o MP agravou de decisão do juiz da execução favorável ao apenado (ex.: deferimento de progressão de regime, livramento condicional), prazo de 2 dias, em provas de OAB, concursos, prática forense. Use mesmo sem nomeação explícita quando o contexto revelar necessidade de responder a um agravo em execução da parte contrária."	""	""	""	""	""	""	""	""	""	""	""	""	""	""	"areas do direito/Penal/contrarrazoes-agravo/SKILL.md"
"Penal"	"contrarrazoes-de-apelacao"	"Contrarrazões de Apelação"	"de apelacao"	"Use ao elaborar, redigir, estruturar ou revisar a peça criminal de CONTRARRAZÕES DE APELAÇÃO no processo penal brasileiro — resposta do recorrido (apelado) que visa a MANUTENÇÃO da decisão recorrida favorável ao cliente. Aciona com: contrarrazões de apelação, razões do apelado, resposta ao recurso de apelação, art. 600 caput CPP, art. 82 §2º da Lei 9.099, petição de juntada, apelado, recorrido, manutenção da decisão, não conhecimento, improvimento. Aciona também quando o cenário descreve que a outra parte (em regra o MP) apelou de decisão favorável ao réu, prazo de 8 dias (CPP) ou 10 dias (JECRIM), em provas de OAB, concursos, prática forense. Use mesmo sem nomeação explícita quando o contexto revelar necessidade de responder a uma apelação da parte contrária."	""	""	""	""	""	""	""	""	""	""	""	""	""	""	"areas do direito/Penal/contrarrazoes-apelacao/SKILL.md"
"Penal"	"contrarrazoes-de-rese"	"Contrarrazões de Recurso em Sentido Estrito"	"de rese"	"Use ao elaborar, redigir, estruturar ou revisar a peça criminal de CONTRARRAZÕES DE RECURSO EM SENTIDO ESTRITO (contrarrazões de RESE/RSE) no processo penal brasileiro — resposta do recorrido que visa a MANUTENÇÃO da decisão recorrida favorável ao cliente. Aciona com: contrarrazões de RESE, contrarrazões de recurso em sentido estrito, razões do recorrido, art. 588 caput CPP, art. 589 CPP, petição de juntada, recorrido, manutenção da decisão recorrida, não conhecimento, improvimento. Aciona também quando o cenário descreve que a outra parte (em regra o MP) interpôs RESE de decisão favorável ao réu (ex.: revogação de prisão preventiva, art. 581 V), prazo de 2 dias, em provas de OAB, concursos, prática forense. Use mesmo sem nomeação explícita quando o contexto revelar necessidade de responder a um RESE da parte contrária."	""	""	""	""	""	""	""	""	""	""	""	""	""	""	"areas do direito/Penal/contrarrazoes-rese/SKILL.md"
"Penal"	"contravencoes-penais"	"Defesa nas contravenções penais (LCP — Decreto-Lei 3.688/1941)"	"penais"	"Use na defesa em CONTRAVENÇÕES PENAIS (Decreto-Lei 3.688/1941 — LCP): vias de fato (art. 21), perturbação do trabalho/sossego (art. 42), importunação, exercício ilegal de profissão, jogo do bicho e jogos de azar (arts. 50-58), porte de arma branca, omissão de cautela na guarda de animais (art. 31). Cobre o regime próprio da LCP — rito do JECRIM (Lei 9.099), inadmissibilidade de tentativa (art. 4º), extraterritorialidade vedada (art. 2º), voluntariedade em vez de dolo/culpa (art. 3º), prescrição pelo Código Penal com prazos em regra curtos por causa da pena baixa — e a triagem despenalizadora. Aciona com: contravenção penal, LCP, Lei das Contravenções, Decreto-Lei 3.688/41, vias de fato, art. 21 LCP, perturbação do sossego, perturbação do trabalho, barulho, art. 42 LCP, importunação, jogo do bicho, jogos de azar, casa de jogo, art. 50 LCP, arts. 58 LCP, exercício ilegal de profissão, porte de arma branca, omissão de cautela na guarda de animais, animal solto na via, prescrição de contravenção, transação penal em contravenção, abolitio criminis do jogo do bicho, descriminalização da contravenção."	""	""	""	""	""	""	""	""	""	""	""	""	""	""	"areas do direito/Penal/contravencoes-penais/SKILL.md"
"Penal"	"crimes-ambientais-defesa"	"Defesa em crimes ambientais (Lei 9.605/98)"	"ambientais defesa"	"Use ao defender imputação por crime ambiental (Lei 9.605/98) — pessoa física ou jurídica — nos cinco grupos típicos (fauna, flora, poluição, ordenamento urbano/patrimônio cultural, administração ambiental), na responsabilidade penal da PESSOA JURÍDICA (art. 3º) e nos institutos despenalizadores PRÓPRIOS da lei (transação e suspensão condicionadas à prévia composição/laudo de reparação — arts. 27 e 28). Aciona com: crime ambiental, Lei 9.605, delito ambiental, responsabilidade penal da pessoa jurídica, dupla imputação, crime contra a fauna, crime contra a flora, poluição, art. 54, desmatamento, IBAMA, auto de infração ambiental, laudo de reparação do dano, TAC, termo de ajustamento de conduta, composição do dano ambiental, transação ambiental, suspensão condicional ambiental, art. 27 e 28 Lei 9.605, sursis ambiental, elemento normativo, autorização ambiental, licença, princípio da insignificância ambiental."	""	""	""	""	""	""	""	""	""	""	""	""	""	""	"areas do direito/Penal/crimes-ambientais-defesa/SKILL.md"
"Penal"	"crimes-contra-idoso"	"Crimes contra a Pessoa Idosa (Lei 10.741/2003, arts. 95 a 108)"	"contra idoso"	"Use ao atuar nos crimes próprios do Estatuto da Pessoa Idosa (Lei 10.741/2003, arts. 95 a 108, denominação atualizada pela Lei 14.423/2022): abandono, maus-tratos, apropriação de bens/proventos, negativa de acolhimento, retenção de cartão ou documento; a ação penal pública incondicionada (art. 95), o rito processual do art. 94 e a controvérsia sobre a aplicação da Lei 9.099/95 aos crimes com pena não superior a 4 anos, a agravante etária (CP, art. 61, II, h) e a interface com o crime comum contra idoso. Foco defensivo e, quando cabível, assistência de acusação em favor da vítima idosa. Aciona com: crime contra idoso, Estatuto da Pessoa Idosa, Estatuto do Idoso, Lei 10.741, art. 95, art. 94, abandono de idoso, maus-tratos a idoso, apropriação de proventos do idoso, negar acolhimento a idoso, retenção de cartão de idoso, expor idoso a perigo, idoso vítima, pessoa idosa, agravante do art. 61 II h, crime contra maior de 60 anos, rito 9.099 idoso, ação penal idoso, defesa em crime de idoso, vulnerabilidade do idoso."	""	""	""	""	""	""	""	""	""	""	""	""	""	""	"areas do direito/Penal/crimes-contra-idoso/SKILL.md"
"Penal"	"defesa-crimes-sexuais"	"Defesa nos Crimes contra a Dignidade Sexual (CP, arts. 213 a 218-C)"	"crimes sexuais"	"Use ao construir a defesa em crimes contra a dignidade sexual (CP, arts. 213 a 218-C): estupro, estupro de vulnerável, importunação sexual, assédio sexual, violação sexual mediante fraude e divulgação de cena íntima. Aciona com: crimes sexuais, dignidade sexual, estupro, art. 213, estupro de vulnerável, art. 217-A, Súmula 593, presunção absoluta de vulnerabilidade, importunação sexual, art. 215-A, desclassificação de estupro, palavra da vítima, standard probatório, corroboração, retratação da vítima, laudo negativo, materialidade sem laudo, erro de tipo etário, segredo de justiça, art. 234-B, continuidade delitiva em crime sexual, abuso sexual intrafamiliar, resposta à acusação em crime sexual, memoriais em crime sexual, teses defensivas SEX."	""	""	""	""	""	""	""	""	""	""	""	""	""	""	"areas do direito/Penal/defesa-crimes-sexuais/SKILL.md"
"Penal"	"defesa-descumprimento-protetiva-24a"	"Defesa no crime de descumprimento de protetiva (art. 24-A da Lei 11.340/2006)"	"descumprimento protetiva 24a"	"Use ao defender o acusado do crime de descumprimento de medida protetiva de urgência da Lei Maria da Penha (Lei 11.340/2006, art. 24-A, incluído pela Lei 13.641/2018): teses de ausência de intimação pessoal válida, protetiva expirada/revogada, atipicidade por conduta que não viola o núcleo da ordem, dúvida sobre a autoria do contato, non bis in idem com o crime-fim; competência do JVDFM e vedação de fiança pela autoridade policial (§1º). Aciona com: descumprimento de medida protetiva, art. 24-A, art. 24-A da Lei Maria da Penha, crime de descumprir protetiva, Lei 13.641/2018, defesa em 24-A, ciência inequívoca da protetiva, intimação pessoal do agressor, protetiva expirada, protetiva revogada, dolo de descumprir, atipicidade do descumprimento, consentimento da vítima descumprimento, non bis in idem protetiva, aproximação vedada, contato por interposta pessoa, fiança negada delegado protetiva, competência juizado violência doméstica, resposta à acusação art. 24-A."	""	""	""	""	""	""	""	""	""	""	""	""	""	""	"areas do direito/Penal/defesa-descumprimento-protetiva-24a/SKILL.md"
"Penal"	"defesa-fraude-eletronica"	"Defesa nos Crimes de Fraude Eletrônica (Lei 14.155/2021)"	"fraude eletronica"	"Use ao defender acusado de crime patrimonial digital da Lei 14.155/2021 — estelionato eletrônico (CP 171, §2º-A/§2º-B), furto mediante fraude eletrônica (CP 155, §4º-B/§4º-C) e invasão de dispositivo informático (CP 154-A/154-B). Aciona com: fraude eletrônica, golpe do PIX, golpe da falsa central, phishing, engenharia social, mula de conta, laranja, estelionato digital, fraude bancária, invasão de dispositivo, incompetência territorial (CPP 70, §4º), domicílio da vítima, representação do estelionato (171, §5º), Lei 14.155."	""	""	""	""	""	""	""	""	""	""	""	""	""	""	"areas do direito/Penal/defesa-fraude-eletronica/SKILL.md"
"Penal"	"defesa-lavagem-capitais"	"Defesa na Imputação de Lavagem de Capitais (Lei 9.613/98)"	"lavagem capitais"	"Use ao defender imputação de lavagem de dinheiro / lavagem de capitais (Lei 9.613/98, art. 1º) — autonomia x justa causa do antecedente, cegueira deliberada, autolavagem x exaurimento, ocultação x uso aberto do proveito, honorários maculados, RIF/COAF. Aciona com: lavagem de dinheiro, lavagem de capitais, branqueamento, Lei 9.613, ocultação de bens, dissimulação, mascaramento, cegueira deliberada, willful blindness, autolavagem, infração penal antecedente, honorários advocatícios maculados, COAF, RIF, medidas assecuratórias, trancamento de lavagem."	""	""	""	""	""	""	""	""	""	""	""	""	""	""	"areas do direito/Penal/defesa-lavagem-capitais/SKILL.md"
"Penal"	"defesa-no-inquerito"	"Defesa no Inquérito (atuação defensiva na investigação)"	"no inquerito"	"Use ao atuar na DEFESA DO INVESTIGADO durante o inquérito policial (IP), PIC ou investigação criminal de qualquer natureza — a rotina defensiva da fase pré-processual: requerimento de diligências ao delegado (CPP, art. 14), acompanhamento de oitivas e do interrogatório policial com apresentação de razões e quesitos (EAOAB, art. 7º, XXI — Lei 13.245/2016) e investigação defensiva (Provimento 188/2018 do Conselho Federal da OAB). Aciona com: defesa no inquérito, cliente intimado a depor na delegacia, oitiva do investigado, interrogatório policial, requerimento de diligências, delegado indeferiu diligência, quesitos ao perito no IP, razões ao MP antes da denúncia, pedido de arquivamento, indiciamento, desindiciamento, investigação defensiva, entrevista de testemunha pela defesa, parecer técnico defensivo, preservação de imagens de câmeras, art. 14 CPP, art. 7º XXI EAOAB, Lei 13.245/2016, Provimento 188/2018, Lei 12.830/2013, prazos do inquérito, ANPP na fase investigativa."	""	""	""	""	""	""	""	""	""	""	""	""	""	""	"areas do direito/Penal/defesa-no-inquerito/SKILL.md"
"Penal"	"defesa-organizacao-criminosa"	"Defesa na Imputação de Organização Criminosa (Lei 12.850/2013, art. 2º)"	"organizacao criminosa"	"Use ao defender acusado de promover, constituir, financiar ou integrar organização criminosa (Lei 12.850/2013, art. 2º) — ataque aos requisitos estruturais, desclassificação para associação criminosa (CP, art. 288) ou associação para o tráfico (Lei 11.343/2006, art. 35) e teses de bis in idem, com estrutura de resposta à acusação e memoriais. Aciona com: organização criminosa, orcrim, Lei 12.850, art. 2º da 12.850, facção, associação criminosa, art. 288, quadrilha, bando, associação para o tráfico, art. 35 da Lei de Drogas, desclassificação, bis in idem, agravante de comando, quatro agentes, estabilidade, divisão de tarefas, denúncia genérica, delação sem corroboração."	""	""	""	""	""	""	""	""	""	""	""	""	""	""	"areas do direito/Penal/defesa-organizacao-criminosa/SKILL.md"
"Penal"	"denuncia-mp"	"Denúncia (peça acusatória do Ministério Público — CPP, art. 41)"	"mp"	"Use ao elaborar, estruturar ou revisar a DENÚNCIA — peça acusatória inicial da ação penal pública, oferecida pelo Ministério Público (CF 129, I; CPP 24 e 41): requisitos do art. 41, justa causa e lastro probatório mínimo, individualização de condutas (inclusive crimes societários), capitulação, rol de testemunhas, cumulação com cautelares e o dever de análise prévia de arquivamento (art. 28) e ANPP (art. 28-A). Aciona com: denúncia, oferecer denúncia, denunciar, peça acusatória, exordial acusatória, art. 41 CPP, art. 46 CPP (prazo 5/15 dias), justa causa, lastro probatório mínimo, individualização da conduta, denúncia geral, autoria coletiva, crimes societários, capitulação, classificação do crime, rol de testemunhas, pedido de preventiva na denúncia, medidas assecuratórias, valor mínimo de reparação (art. 387 IV), aditamento da denúncia, mutatio libelli (art. 384), art. 569 CPP, arquivamento (art. 28), ANPP na denúncia (art. 28-A), suspensão condicional do processo (art. 89 Lei 9.099), denúncia oral (JECRIM), atuação como Promotor de Justiça ou Procurador da República, assistente de acusação, prova de segunda fase do MP."	""	""	""	""	""	""	""	""	""	""	""	""	""	""	"areas do direito/Penal/denuncia-mp/SKILL.md"
"Penal"	"depoimento-especial-lei-13431"	"Depoimento Especial e Escuta Especializada (Lei 13.431/2017)"	"especial lei 13431"	"Use ao atuar pela defesa no depoimento especial e na escuta especializada de criança ou adolescente vítima/testemunha de violência (Lei 13.431/2017): requerer ou fiscalizar a produção antecipada obrigatória (art. 11, §1º — menor de 7 anos ou violência sexual), controlar a revitimização e a vedação de novo depoimento, apresentar perguntas em bloco, protestar contra violações do protocolo e construir a tese de nulidade/impugnação do valor probatório. Aciona com: depoimento especial, escuta especializada, Lei 13.431, Lei 13.431/2017, art. 11 da Lei 13.431, art. 12 da Lei 13.431, produção antecipada de prova com criança, oitiva de criança vítima, criança testemunha, adolescente vítima, revitimização, vedação de novo depoimento, sala de depoimento especial, profissional especializado, entrevista forense, protocolo de entrevista forense, perguntas complementares em bloco, transmissão em tempo real, gravação audiovisual do depoimento, depoimento sem dano, violência sexual contra vulnerável, estupro de vulnerável, menor de 7 anos, sugestionabilidade infantil, falsas memórias, contaminação do relato, assistente técnico psicólogo do testemunho, nulidade do depoimento especial, Decreto 9.603/2018, Resolução CNJ 299/2019, Lei Henry Borel."	""	""	""	""	""	""	""	""	""	""	""	""	""	""	"areas do direito/Penal/depoimento-especial-lei-13431/SKILL.md"
"Penal"	"djen-api-oficial"	"DJEN — API Oficial do CNJ (Comunica PJe)"	"api oficial"	"Consulta intimações e comunicações do DJEN (Diário de Justiça Eletrônico Nacional) via API REST oficial do CNJ — alternativa robusta ao scraping, com dados estruturados e certidão oficial de ciência."	""	""	""	""	""	""	""	""	""	""	""	""	""	""	"areas do direito/Penal/djen-api-oficial/SKILL.md"
"Penal"	"eca-defesa-ato-infracional"	"ECA — Defesa na Apuração de Ato Infracional"	"defesa ato infracional"	"Use ao defender adolescente na apuração de ato infracional (ECA, Lei 8.069/90, arts. 171-190) — oitiva informal, remissão (pré-processual e judicial), defesa prévia, audiência de apresentação, memoriais do rito infracional, liberação da internação provisória e HC em favor de adolescente. Aciona com: ato infracional, ECA, adolescente apreendido, menor apreendido, medida socioeducativa, MSE, internação, internação provisória, 45 dias, art. 108 ECA, art. 122 ECA, art. 112 ECA, remissão, oitiva informal, representação do MP, audiência de apresentação, defesa prévia, SINASE, Lei 12.594/2012, Súmula 492 STJ, Súmula 338 STJ, Vara da Infância e Juventude, ato análogo a tráfico/roubo/furto, internação-sanção, semiliberdade, liberdade assistida, socioeducativo."	""	""	""	""	""	""	""	""	""	""	""	""	""	""	"areas do direito/Penal/eca-defesa-ato-infracional/SKILL.md"
"Penal"	"eca-execucao-medida-socioeducativa"	"Execução de medida socioeducativa (SINASE)"	"execucao medida socioeducativa"	"Use na EXECUÇÃO da medida socioeducativa (Lei 12.594/2012 — SINASE; ECA, arts. 112-125): fiscalizar o PIA e a individualização, cobrar a reavaliação periódica (máx. a cada 6 meses — art. 42 do SINASE), pedir progressão de meio (internação → semiliberdade → meio aberto), impugnar regressão e unificação, atacar excesso de prazo (teto de 3 anos e liberação compulsória aos 21 — art. 121, §§ 3º a 5º), postular remissão como extinção (art. 188) ou extinção pela maioridade, e manejar os incidentes de execução com defesa técnica assegurada. Aciona com: execução de medida socioeducativa, SINASE, Lei 12.594, Lei 12.594/2012, PIA, plano individual de atendimento, reavaliação da medida, reavaliação a cada 6 meses, art. 42 SINASE, progressão socioeducativa, regressão de medida, internação, semiliberdade, liberdade assistida, prestação de serviços à comunidade, unificação de medidas, prazo máximo de internação, teto de 3 anos, liberação compulsória aos 21 anos, art. 121 ECA, art. 122 ECA, remissão extintiva, art. 188 ECA, extinção da medida pela maioridade, incidente de execução, defesa na execução da MSE, agravo em execução socioeducativa, Vara da Infância e Juventude, transferência de unidade, falta disciplinar em unidade de internação."	""	""	""	""	""	""	""	""	""	""	""	""	""	""	"areas do direito/Penal/eca-execucao-medida-socioeducativa/SKILL.md"
"Penal"	"embargos-de-declaracao"	"Embargos de Declaração (EDs)"	"de declaracao"	"Use ao elaborar, redigir, estruturar ou revisar a peça criminal de EMBARGOS DE DECLARAÇÃO (embargos declaratórios, EDs) no processo penal brasileiro — recurso que visa a INTEGRAÇÃO (não a reforma) de decisões judiciais com vício de ambiguidade, obscuridade, contradição ou omissão. Aciona com: embargos de declaração, embargos declaratórios, EDs, opor embargos, art. 382 CPP (sentença), art. 619 CPP (acórdão), art. 83 da Lei 9.099, omissão, obscuridade, contradição, ambiguidade, integração da decisão, petição única. Aciona também quando o cenário descreve sentença ou acórdão com vício de integração, prazo de 2 dias (CPP) ou 5 dias (JECRIM), em provas de OAB, concursos, prática forense. Use mesmo sem nomeação explícita quando o contexto revelar decisão incompleta, obscura, contraditória ou ambígua a ser integrada."	""	""	""	""	""	""	""	""	""	""	""	""	""	""	"areas do direito/Penal/embargos-de-declaracao/SKILL.md"
"Penal"	"embargos-infringentes-e-de-nulidade"	"Embargos Infringentes e de Nulidade"	"infringentes e de nulidade"	"Use ao elaborar, redigir, estruturar ou revisar a peça criminal de EMBARGOS INFRINGENTES E DE NULIDADE no processo penal brasileiro — recurso privativo da defesa que visa reformar decisão de tribunal NÃO UNÂNIME (2x1) e desfavorável ao réu. Aciona com: embargos infringentes, embargos de nulidade, embargos infringentes e de nulidade, opor embargos, art. 609 parágrafo único CPP, decisão não unânime, voto vencido, dois a um contra o réu, recurso privativo da defesa, relator do acórdão impugnado. Aciona também quando o cenário descreve julgamento de apelação, RESE ou agravo em execução decidido por maioria (2x1) contra o réu, prazo de 10 dias, em provas de OAB, concursos, prática forense. Use mesmo sem nomeação explícita quando o contexto revelar acórdão não unânime desfavorável ao réu a ser atacado."	""	""	""	""	""	""	""	""	""	""	""	""	""	""	"areas do direito/Penal/embargos-infringentes/SKILL.md"
"Penal"	"embargos-prequestionamento"	"Embargos de Declaração com Fins de Prequestionamento"	"prequestionamento"	"Use ao elaborar, redigir, estruturar ou revisar EMBARGOS DE DECLARAÇÃO COM FINS DE PREQUESTIONAMENTO no processo penal — os EDs opostos contra acórdão como etapa obrigatória de preparação do Recurso Especial (REsp) e do Recurso Extraordinário (RE), provocando pronunciamento expresso do tribunal sobre cada dispositivo de lei federal ou da Constituição que será invocado nas instâncias superiores. Aciona com: prequestionamento, embargos prequestionadores, EDs prequestionadores, prequestionar, prequestionamento explícito/implícito/ficto, Súmula 282 do STF, Súmula 356 do STF, Súmula 211 do STJ, Súmula 98 do STJ, art. 1.025 do CPC, art. 619 do CPP, art. 105, III, da CF, art. 102, III, da CF, preparar REsp, preparar RE, viabilizar recurso especial/extraordinário. Aciona também quando o cenário descrever acórdão que não enfrentou dispositivo legal ou tese suscitada e a parte pretende subir ao STJ/STF, quando se perguntar 'preciso opor embargos antes do REsp?', em provas de OAB, concursos e prática forense. Use mesmo sem nomeação explícita quando o contexto revelar necessidade de pronunciamento expresso do tribunal sobre matéria federal ou constitucional antes de recorrer às Cortes Superiores."	""	""	""	""	""	""	""	""	""	""	""	""	""	""	"areas do direito/Penal/embargos-prequestionamento/SKILL.md"
"Penal"	"excecoes-processuais"	"Exceções Processuais (CPP, arts. 95-112)"	"processuais"	"Use ao redigir exceções processuais no processo penal (CPP, arts. 95-112) — exceção de suspeição e de impedimento (juiz, MP, peritos, serventuários, jurados), exceção de incompetência do juízo (absoluta × relativa, declinatória de foro), litispendência, ilegitimidade de parte e coisa julgada —, e ao suscitar questão prejudicial (CPP 92-94) com pedido de suspensão do processo. Aciona com: exceção de suspeição, exceção de impedimento, juiz suspeito, juiz impedido, imparcialidade do julgador, art. 254, art. 252, exceção de incompetência, declinatória de foro, incompetência absoluta, incompetência relativa, litispendência, coisa julgada, ne bis in idem, ilegitimidade de parte, arts. 95 a 112 do CPP, autos apartados, recusa de jurado, questão prejudicial, suspensão por prejudicial, arguição na resposta à acusação."	""	""	""	""	""	""	""	""	""	""	""	""	""	""	"areas do direito/Penal/excecoes-processuais/SKILL.md"
"Penal"	"execucao-indulto-comutacao"	"Indulto / Comutação / Anistia (clemência soberana)"	"indulto comutacao"	"Use ao elaborar pedido de indulto, comutação ou anistia na execução penal — decreto presidencial natalino anual (CF 84, XII), requisitos objetivo/subjetivo, vedações (CF 5º XLIII; Lei 8.072/90), cômputo de prisão provisória (Tema 1277), falta grave e Súmulas 535/441 STJ, efeitos (Súmula 631/STJ). Aciona com: indulto, comutação, anistia, graça, indulto natalino, decreto de indulto, extinção da pena, art. 107 II CP, requisito do indulto, falta grave indulto, Súmula 535, Súmula 631, Conselho Penitenciário, LEP 187-193."	""	""	""	""	""	""	""	""	""	""	""	""	""	""	"areas do direito/Penal/execucao-indulto-comutacao/SKILL.md"
"Penal"	"execucao-livramento-condicional"	"Livramento Condicional (execução penal)"	"livramento condicional"	"Use ao elaborar pedido de livramento condicional na execução penal — antecipação da liberdade na fase final da pena, sob período de prova (CP, arts. 83-90; LEP, arts. 131-146). Aciona com: livramento condicional, frações 1/3 / 1/2 / 2/3 (art. 83 I/II/V), período de prova, audiência admonitória, revogação do livramento, falta grave não interrompe (Súm. 441), reincidente específico, tráfico privilegiado, hediondo com resultado morte, data-base/última prisão efetiva, extinção da pena (art. 90)."	""	""	""	""	""	""	""	""	""	""	""	""	""	""	"areas do direito/Penal/execucao-livramento-condicional/SKILL.md"
"Penal"	"execucao-progressao-regime"	"Progressão de Regime (execução penal)"	"progressao regime"	"Use ao elaborar pedido de progressão de regime na execução penal — transferência fechado→semiaberto→aberto (art. 112 LEP red. Lei 13.964/19; art. 33, §2º, CP). Aciona com: progressão de regime, semiaberto, aberto, percentual de cumprimento, lapso da progressão, falta grave/nova data-base (Súm. 534), exame criminológico (SV 26/Súm. 439), progressão especial da mulher, falta de vaga (SV 56), reincidência específica."	""	""	""	""	""	""	""	""	""	""	""	""	""	""	"areas do direito/Penal/execucao-progressao-regime/SKILL.md"
"Penal"	"execucao-provisoria-pena"	"Execução Provisória da Pena (guia provisória e benefícios antes do trânsito)"	"provisoria pena"	"Use ao elaborar pedido de expedição de guia de execução provisória (guia de recolhimento provisória) para preso cautelar com condenação recorrível, e a fruição antecipada de benefícios da execução — progressão de regime e livramento condicional ANTES do trânsito em julgado (Súmulas 716 e 717 do STF; Res. CNJ 417/2021). Aciona com: execução provisória da pena, guia provisória, guia de recolhimento provisória, preso preventivo condenado, condenação recorrível, sentença pendente de recurso, Súmula 716, Súmula 717, Res. CNJ 417/2021, detração (art. 42 do CP; art. 387, §2º, do CPP), preso provisório (art. 2º, parágrafo único, LEP), competência do juízo da execução (art. 66 LEP; Súmula 192/STJ), progressão antes do trânsito, autuação da execução provisória, atestado de pena a cumprir, PEC provisório, carta de guia provisória, réu preso condenado sem guia, benefícios antes do trânsito em julgado."	""	""	""	""	""	""	""	""	""	""	""	""	""	""	"areas do direito/Penal/execucao-provisoria-pena/SKILL.md"
"Penal"	"execucao-remicao"	"Remição de Pena e Efeitos da Falta Grave"	"remicao"	"Use ao elaborar pedido de remição de pena na execução penal (trabalho, estudo, leitura — arts. 126-130 LEP) e ao enfrentar os efeitos da falta grave (art. 127 LEP; SV 9/STF; Súmulas 533/534/535/441 STJ). Aciona com: remição, dias remidos, trabalho do preso, estudo/EaD/ENEM/ENCCEJA, leitura, falta grave, revogação de dias remidos, PAD, regressão por falta grave."	""	""	""	""	""	""	""	""	""	""	""	""	""	""	"areas do direito/Penal/execucao-remicao/SKILL.md"
"Penal"	"execucao-saida-temporaria"	"Saída Temporária (e Trabalho Externo)"	"saida temporaria"	"Use ao elaborar pedido de saída temporária na execução penal (regime semiaberto — arts. 122-125 LEP) e ao distingui-la da permissão de saída (art. 120) e do trabalho externo (arts. 36-37). Atenção às restrições da Lei 14.843/2024 e à irretroatividade da lei mais gravosa. Aciona com: saída temporária, visita à família, regime semiaberto, 1/6 da pena, calendário anual de saídas, permissão de saída, trabalho externo, Lei 14.843/2024, Súmulas 40 e 520 do STJ."	""	""	""	""	""	""	""	""	""	""	""	""	""	""	"areas do direito/Penal/execucao-saida-temporaria/SKILL.md"
"Penal"	"execucao-unificacao-penas"	"Unificação de Penas (soma na execução)"	"unificacao penas"	"Use ao elaborar pedido de unificação/soma de penas na execução penal — reunião de condenações de processos distintos (art. 111 LEP), limite de cumprimento de 40 anos (art. 75 CP), base dos benefícios pela soma total (Súmula 715/STF), detração (art. 42 CP) e frações escalonadas por natureza. Aciona com: unificação de penas, soma de penas, art. 111 LEP, art. 75 CP, limite de cumprimento, Súmula 715, concurso × unificação, nova unificação por fato posterior, frações escalonadas, juízo da execução."	""	""	""	""	""	""	""	""	""	""	""	""	""	""	"areas do direito/Penal/execucao-unificacao-penas/SKILL.md"
"Penal"	"extincao-punibilidade-pagamento-tributario"	"Extinção da Punibilidade pelo Pagamento — Crimes Tributários (pedidos sucessivos)"	"punibilidade pagamento tributario"	"Use ao elaborar pedido estruturado das 'válvulas' do CRIME TRIBUTÁRIO: extinção da punibilidade pelo PAGAMENTO INTEGRAL do débito a qualquer tempo (art. 9º, §2º, Lei 10.684/03; art. 83, Lei 9.430/96), SUSPENSÃO da pretensão punitiva pelo PARCELAMENTO e trancamento/sobrestamento por ausência de CONSTITUIÇÃO DEFINITIVA do crédito (Súmula Vinculante 24), em pedidos sucessivos. Aciona com: extinção da punibilidade pelo pagamento, pagamento do tributo, quitação do débito fiscal, parcelamento tributário, REFIS, PAES, PERT, transação tributária, art. 9º §2º da Lei 10.684/03, art. 83 da Lei 9.430/96, art. 34 da Lei 9.249/95, art. 69 da Lei 11.941/09, SV 24, Súmula Vinculante 24, lançamento definitivo, constituição definitiva do crédito, PAF, processo administrativo fiscal pendente, CARF, sonegação fiscal, crime contra a ordem tributária, Lei 8.137/90, apropriação indébita previdenciária (CP 168-A), sonegação previdenciária (CP 337-A), ICMS declarado e não recolhido, certidão PGFN/RFB, CND, suspensão da pretensão punitiva, suspensão da prescrição pelo parcelamento, trancamento de ação penal tributária, falta de justa causa em crime tributário."	""	""	""	""	""	""	""	""	""	""	""	""	""	""	"areas do direito/Penal/extincao-punibilidade-pagamento-tributario/SKILL.md"
"Penal"	"extincao-punibilidade-prescricao"	"Extinção da Punibilidade — Prescrição (pedido autônomo)"	"punibilidade prescricao"	"Use ao elaborar pedido autônomo de reconhecimento da EXTINÇÃO DA PUNIBILIDADE (art. 107 do CP), com foco em PRESCRIÇÃO — da pretensão punitiva em abstrato, superveniente/intercorrente, retroativa e da pretensão executória (arts. 109 a 119 do CP). Aciona com: extinção da punibilidade, prescrição, PPP, PPE, prescrição da pretensão punitiva, prescrição da pretensão executória, prescrição retroativa, prescrição intercorrente, prescrição superveniente, prescrição virtual/antecipada/em perspectiva (Súmula 438 STJ), pena prescrita, prazo prescricional, marcos interruptivos, causas suspensivas, art. 107 CP, art. 109 CP, art. 110 CP, art. 115 CP, art. 116 CP, art. 117 CP, réu menor de 21 na data do fato, réu maior de 70 na sentença, prescrição da multa, matéria de ordem pública, alvará de soltura por prescrição, decadência, perempção."	""	""	""	""	""	""	""	""	""	""	""	""	""	""	"areas do direito/Penal/extincao-punibilidade-prescricao/SKILL.md"
"Penal"	"habeas-corpus"	"Habeas Corpus (HC)"	"corpus"	"Use ao elaborar, redigir, estruturar ou revisar a peça criminal de HABEAS CORPUS (HC) no processo penal brasileiro — ação autônoma de impugnação (não é recurso) que tutela a liberdade de locomoção contra violência ou coação ilegal. Aciona com: habeas corpus, HC, impetrar habeas corpus, art. 5º LXVIII CF, art. 647 CPP, art. 648 CPP, art. 654 CPP, art. 647-A CPP, liberdade de locomoção, coação ilegal, HC preventivo, HC repressivo, impetrante, paciente, impetrado, relaxamento de prisão, revogação de prisão, trancamento de inquérito ou ação penal, autoridade coatora. Aciona também quando o cenário descreve prisão ilegal, ameaça à liberdade de ir e vir, constrangimento ilegal, em provas de OAB, concursos, prática forense. Use mesmo sem nomeação explícita quando o contexto revelar atentado à liberdade de locomoção a ser impugnado."	""	""	""	""	""	""	""	""	""	""	""	""	""	""	"areas do direito/Penal/habeas-corpus/SKILL.md"
"Penal"	"habilitacao-acesso-autos"	"Habilitação e Acesso aos Autos (entrada do advogado no caso)"	"acesso autos"	"Use na rotina de ENTRADA do advogado no caso criminal — habilitação nos autos com juntada de procuração, lavratura de procuração criminal (inclusive com PODERES ESPECIAIS do art. 44 do CPP para queixa-crime, renúncia, perdão, retratação e acordos), substabelecimento com ou sem reservas, pedido de vista/carga/cópias e acesso a inquérito ou autos sigilosos (art. 7º do EAOAB — Lei 8.906/94; Lei 13.245/2016; Súmula Vinculante 14). Aciona com: habilitação, habilitar-se nos autos, juntada de procuração, procuração criminal, poderes especiais, art. 44 CPP, procuração apud acta (CPP 266), substabelecimento, substabelecer com/sem reservas, vista dos autos, carga, carga rápida, cópias do processo, acesso ao inquérito, APF, plantão, flagrante, autos sigilosos, SV 14, intimação exclusiva, cadastro no PJe/eproc/ESAJ, renúncia ao mandato. Aciona também quando o cliente acabou de contratar o escritório, quando há preso em flagrante e o advogado precisa acessar o auto de prisão, ou quando outro advogado transfere o caso."	""	""	""	""	""	""	""	""	""	""	""	""	""	""	"areas do direito/Penal/habilitacao-acesso-autos/SKILL.md"
"Penal"	"hc-tribunais-superiores"	"Habeas Corpus nos Tribunais Superiores (STJ e STF)"	"tribunais superiores"	"Use ao elaborar, redigir ou revisar HABEAS CORPUS impetrado perante os TRIBUNAIS SUPERIORES (STJ e STF), inclusive o pedido de LIMINAR, o HC substitutivo de recurso próprio e a estratégia sucessiva TJ→STJ→STF. Aciona com: HC no STJ, HC no STF, habeas corpus em tribunal superior, liminar em habeas corpus, pedido liminar de alvará de soltura, fumus boni iuris, periculum in mora, Súmula 691 STF, superação da Súmula 691, indeferimento de liminar pelo relator, flagrante ilegalidade, teratologia, decisão teratológica, HC substitutivo de recurso ordinário, não conhecimento do writ, concessão da ordem de ofício, art. 654 § 2º CPP, art. 647-A CPP, art. 105 I c CF, art. 102 I i CF, supressão de instância, per saltum, HC sucessivo, reiteração de HC, autoridade coatora colegiada, acórdão denegatório de HC. Aciona também quando o cenário descreve prisão mantida por TJ/TRF ou por Tribunal Superior, denegação de HC na origem, urgência de soltura antes do julgamento de mérito, ou dúvida entre impetrar novo HC e interpor recurso ordinário. Use mesmo sem nomeação explícita quando o contexto revelar coação ilegal já chancelada por tribunal e a defesa precisar subir a discussão a STJ ou STF."	""	""	""	""	""	""	""	""	""	""	""	""	""	""	"areas do direito/Penal/hc-tribunais-superiores/SKILL.md"
"Penal"	"impugnacao-cadeia-custodia"	"Impugnação da Quebra de Cadeia de Custódia (prova física e digital)"	"cadeia custodia"	"Use ao redigir a impugnação da quebra de cadeia de custódia de prova física ou digital (CPP, arts. 158-A a 158-F — Pacote Anticrime): auditoria elo a elo do vestígio e preliminar/incidente com pedido de desentranhamento (CPP 157) e contaminação derivada. Aciona com: quebra de cadeia de custódia, cadeia de custódia, arts. 158-A a 158-F, 158-B, 158-C, 158-D, 158-E, 158-F, Pacote Anticrime, lacre rompido, lacre ausente, lacre renumerado, ficha de acompanhamento de vestígio, hash divergente, hash não documentado, gap de custódia, elo faltante, central de custódia, recipiente inadequado, vestígio, desentranhamento, art. 157, prova ilícita, prova inadmissível, contaminação derivada, frutos da árvore envenenada, extração de celular, espelhamento de WhatsApp, dados brutos da extração, droga sem lacre, arma sem lacre, laudo sem hash, impugnação de prova digital."	""	""	""	""	""	""	""	""	""	""	""	""	""	""	"areas do direito/Penal/impugnacao-cadeia-custodia/SKILL.md"
"Penal"	"impugnacao-infiltracao-acao-controlada"	"Impugnação de Infiltração de Agentes e Ação Controlada (meios especiais de obtenção de prova)"	"infiltracao acao controlada"	"Use ao redigir a impugnação defensiva dos meios especiais de obtenção de prova da criminalidade organizada — infiltração de agentes (Lei 12.850/2013, arts. 10 a 14), infiltração VIRTUAL em meio cibernético (Lei 12.850, arts. 10-A a 10-D, inseridos pela Lei 13.964/2019; e, para crimes contra criança/adolescente, ECA, arts. 190-A a 190-E, da Lei 13.441/2017) e ação controlada / entrega vigiada (arts. 8º e 9º) —, com teses de ausência ou vício da autorização judicial prévia, excesso de prazo/escopo, falta de subsidiariedade, flagrante preparado (Súmula 145 do STF) e agente provocador, e pedido de desentranhamento (CPP, art. 157). Aciona com: infiltração de agentes, agente infiltrado, agente disfarçado, infiltração policial, infiltração virtual, infiltração cibernética, Lei 13.441, art. 10 da 12.850, arts. 10-A a 10-D, ação controlada, flagrante diferido, flagrante retardado, entrega vigiada, entrega controlada, art. 8º da 12.850, art. 9º, flagrante preparado, flagrante provocado, Súmula 145 STF, agente provocador, crime de ensaio, delito putativo por obra do agente, autorização judicial de infiltração, prazo de seis meses, subsidiariedade, indispensabilidade, excesso de escopo, relatório circunstanciado, provocação policial, desentranhamento, art. 157, prova ilícita."	""	""	""	""	""	""	""	""	""	""	""	""	""	""	"areas do direito/Penal/impugnacao-infiltracao-acao-controlada/SKILL.md"
"Penal"	"impugnacao-interceptacao-sigilo"	"Impugnação de Interceptações e Quebras de Sigilo (ilicitude da obtenção)"	"interceptacao sigilo"	"Use ao redigir a impugnação defensiva de interceptação telefônica/telemática e de quebras de sigilo (Lei 9.296/96; sigilo bancário e fiscal — LC 105/2001; dados telemáticos — Marco Civil, Lei 12.965/2014; extração de celular apreendido), com teses de ilicitude da obtenção e pedido de desentranhamento (CPP, art. 157). Aciona com: interceptação telefônica, interceptação telemática, grampo, escuta, captação ambiental, art. 8º-A, Lei 9.296, quebra de sigilo, sigilo bancário, sigilo fiscal, sigilo de dados, LC 105/2001, RIF, COAF, relatório de inteligência financeira, fundamentação genérica, prorrogações sucessivas, renovação de interceptação, fishing expedition, denúncia anônima, encontro fortuito, serendipidade, celular apreendido, WhatsApp sem autorização judicial, extração de dados, dados telemáticos, ERB, registros de conexão, metadados, degravação, transcrição de áudios, prova ilícita, desentranhamento, art. 157, frutos da árvore envenenada."	""	""	""	""	""	""	""	""	""	""	""	""	""	""	"areas do direito/Penal/impugnacao-interceptacao-sigilo/SKILL.md"
"Penal"	"impugnacao-prova-embriaguez"	"Impugnação da Prova da Embriaguez (art. 306 do CTB)"	"prova embriaguez"	"Use ao impugnar a prova da embriaguez ao volante (art. 306 do CTB — Lei 9.503/97): auditoria do etilômetro/bafômetro (aferição e calibração INMETRO, margem de erro, resolução do CONTRAN), recusa ao teste (nemo tenetur), exame de sangue e cadeia de custódia, 'sinais notórios' com vídeo/testemunho, e prova da condução do veículo. Aciona com: embriaguez ao volante, art. 306 CTB, bafômetro, etilômetro, teste do bafômetro, lei seca, alcoolemia, recusa ao teste, exame de sangue, sinais de embriaguez, valor considerado, margem de erro do etilômetro, CNH e álcool, acidente com suspeita de álcool."	""	""	""	""	""	""	""	""	""	""	""	""	""	""	"areas do direito/Penal/impugnacao-prova-embriaguez/SKILL.md"
"Penal"	"incidente-falsidade-documental"	"Incidente de Falsidade Documental (CPP, arts. 145-148)"	"falsidade documental"	"Use ao arguir a falsidade de documento juntado aos autos do processo penal — incidente de falsidade documental (CPP, arts. 145-148): arguição por escrito com procuração com poderes especiais, autuação em apartado, resposta em 48h, prova em 3 dias, perícia documentoscópica e desentranhamento do documento falso. Aciona com: incidente de falsidade, arguição de falsidade documental, documento falso nos autos, falsidade material, falsidade ideológica, assinatura falsificada, contrafação, adulteração de documento, exame grafotécnico, documentoscopia, desentranhamento, CPP 145, CPP 146, CPP 147, CPP 148, poderes especiais, print adulterado, montagem de documento, documento decisivo da queixa."	""	""	""	""	""	""	""	""	""	""	""	""	""	""	"areas do direito/Penal/incidente-falsidade-documental/SKILL.md"
"Penal"	"incidente-insanidade-mental"	"Incidente de Insanidade Mental (CPP, arts. 149 a 154)"	"insanidade mental"	"Use ao suscitar dúvida sobre a higidez mental do acusado — requerimento de instauração do incidente de insanidade mental (CPP, arts. 149 a 154), nomeação de curador, suspensão do processo, quesitos ao perito psiquiatra, inimputabilidade e semi-imputabilidade (art. 26, caput e parágrafo único, CP), absolvição imprópria com medida de segurança e insanidade superveniente (CPP 152 e 154; LEP 183). Aciona com: incidente de insanidade mental, exame de sanidade mental, exame médico-legal psiquiátrico, CPP 149, inimputável, inimputabilidade, semi-imputável, semi-imputabilidade, art. 26 CP, doença mental, perturbação da saúde mental, transtorno mental, esquizofrenia, surto psicótico, laudo psiquiátrico, quesitos ao perito, curador ao acusado, suspensão do processo por insanidade, absolvição imprópria, medida de segurança na sentença, internação provisória art. 319 VII, doença mental superveniente, réu que adoeceu depois do crime, doença mental na execução da pena, exame de dependência toxicológica, CID, CAPS, histórico de internação psiquiátrica."	""	""	""	""	""	""	""	""	""	""	""	""	""	""	"areas do direito/Penal/incidente-insanidade-mental/SKILL.md"
"Penal"	"inepcia-denuncia-generica"	"Inépcia da Denúncia Genérica (crimes societários)"	"denuncia generica"	"Use ao defender administrador, sócio ou gestor em crimes societários (tributários, financeiros, previdenciários, ambientais) contra denúncia genérica: arguição de inépcia (CPP 41 e 395, I), exigência de individualização mínima da conduta em autoria coletiva, vedação da responsabilidade penal objetiva pelo cargo e desmonte do uso indevido da teoria do domínio do fato; delegação e compliance como quebra do nexo. Aciona com: inépcia da denúncia, denúncia genérica, denúncia geral, art. 41 CPP, art. 395 I CPP, rejeição da denúncia, trancamento da ação penal, HC trancamento, falta de justa causa, crimes societários, penal empresarial, autoria coletiva, domínio do fato, responsabilidade objetiva do sócio, contrato social, delegação de poderes, compliance, resposta à acusação (preliminar), Lei 8.137, Lei 7.492 art. 25, CP 168-A, Lei 9.605 arts. 2º/3º."	""	""	""	""	""	""	""	""	""	""	""	""	""	""	"areas do direito/Penal/inepcia-denuncia-generica/SKILL.md"
"Penal"	"interpelacao-judicial-pedido-explicacoes"	"Interpelação Judicial / Pedido de Explicações (CP art. 144)"	"judicial pedido explicacoes"	"Use ao elaborar, redigir, estruturar ou revisar a INTERPELAÇÃO JUDICIAL ou NOTIFICAÇÃO PARA PEDIDO DE EXPLICAÇÕES EM JUÍZO (art. 144 do CP) — providência PREPARATÓRIA e FACULTATIVA dos crimes contra a honra, para esclarecer referências, alusões ou frases equívocas antes de decidir pela queixa-crime. Aciona com: interpelação judicial, pedido de explicações, explicações em juízo, notificação para explicações, art. 144 CP, referências dúbias, alusões equívocas, frases ambíguas, sentido ofensivo, calúnia, difamação, injúria, esclarecer a ofensa antes da queixa, notificação do ofensor, o juiz não julga o mérito, providência preparatória, não interrompe a decadência, prazo de 6 meses corre normalmente. Aciona quando o cliente (ofendido) recebeu manifestação de sentido ofensivo incerto e quer intimar o autor a explicar-se antes de processar, em provas de OAB, concursos, prática forense. Não confundir com a queixa-crime em si nem com a representação. Use mesmo sem nomeação explícita quando o contexto revelar dúvida sobre o caráter ofensivo de uma manifestação em crime contra a honra."	""	""	""	""	""	""	""	""	""	""	""	""	""	""	"areas do direito/Penal/interpelacao-judicial-pedido-explicacoes/SKILL.md"
"Penal"	"investigacao-defensiva-corporativa"	"Investigação Defensiva Corporativa (internal investigation)"	"defensiva corporativa"	"Use ao conduzir investigação defensiva no ambiente corporativo (internal investigation) — apuração interna presidida por advogado numa empresa diante de suspeita de crime ou irregularidade (Provimento 188/2018 do CFOAB aplicado à pessoa jurídica): delimitação de escopo, coleta lícita de provas (documentos, e-mails corporativos, entrevistas de colaboradores com advertência de direitos), preservação de cadeia de custódia e do sigilo/LGPD, produção do relatório de investigação e do parecer, interface com o compliance e a decisão estratégica sobre autodenúncia/colaboração, sob a proteção do sigilo cliente-advogado (work product). Aciona com: investigação interna, internal investigation, apuração interna, investigação corporativa, denúncia no canal de ética, whistleblower, suspeita de desvio na empresa, fraude corporativa, coleta de e-mails corporativos, entrevista de colaborador, upjohn warning, advertência de direitos, relatório de investigação interna, compliance e crime, programa de integridade, autodenúncia da empresa, colaboração da pessoa jurídica, acordo de leniência, work product, sigilo cliente-advogado, Provimento 188/2018, LGPD na investigação, cadeia de custódia corporativa, investigação defensiva da empresa."	""	""	""	""	""	""	""	""	""	""	""	""	""	""	"areas do direito/Penal/investigacao-defensiva-corporativa/SKILL.md"
"Penal"	"juri-mapa-completo"	"Júri — Mapa Completo (da denúncia à execução)"	"mapa completo"	"Use ao navegar o rito COMPLETO do Tribunal do Júri (da denúncia à execução) e ao atuar nas fases que as skills específicas não cobrem — DESAFORAMENTO (arts. 427-428 CPP), pedido de julgamento imediato (art. 428, §2º), preparação do plenário (rol do art. 422, lista/relação de jurados, impedimento e suspeição de jurado, as 3 recusas peremptórias do art. 468, estouro de urna), ordem da sessão (arts. 472-497), apartes, algemas (SV 11), leitura/exibição vedada (arts. 478-479) e APELAÇÃO do veredicto (art. 593, III, a-d). Aciona com: mapa do júri, rito do júri, linha do tempo do júri, desaforamento, art. 427, art. 428, excesso de serviço, imparcialidade do júri, segurança pessoal do acusado, lista de jurados, relação de jurados, sorteio de jurados, recusa peremptória, recusas imotivadas, art. 468, estouro de urna, separação de julgamentos, art. 469, impedimento de jurado, suspeição de jurado, arts. 448-449, rol de testemunhas de plenário, art. 422, cláusula de imprescindibilidade, art. 461, sessão de julgamento, apartes, algemas no plenário, Súmula Vinculante 11, art. 478, art. 479, apelação do júri, art. 593 III, alíneas a b c d, decisão manifestamente contrária à prova dos autos, novo júri, soberania dos veredictos, homicídio, feminicídio, crimes dolosos contra a vida."	""	""	""	""	""	""	""	""	""	""	""	""	""	""	"areas do direito/Penal/juri-mapa-completo/SKILL.md"
"Penal"	"juri-plenario-debates"	"Júri em Plenário — Preparação dos Debates pela Defesa"	"plenario debates"	"Use ao preparar, estruturar ou roteirizar a atuação da DEFESA em PLENÁRIO na 2ª fase do Tribunal do Júri (judicium causae) — construção da tese de defesa (negativa de autoria, legítima defesa, desclassificação, clemência/absolvição), roteiro de debates, técnica de oralidade e manejo de provas em plenário. Aciona com: plenário do júri, debates, tese de defesa, plenitude de defesa, debate oral, sustentação no júri, art. 477 CPP (tempo dos debates), art. 476 CPP (ordem da palavra), art. 478 CPP (vedações de leitura), art. 479 CPP (juntada de documentos — 3 dias), réplica e tréplica, sessão de julgamento, Conselho de Sentença, jurados, soberania dos veredictos. Aciona também quando o cenário descreve réu pronunciado submetido a júri popular, designação de sessão de julgamento, ou preparação para sustentação oral perante o Conselho de Sentença, em provas de OAB, concursos e prática forense. Use mesmo sem nomeação explícita quando o contexto revelar julgamento pelo júri em plenário."	""	""	""	""	""	""	""	""	""	""	""	""	""	""	"areas do direito/Penal/juri-plenario-debates/SKILL.md"
"Penal"	"juri-pronuncia-defesa"	"Júri — Alegações Finais da Defesa (1ª Fase / Fase de Pronúncia)"	"pronuncia defesa"	"Use ao elaborar, redigir, estruturar ou revisar as ALEGAÇÕES FINAIS DA DEFESA na 1ª fase do Tribunal do Júri (memoriais da fase de pronúncia) — peça que, encerrada a instrução preliminar, busca IMPRONÚNCIA, ABSOLVIÇÃO SUMÁRIA ou DESCLASSIFICAÇÃO, e sustenta teses contra a pronúncia. Aciona com: júri 1ª fase, judicium accusationis, sumário da culpa, fase de pronúncia, alegações finais do júri, memoriais da pronúncia, impronúncia, absolvição sumária, desclassificação, despronúncia, contra a pronúncia, excesso de linguagem, in dubio pro societate, art. 413, art. 414, art. 415, art. 419 CPP, arts. 406-412 CPP, indícios suficientes de autoria, crime doloso contra a vida, homicídio, feminicídio. Aciona mesmo sem nomeação explícita quando o contexto revelar instrução do júri encerrada e necessidade de evitar que o réu vá a plenário."	""	""	""	""	""	""	""	""	""	""	""	""	""	""	"areas do direito/Penal/juri-pronuncia-defesa/SKILL.md"
"Penal"	"juri-quesitacao"	"Quesitação do Tribunal do Júri (arts. 482-491 CPP)"	"quesitacao"	"Use ao elaborar, conferir, impugnar ou estudar os QUESITOS do Tribunal do Júri (2ª fase / plenário) — a formulação, a ordem de votação e a impugnação dos quesitos submetidos ao Conselho de Sentença. Aciona com: quesitos, quesitação, questionário do júri, ordem dos quesitos, quesito genérico de absolvição, impugnação de quesitos, nulidade por quesitação, arts. 482 a 491 do CPP, art. 483 CPP (ordem e quesito do §2º), art. 484 (esclarecimento aos jurados), art. 490 (contradição nas respostas), votação dos quesitos, sala secreta. Aciona também quando o cenário descreve julgamento em plenário do júri, encerramento dos debates, leitura e votação do questionário, materialidade/autoria/desclassificação/causas de diminuição/qualificadoras como quesitos, em provas de OAB, concursos e prática forense. Use mesmo sem nomeação explícita quando o contexto revelar formulação ou votação de quesitos perante o Conselho de Sentença."	""	""	""	""	""	""	""	""	""	""	""	""	""	""	"areas do direito/Penal/juri-quesitacao/SKILL.md"
"Penal"	"justica-gratuita-isencao-custas-criminal"	"Justiça Gratuita e Isenção de Custas (processo penal)"	"gratuita isencao custas criminal"	"Use ao requerer justiça gratuita / assistência judiciária e isenção ou suspensão da exigibilidade das custas processuais penais para o réu pobre ou o querelante hipossuficiente, em qualquer fase do processo — no bojo da própria peça ou em petição incidental autônoma —, e ao recorrer da decisão que indefere o benefício. Aciona com: justiça gratuita, gratuidade da justiça, assistência judiciária, benefício da gratuidade, réu pobre, hipossuficiência, isenção de custas, isenção da taxa judiciária, suspensão da exigibilidade das custas, custas processuais penais, custas do querelante, art. 32 CPP, art. 261 CPP, art. 263 CPP, art. 804 CPP, art. 806 CPP, Lei 1.060/1950, art. 98 CPC, art. 99 CPC, art. 100 CPC, declaração de hipossuficiência, defensor dativo, honorários do dativo, multa processual criminal, condenação em custas, insolvência do condenado, prazo de exigibilidade da multa, não posso pagar custas, não tenho condições de arcar."	""	""	""	""	""	""	""	""	""	""	""	""	""	""	"areas do direito/Penal/justica-gratuita-isencao-custas-criminal/SKILL.md"
"Penal"	"levantamento-medidas-assecuratorias"	"Defesa Patrimonial contra Medidas Assecuratórias (CPP, arts. 125-144-A)"	"medidas assecuratorias"	"Use ao defender o patrimônio constrito por medidas assecuratórias (CPP, arts. 125-144-A) — embargos ao sequestro, pedido de levantamento, desbloqueio de contas e ativos financeiros, redução da constrição por desproporcionalidade e proteção de bens de terceiros de boa-fé. Aciona com: medidas assecuratórias, sequestro de bens, embargos ao sequestro, levantamento do sequestro, arresto, hipoteca legal, especialização de hipoteca, bloqueio de contas, bloqueio judicial, Sisbajud, Bacenjud, Renajud, CNIB, desbloqueio de valores, indisponibilidade de bens, constrição patrimonial, alienação antecipada, CPP 125, CPP 126, CPP 130, CPP 131, CPP 144-A, confisco por equivalente, CP 91 §2º, terceiro de boa-fé, embargos de terceiro, impenhorabilidade, bem de família, excesso de constrição, conta bloqueada."	""	""	""	""	""	""	""	""	""	""	""	""	""	""	"areas do direito/Penal/levantamento-medidas-assecuratorias/SKILL.md"
"Penal"	"liberacao-bens-lavagem"	"Liberação de Bens Constritos por Lavagem (Lei 9.613/98, art. 4º)"	"bens lavagem"	"Use ao pedir a liberação ou restituição de bens, direitos ou valores constritos em investigação ou ação penal por lavagem de dinheiro (Lei 9.613/98, art. 4º e §§) — regime especial de medidas assecuratórias sobre produto/proveito, liberação mediante prova da origem lícita e da titularidade de boa-fé (§2º), impugnação da alienação antecipada própria (art. 4º-A) e administração dos bens. Aciona com: liberação de bens na lavagem, restituição de bens bloqueados por lavagem, art. 4º da Lei 9.613, medidas assecuratórias na lavagem, sequestro por lavagem de dinheiro, bloqueio de contas em lavagem, comprovação de origem lícita, prova de licitude, ônus da prova invertido, alienação antecipada de bens, art. 4º-A, terceiro de boa-fé na lavagem, meação do cônjuge, administração de bens constritos, desbloqueio Sisbajud lavagem, liberação para honorários e subsistência, incidente patrimonial em apenso."	""	""	""	""	""	""	""	""	""	""	""	""	""	""	"areas do direito/Penal/liberacao-bens-lavagem/SKILL.md"
"Penal"	"liberdade-provisoria-relaxamento"	"Liberdade Provisória / Relaxamento (pedidos de soltura)"	"provisoria relaxamento"	"Use ao elaborar pedido de soltura no processo penal — relaxamento de prisão ilegal (CF 5º LXV), liberdade provisória (CPP 310/321), revogação de prisão preventiva (CPP 312/315/316) ou substituição por cautelares do art. 319. Aciona com: relaxamento, liberdade provisória, revogação de preventiva, alvará de soltura, excesso de prazo, medidas cautelares, fiança."	""	""	""	""	""	""	""	""	""	""	""	""	""	""	"areas do direito/Penal/liberdade-provisoria-relaxamento/SKILL.md"
"Penal"	"matriz-contradicoes-prova-oral"	"Matriz de Contradições da Prova Oral (mapear → classificar → converter em peça)"	"contradicoes prova oral"	"Use ao mapear, classificar e converter em argumento as contradições da prova oral — o método da matriz de contradições: declaração × declaração (delegacia vs. juízo, retratação e o valor do elemento do inquérito — art. 155 do CPP), declaração × prova material (laudo, ERB, câmeras, extratos) e declaração × realidade física (tempo, lugar, luz, distância), com classificação (essencial × periférica; interna × externa) e transporte do achado para memoriais, plenário do júri e apelação. Aciona com: matriz de contradições, quadro de contradições, mapa de contradições, cotejo de depoimentos, confronto de versões, testemunha mudou a versão, retratação em juízo, delegacia versus juízo, art. 155 do CPP, elementos informativos do inquérito, impeachment de testemunha, depoimento contra o laudo, ERB, câmeras de segurança, extratos e mensagens, contradição essencial, contradição periférica, contradição interna e externa, insuficiência probatória, in dubio pro reo, art. 386, VII, palavra da vítima isolada, prova oral frágil, valoração da prova oral, prequestionamento de contradição."	""	""	""	""	""	""	""	""	""	""	""	""	""	""	"areas do direito/Penal/matriz-contradicoes-prova-oral/SKILL.md"
"Penal"	"medida-seguranca-desinternacao"	"Medida de Segurança — Desinternação e Cessação de Periculosidade"	"seguranca desinternacao"	"Use ao elaborar os pedidos do internado em medida de segurança perante o Juízo da Execução — desinternação e liberação condicional (arts. 175 a 179 da LEP), exame de cessação de periculosidade (inclusive a antecipação do art. 176 da LEP), extinção pelo limite temporal (Súmula 527/STJ — máximo da pena abstrata; posição do STF pelo teto do art. 75 do CP), prescrição da medida de segurança, conversão da internação em tratamento ambulatorial e transferência/vaga em HCTP. Aciona com: medida de segurança, MS, desinternação, liberação condicional do inimputável, cessação de periculosidade, exame de cessação, laudo psiquiátrico, internação, tratamento ambulatorial, HCTP, hospital de custódia e tratamento psiquiátrico, manicômio judiciário, inimputável, semi-imputável, art. 26 CP, arts. 96 a 99 CP, art. 97 §§1º a 4º CP, arts. 171 a 179 LEP, Súmula 527 STJ, absolvição imprópria (art. 386, parágrafo único, III, CPP), periculosidade, desinternação progressiva, Lei 10.216/2001, luta antimanicomial, internado preso em cadeia comum aguardando vaga, medida de segurança sem prazo/perpétua."	""	""	""	""	""	""	""	""	""	""	""	""	""	""	"areas do direito/Penal/medida-seguranca-desinternacao/SKILL.md"
"Penal"	"medidas-protetivas-urgencia"	"Medidas Protetivas de Urgência (Lei 11.340/2006 — polo da vítima)"	"protetivas urgencia"	"Use ao elaborar requerimento de MEDIDAS PROTETIVAS DE URGÊNCIA da Lei Maria da Penha (Lei 11.340/2006, arts. 18 a 24) pelo polo da vítima/assistente — pedido liminar de afastamento do lar, proibição de aproximação e contato, suspensão de armas, medidas patrimoniais, prorrogação/manutenção e reação ao descumprimento (art. 24-A). Aciona com: medida protetiva, medidas protetivas de urgência, MPU, Lei Maria da Penha, Lei 11.340, afastamento do lar, proibição de aproximação, distância mínima, art. 22, art. 23, art. 24, art. 12-C, art. 19, Lei 14.550/2023, prazo de 48 horas, FONAR, formulário de avaliação de risco, descumprimento de protetiva, art. 24-A, botão do pânico, prorrogação de protetiva, violência doméstica contra a mulher."	""	""	""	""	""	""	""	""	""	""	""	""	""	""	"areas do direito/Penal/medidas-protetivas-urgencia/SKILL.md"
"Penal"	"memoriais"	"Memoriais (Alegações Finais Escritas)"	"memoriais"	"Use ao elaborar, redigir, estruturar ou revisar a peça criminal de Memoriais (alegações finais escritas) no processo penal brasileiro — seja memoriais da DEFESA (réu), da ACUSAÇÃO (Ministério Público) ou da ASSISTÊNCIA DE ACUSAÇÃO (vítima) — no procedimento comum ordinário ou, por analogia, na 1ª fase do Tribunal do Júri. Aciona com: memoriais, memorial, alegações finais escritas, art. 403 §3º, art. 404 parágrafo único, princípio da eventualidade, teses subsidiárias, dosimetria da pena, AIJ encerrada, prazo de 5 dias para alegações finais. Aciona também em violência doméstica, feminicídio, lesão corporal qualificada (art. 129 §13), ameaça (art. 147 §1º), Lei Maria da Penha, pedidos de reparação à vítima (art. 387, IV CPP), Tema 983 e Tema 1197 STJ, em provas de OAB, concursos, prática forense. Use mesmo sem nomeação explícita quando o contexto revelar a necessidade."	""	""	""	""	""	""	""	""	""	""	""	""	""	""	"areas do direito/Penal/memoriais/SKILL.md"
"Penal"	"parecer-juridico-criminal"	"Parecer Jurídico-Criminal (consulta, viabilidade e custos legis)"	"juridico criminal"	"Use ao elaborar parecer ou responder consulta jurídico-criminal como entregável formal — opinião técnica sobre viabilidade de tese, defesa ou recurso, análise de risco penal, segunda opinião, parecer pro veritate para instruir autos e parecer do MP como custos legis em HC e recursos. Aciona com: parecer, parecer jurídico, parecer criminal, consulta jurídica, opinião legal, legal opinion, quesitos, resposta aos quesitos, viabilidade de recurso, chances de êxito, prognóstico do processo, segunda opinião, parecer pro veritate, parecer de jurista, custos legis, fiscal da ordem jurídica, parecer do MP em habeas corpus, due diligence criminal, análise de risco penal, ementa de parecer, grau de certeza da tese."	""	""	""	""	""	""	""	""	""	""	""	""	""	""	"areas do direito/Penal/parecer-juridico-criminal/SKILL.md"
"Penal"	"pedido-diligencias"	"Pedido de Diligências Complementares (art. 402 do CPP)"	"diligencias"	"Use ao requerer diligências complementares ao final da audiência de instrução e julgamento — fase de diligências do art. 402 do CPP —, seja na formulação oral em audiência, seja na petição escrita, e ao reagir ao indeferimento (consignação em ata + cerceamento de defesa). Aciona com: pedido de diligências, diligências complementares, art. 402 CPP, fase de diligências, fim da AIJ, encerramento da instrução, nova perícia, complementação de laudo, esclarecimentos do perito, testemunha referida, art. 209 §1º, acareação, quebra de sigilo, requisição de imagens de câmeras, registros telefônicos, ERB, juntada de documentos, indeferimento de diligência, consignar em ata, protesto, cerceamento de defesa, art. 404 CPP, audiência concluída sem alegações finais."	""	""	""	""	""	""	""	""	""	""	""	""	""	""	"areas do direito/Penal/pedido-diligencias/SKILL.md"
"Penal"	"perdao-perempcao-acao-privada"	"Perdão, perempção e renúncia na ação penal privada"	"perempcao acao privada"	"Use ao arguir ou reconhecer as causas extintivas PRÓPRIAS da ação penal privada — perdão do ofendido (CP arts. 105-106, bilateral e comunicável a corréus), perempção (CPP art. 60, por inércia do querelante) e renúncia ao direito de queixa (CP art. 104) —, distinguindo-as da decadência e da prescrição (que moram em extincao-punibilidade-prescricao) e aplicando a indivisibilidade (CPP arts. 48-49). Serve tanto ao querelante que quer extinguir quanto ao querelado que pleiteia o reconhecimento. Aciona com: perdão do ofendido, perdão aceito, perempção, renúncia ao direito de queixa, renúncia tácita, art. 104 CP, art. 105 CP, art. 106 CP, art. 107 V CP, art. 60 CPP, art. 48 CPP, art. 49 CPP, art. 51 CPP, querelante inerte, deixou de comparecer, morte do querelante sem habilitação de sucessor, não pediu condenação nas alegações finais, não promoveu o andamento por 30 dias, aceitação do perdão, recusa do perdão, extinção da punibilidade na ação privada, arquivar queixa por perempção, indivisibilidade da queixa."	""	""	""	""	""	""	""	""	""	""	""	""	""	""	"areas do direito/Penal/perdao-perempcao-acao-privada/SKILL.md"
"Penal"	"plantao-pos-flagrante-primeiras-24h"	"Plantão Pós-Flagrante — As Primeiras 24 Horas (CPP, arts. 301 a 310)"	"pos flagrante primeiras 24h"	"Use ao atuar no plantão criminal nas primeiras 24 horas entre a prisão em flagrante e a audiência de custódia (CPP, arts. 301 a 310): localizar a pessoa presa, comparecer à delegacia, obter cópia do APF e da nota de culpa, fiscalizar as comunicações obrigatórias (juiz, MP, família, Defensoria — art. 306), requerer FIANÇA AO DELEGADO quando a pena máxima não superar 4 anos (art. 322), provocar a liberação na origem ou o relaxamento no plantão judiciário, orientar preso e família e montar em horas o dossiê de soltura (residência, trabalho, saúde, filhos). Aciona com: plantão criminal, plantão pós-flagrante, primeiras 24 horas, cliente preso agora, prisão em flagrante de madrugada, ligação da família, delegacia de plantão, central de flagrantes, APF, auto de prisão em flagrante, nota de culpa, art. 306 do CPP, comunicação da prisão, fiança na delegacia, fiança arbitrada pelo delegado, art. 322, fiança recusada pelo delegado, art. 335, crime inafiançável, localizar o preso, BNMP, entrevista reservada na delegacia, interrogatório policial, prerrogativas do advogado na delegacia, art. 7º do Estatuto da OAB, antes da audiência de custódia."	""	""	""	""	""	""	""	""	""	""	""	""	""	""	"areas do direito/Penal/plantao-pos-flagrante-primeiras-24h/SKILL.md"
"Penal"	"posse-porte-arma"	"Posse e Porte de Arma (Lei 10.826/2003 — defesa nos arts. 12-18)"	"porte arma"	"Use ao defender acusado por crime do Estatuto do Desarmamento (Lei 10.826/2003, arts. 12-18) — enquadramento correto do tipo, desclassificação (16→14/12) e teses de atipicidade em resposta à acusação, memoriais e habeas corpus. Aciona com: Estatuto do Desarmamento, Lei 10.826, posse irregular de arma, porte ilegal de arma, disparo de arma de fogo, arma de uso restrito, arma de uso proibido, numeração raspada/suprimida, registro vencido, abolitio criminis temporária, arma desmuniciada, arma desmontada, laudo de eficácia, munição, CAC, colecionador atirador caçador, guia de tráfego, porte de trânsito, SINARM, SIGMA, Decreto 11.615/2023, desclassificação art. 16 para art. 14."	""	""	""	""	""	""	""	""	""	""	""	""	""	""	"areas do direito/Penal/posse-porte-arma/SKILL.md"
"Penal"	"preparacao-audiencia"	"Preparação de Audiência"	"audiencia"	"Monta um briefing completo para uma audiência (instrução/AIJ, custódia, plenário do júri): dados do ato, partes envolvidas, e-mails e atos anteriores relacionados, teses aplicáveis e roteiro de perguntas/quesitos."	""	""	""	""	""	""	""	""	""	""	""	""	""	""	"areas do direito/Penal/preparacao-audiencia/SKILL.md"
"Penal"	"preparacao-interrogatorio-cliente"	"Preparação do Cliente para o Interrogatório (arts. 185–196 do CPP)"	"interrogatorio cliente"	"Use ao preparar o CLIENTE (réu/investigado) para o interrogatório judicial (arts. 185 a 196 do CPP) e ao orientar eticamente testemunhas de defesa sobre a dinâmica do ato — decisão informada entre silêncio total, silêncio seletivo e falar (CF, art. 5º, LXIII; CPP, art. 186), simulação das perguntas prováveis da acusação, videoconferência (art. 185, §2º), entrevista prévia reservada (art. 185, §5º), postura e vestimenta. Aciona com: preparação do réu, preparar o cliente para o interrogatório, interrogatório judicial, art. 185, art. 186, direito ao silêncio, silêncio seletivo, permanecer calado, ficar em silêncio na audiência, nemo tenetur se detegere, autodefesa, interrogatório por videoconferência, entrevista prévia reservada com o preso, interrogatório como último ato da AIJ, art. 400, simulação de perguntas, sabatina do MP, confessar ou calar, confissão e atenuante, Súmula 545/STJ, falsa identidade, Súmula 522/STJ, orientação de testemunha, preparar testemunha sem induzir, falso testemunho, CP 342, corrupção de testemunha, CP 343, postura em audiência, roteiro de preparação do cliente, checklist do dia da audiência."	""	""	""	""	""	""	""	""	""	""	""	""	""	""	"areas do direito/Penal/preparacao-interrogatorio-cliente/SKILL.md"
"Penal"	"preservacao-prova-digital-defesa"	"Preservação e Produção de Prova Digital pela Defesa"	"prova digital defesa"	"Use ao produzir e preservar evidência digital PELA defesa (ou pelo querelante): ata notarial, coleta com hash e registro de método, pedido judicial de preservação/fornecimento de registros a provedores (Marco Civil — Lei 12.965/2014, arts. 13, 15, 22 e 23) e requisição de acesso aos dados brutos da extração estatal. Aciona com: preservação de prova digital, coleta defensiva, ata notarial, hash, prova digital da defesa, pedido de preservação de registros, fornecimento de registros de conexão, registros de acesso a aplicações, Marco Civil da Internet, prazo de guarda de 6 meses, prazo de guarda de 1 ano, provedor de conexão, provedor de aplicação, print de WhatsApp da vítima, mensagens que podem ser apagadas, perfil falso, dados brutos da extração, extração íntegra, espelhamento, congelamento de conteúdo, notificação ao provedor, álibi digital."	""	""	""	""	""	""	""	""	""	""	""	""	""	""	"areas do direito/Penal/preservacao-prova-digital-defesa/SKILL.md"
"Penal"	"prisao-domiciliar"	"Prisão Domiciliar Substitutiva da Preventiva (CPP, arts. 317 a 318-B)"	"domiciliar"	"Use ao elaborar pedido autônomo de prisão domiciliar substitutiva da prisão preventiva (CPP, arts. 317, 318, 318-A e 318-B) — gestante, puérpera, mãe ou responsável por criança de até 12 anos ou pessoa com deficiência, pai único responsável, maior de 80 anos, doença grave (domiciliar humanitária) e cuidador imprescindível de menor de 6 anos. Aciona com: prisão domiciliar, domiciliar substitutiva, art. 318, art. 318-A, HC coletivo 143.641, Marco Legal da Primeira Infância, Lei 13.769/2018, gestante presa, mãe presa, filho menor de 12 anos, maior de 80 anos, doença grave no cárcere, domiciliar humanitária, PcD, tornozeleira, monitoração eletrônica."	""	""	""	""	""	""	""	""	""	""	""	""	""	""	"areas do direito/Penal/prisao-domiciliar/SKILL.md"
"Penal"	"producao-antecipada-provas"	"Produção Antecipada de Provas (CPP, arts. 156, I, 225 e 366 — Súmula 455 STJ)"	"antecipada provas"	"Use ao requerer ou impugnar a produção antecipada de provas no processo penal (CPP, arts. 156, I, 225 e 366; Súmula 455 STJ): demonstrar urgência e relevância concretas da prova, combater a fundamentação genérica fundada no mero decurso do tempo no caso do réu citado por edital que não comparece, e atuar como defensor nomeado no ato de oitiva antecipada. Aciona com: produção antecipada de provas, prova antecipada, antecipação de prova, oitiva antecipada de testemunha, cautelar probatória, art. 156 do CPP, art. 156, I, art. 225 do CPP, art. 366 do CPP, Súmula 455 do STJ, réu citado por edital, citação por edital, suspensão do processo, suspensão da prescrição, Súmula 415 do STJ, testemunha idosa, testemunha enferma, testemunha que vai se ausentar, oitiva antecipada de policial, perecimento da prova, mero decurso do tempo, fragilidade da memória, defensor nomeado para o ato, defensor dativo na antecipação, urgência e relevância da prova, réu foragido, réu não localizado."	""	""	""	""	""	""	""	""	""	""	""	""	""	""	"areas do direito/Penal/producao-antecipada-provas/SKILL.md"
"Penal"	"protetivas-lei-henry-borel"	"Medidas Protetivas da Lei Henry Borel (Lei 14.344/2022)"	"lei henry borel"	"Use ao pleitear OU impugnar medidas protetivas de urgência da Lei Henry Borel (Lei 14.344/2022) em favor de criança ou adolescente vítima ou testemunha de violência doméstica e familiar — rol de medidas, legitimidade, procedimento, articulação com o Conselho Tutelar e o depoimento especial, e o crime de descumprimento (confira a numeração exata dos artigos via lei-e-sumula antes de citar). Distingue-se do regime da Lei Maria da Penha. Aciona com: Lei Henry Borel, Lei 14.344, Lei 14.344/2022, medida protetiva de criança, protetiva de menor, violência doméstica contra criança, violência familiar contra adolescente, afastamento do agressor do lar, proibição de aproximação da criança, art. 20 da Lei 14.344, art. 21, art. 22, art. 23, art. 24, art. 25 da Lei Henry Borel, descumprimento de protetiva de criança, Conselho Tutelar, depoimento especial, escuta protegida, ECA, guarda provisória, suspensão do poder familiar, afastamento cautelar, botão do pânico infantil, prazo de 48 horas, autoridade policial menor, distinção Maria da Penha, defesa do investigado em protetiva de criança."	""	""	""	""	""	""	""	""	""	""	""	""	""	""	"areas do direito/Penal/protetivas-lei-henry-borel/SKILL.md"
"Penal"	"queixa-crime"	"Queixa-Crime"	"crime"	"Use ao elaborar, redigir, estruturar ou revisar a peça criminal de QUEIXA ou QUEIXA-CRIME no processo penal brasileiro — a petição inicial acusatória da AÇÃO PENAL PRIVADA, oferecida pelo querelante (a vítima) ao juiz. Aciona com: queixa, queixa-crime, ação penal privada, querelante, querelado, oferecer queixa, art. 30 CPP, art. 41 CPP, art. 44 CPP (procuração com poderes especiais), art. 100 §2º CP, art. 145 CP, ação privada personalíssima (art. 236 CP), queixa subsidiária (art. 5º LIX CF, art. 29 CPP), indivisibilidade (art. 48 CPP), prazo decadencial de 6 meses (art. 38 CPP), art. 387 IV CPP. Aciona quando o cliente é a vítima de crime de ação privada e quer processar o ofensor, ou quando o MP foi inerte (queixa subsidiária), em provas de OAB, concursos, prática forense. Não confundir com representação nem com requerimento de investigação. Use mesmo sem nomeação explícita quando o contexto revelar ação penal privada a ser ajuizada."	""	""	""	""	""	""	""	""	""	""	""	""	""	""	"areas do direito/Penal/queixa-crime/SKILL.md"
"Penal"	"quesitos-pericia"	"Quesitos e Assistente Técnico na Perícia Penal"	"pericia"	"Use ao formular quesitos e indicar assistente técnico na perícia penal (CPP, art. 159, §§ 3º a 7º — Lei 11.690/2008), requerer esclarecimentos do perito em audiência (CPP, arts. 159, §5º, I, e 400, §2º) ou provocar complementação e novo exame de laudo omisso, obscuro ou contraditório (CPP, art. 181). Aciona com: quesitos, quesitos ao perito, quesitos periciais, assistente técnico, indicação de assistente técnico, parecer técnico, art. 159, art. 176, art. 181, art. 182, esclarecimentos do perito, oitiva do perito em audiência, laudo pericial, laudo complementar, novo exame, impugnação de laudo, exame de corpo de delito, laudo de lesões corporais, balística, confronto balístico, residuográfico, GSR, exame de local, perícia digital, extração de celular, perícia contábil, exame psiquiátrico, incidente de insanidade mental, arts. 149 a 154, imputabilidade, semi-imputabilidade, laudo toxicológico, laudo definitivo de drogas, perito não oficial, Súmula 361 STF, perícia complexa."	""	""	""	""	""	""	""	""	""	""	""	""	""	""	"areas do direito/Penal/quesitos-pericia/SKILL.md"
"Penal"	"reabilitacao-criminal"	"Reabilitação Criminal (CP 93-95 — sigilo e efeitos da condenação)"	"criminal"	"Use ao elaborar pedido de REABILITAÇÃO CRIMINAL (arts. 93 a 95 do CP; arts. 743 a 750 do CPP): sigilo dos registros da condenação e recuperação dos efeitos secundários específicos do art. 92 do CP. Aciona com: reabilitação criminal, reabilitação penal, art. 93 CP, art. 94 CP, art. 95 CP, CPP 743, CPP 748, limpar antecedentes, limpar a ficha, sigilo de antecedentes criminais, folha de antecedentes, certidão de antecedentes com condenação antiga, efeitos secundários da condenação, art. 92 CP, perda de cargo público, nova investidura em cargo público, incapacidade para o poder familiar, tutela, curatela, inabilitação para dirigir veículo, recuperar habilitação cassada na sentença, 2 anos da extinção da pena, bom comportamento público e privado, reparação do dano, renúncia da vítima, novação da dívida, juízo da condenação, recurso de ofício, renovação do pedido de reabilitação, revogação da reabilitação, sigilo automático da LEP art. 202, concurso público com condenação extinta."	""	""	""	""	""	""	""	""	""	""	""	""	""	""	"areas do direito/Penal/reabilitacao-criminal/SKILL.md"
"Penal"	"reclamacao-constitucional"	"Reclamação Constitucional em Matéria Criminal (Rcl — STF/STJ)"	"constitucional"	"Use ao elaborar, redigir ou revisar RECLAMAÇÃO CONSTITUCIONAL ao STF ou ao STJ em matéria criminal — ação autônoma para preservar a competência do tribunal e garantir a autoridade de suas decisões, de súmula vinculante e de precedente qualificado (CF, art. 102, I, 'l', art. 103-A, § 3º, e art. 105, I, 'f'; CPC, arts. 988 a 993; Lei 11.417/2006, art. 7º). Aciona com: reclamação, reclamação constitucional, Rcl, Rcl STF, Rcl STJ, descumprimento de decisão do STF/STJ, garantia da autoridade das decisões, preservação de competência, usurpação de competência, súmula vinculante descumprida, SV 11, SV 14, SV 24, SV 26, SV 45, SV 56, decisão em controle concentrado, ADI, ADC, ADPF, tema de repercussão geral, tema repetitivo, art. 988 CPC, art. 988 § 5º, esgotamento das instâncias ordinárias, aderência estrita, sucedâneo recursal, Súmula 734 STF, autoridade reclamada, beneficiário da decisão impugnada, liminar em reclamação, suspensão do ato reclamado (art. 989, II, CPC), cassação da decisão (art. 992 CPC), juiz mantém prisão após ordem de soltura, alvará descumprido, decreto de prisão reeditado com os mesmos fundamentos, audiência de custódia não realizada, juiz das garantias descumprido, IRDR, IAC. Aciona também quando o cenário descreve juiz ou tribunal que reedita decisão cassada, nega aplicação de tese vinculante ou usurpa competência de tribunal superior (ex.: investigação contra autoridade com foro por prerrogativa conduzida no 1º grau). Use mesmo sem nomeação explícita quando o contexto revelar necessidade de fazer valer decisão vinculante do STF/STJ no processo penal."	""	""	""	""	""	""	""	""	""	""	""	""	""	""	"areas do direito/Penal/reclamacao-constitucional/SKILL.md"
"Penal"	"recurso-especial-criminal"	"Recurso Especial Criminal (REsp — STJ)"	"especial criminal"	"Use ao elaborar, redigir, estruturar ou revisar RECURSO ESPECIAL em matéria criminal dirigido ao STJ — recurso de fundamentação vinculada contra acórdão de única ou última instância de TJ/TRF que contrariar ou negar vigência a lei federal (alínea a) ou divergir de outro tribunal (alínea c). Aciona com: recurso especial, REsp, REsp criminal, razões de recurso especial, art. 105, III, CF, alínea a, alínea c, arts. 1.029 a 1.041 CPC, Lei 8.038/90, prequestionamento, esgotamento de instância, dissídio jurisprudencial, cotejo analítico, similitude fática, Súmula 7 STJ, Súmula 83 STJ, Súmula 211 STJ, Súmula 284 STF, Súmula 126 STJ, jurisprudência defensiva, juízo de admissibilidade, presidência do tribunal a quo, interposição simultânea de RE e REsp, relevância da questão federal (EC 125/2022), efeito suspensivo a recurso especial, prazo de 15 dias. Aciona também quando o cenário descreve acórdão de apelação/RESE/embargos julgados pelo tribunal com violação de lei federal (CPP, CP, LEP, leis penais especiais) ou tese divergente entre tribunais, em provas de OAB, concursos e prática forense. Use mesmo sem nomeação explícita quando o contexto revelar necessidade de levar matéria infraconstitucional criminal ao STJ."	""	""	""	""	""	""	""	""	""	""	""	""	""	""	"areas do direito/Penal/recurso-especial-criminal/SKILL.md"
"Penal"	"recurso-extraordinario-criminal"	"Recurso Extraordinário Criminal (RE — STF)"	"extraordinario criminal"	"Use ao elaborar, redigir, estruturar ou revisar RECURSO EXTRAORDINÁRIO em matéria criminal dirigido ao STF — recurso de fundamentação vinculada contra decisão de única ou última instância que contrariar dispositivo da Constituição (art. 102, III, CF), com preliminar formal de repercussão geral. Aciona com: recurso extraordinário, RE, RE criminal, razões de recurso extraordinário, art. 102, III, CF, alínea a, alíneas b/c/d, repercussão geral, preliminar formal de repercussão geral, art. 102, § 3º, CF, EC 45/2004, art. 1.035 CPC, ofensa constitucional direta, ofensa reflexa, violação indireta à Constituição, tema de repercussão geral, temas criminais de RG, Plenário Virtual, sobrestamento, suspensão nacional de processos, tese vinculante, distinguishing de tema, Súmula 279 STF, Súmula 280 STF, Súmula 281 STF, Súmula 282 STF, Súmula 283 STF, Súmula 284 STF, Súmula 356 STF, Súmula 636 STF, Súmula 640 STF, Súmula 735 STF, interposição simultânea de RE e REsp, arts. 1.029 a 1.041 CPC, arts. 1.031 a 1.033 CPC, art. 637 CPP, juízo de admissibilidade, presidência do tribunal a quo, RE contra acórdão de Turma Recursal, prazo de 15 dias corridos. Aciona também quando o cenário descreve acórdão (de TJ, TRF ou Turma Recursal de JECRIM) que viola norma constitucional — presunção de inocência, individualização da pena, inviolabilidade do domicílio, provas ilícitas, soberania dos veredictos, motivação das decisões — em provas de OAB, concursos e prática forense. Use mesmo sem nomeação explícita quando o contexto revelar necessidade de levar questão constitucional criminal ao STF."	""	""	""	""	""	""	""	""	""	""	""	""	""	""	"areas do direito/Penal/recurso-extraordinario-criminal/SKILL.md"
"Penal"	"recurso-ordinario-hc"	"Recurso Ordinário Constitucional em Habeas Corpus (RHC)"	"ordinario hc"	"Use ao elaborar, redigir, estruturar ou revisar o RECURSO ORDINÁRIO CONSTITUCIONAL EM HABEAS CORPUS (RHC) no processo penal brasileiro — recurso cabível contra acórdão DENEGATÓRIO de HC proferido por tribunal em única ou última instância. Aciona com: recurso ordinário em habeas corpus, RHC, recurso ordinário constitucional, ROC em HC, art. 102, II, 'a', CF, art. 105, II, 'a', CF, Lei 8.038/90, arts. 30 a 32 da Lei 8.038, acórdão denegatório de HC, denegação de habeas corpus pelo TJ/TRF/STJ, HC denegado, HC não conhecido, prazo de 5 dias do RHC, RHC ao STJ, RHC ao STF, HC substitutivo de recurso ordinário, razões de RHC, interposição na origem. Aciona também quando o cenário descreve HC julgado e denegado por tribunal e a defesa precisa decidir entre recorrer (RHC) ou impetrar novo HC, em provas de OAB, concursos e prática forense. Use mesmo sem nomeação explícita quando o contexto revelar acórdão que denegou ou não conheceu de habeas corpus a ser impugnado."	""	""	""	""	""	""	""	""	""	""	""	""	""	""	"areas do direito/Penal/recurso-ordinario-hc/SKILL.md"
"Penal"	"redacao-persuasiva-criminal"	"Redação Persuasiva Criminal — a peça como obra-prima"	"persuasiva criminal"	"Use ao REDIGIR ou REVISAR qualquer peça, parecer, memorial ou manifestação penal para elevá-la de tecnicamente correta a verdadeiramente persuasiva — teoria do caso, narrativa estratégica dos fatos, subsunção explícita (a Regra do Porquê), coesão argumentativa, eventualidade sem autofagia, refutação antecipada, precedente narrado e estilo forense. Aciona com: redação persuasiva, melhorar a peça, deixar a peça mais forte/convincente, argumentação, coesão, teoria do caso, narrativa dos fatos, subsunção, tópico frasal, peça obra-prima, estilo forense, revisar a redação, juridiquês, clareza."	""	""	""	""	""	""	""	""	""	""	""	""	""	""	"areas do direito/Penal/redacao-persuasiva-criminal/SKILL.md"
"Penal"	"representacao-cautelares-mp"	"Representação e Requerimento de Cautelares (polo acusatório)"	"cautelares mp"	"Use ao elaborar, pelo polo acusatório, o requerimento de prisão preventiva (CPP 311-313), a representação por prisão temporária (Lei 7.960/89) ou o requerimento de medidas cautelares diversas (CPP 282, §2º, e 319) — inclusive conversão do flagrante em preventiva na audiência de custódia (CPP 310, II) e preventiva por descumprimento de cautelar (CPP 282, §4º; 312, §1º). Aciona com: requerimento de prisão preventiva, representação por temporária, representação da autoridade policial, cota de denúncia com pedido de prisão, conversão do flagrante, periculum libertatis, garantia da ordem pública, conveniência da instrução, aplicação da lei penal, risco de fuga, reiteração delitiva, intimidação de testemunha, descumprimento de medida protetiva (Lei 11.340), Pacote Anticrime, vedação de decretação de ofício, MP requer prisão, delegado representa, assistente de acusação requer preventiva, prorrogação de temporária, retenção de passaporte (CPP 320). NÃO confundir com a representação do ofendido em ação condicionada (art. 5º, §4º, CPP — condição de procedibilidade da vítima, tratada em peça própria)."	""	""	""	""	""	""	""	""	""	""	""	""	""	""	"areas do direito/Penal/representacao-cautelares-mp/SKILL.md"
"Penal"	"oferecimento-de-representacao"	"Oferecimento de Representação"	"de representacao"	"Use ao elaborar, redigir, estruturar ou revisar a peça criminal de OFERECIMENTO DE REPRESENTAÇÃO no processo penal brasileiro — peça da fase de investigação que provoca a autoridade nos crimes de AÇÃO PENAL PÚBLICA CONDICIONADA à representação do ofendido. Aciona com: representação, oferecer representação, representação do ofendido, ação penal pública condicionada, art. 5º §4º CPP, art. 39 CPP, IP/TC/PIC mediante representação, Resolução CNMP 181, crime de ameaça (art. 147 §2º CP), perseguição/stalking (art. 147-A §3º CP), prazo decadencial de 6 meses, art. 38 CPP, art. 103 CP. Aciona quando o cenário descreve crime que só se procede mediante representação e o cliente (vítima) quer provocar a investigação, em provas de OAB, concursos, prática forense. Não confundir com requerimento de investigação (ação pública incondicionada/privada) nem com queixa-crime (ação privada). Use mesmo sem nomeação explícita quando o contexto revelar crime de ação pública condicionada a ser apurado."	""	""	""	""	""	""	""	""	""	""	""	""	""	""	"areas do direito/Penal/representacao/SKILL.md"
"Penal"	"requerimento-para-instauracao-de-investigacao"	"Requerimento para Instauração de Investigação"	"para instauracao de investigacao"	"Use ao elaborar, redigir, estruturar ou revisar a peça criminal de REQUERIMENTO PARA INSTAURAÇÃO DE INVESTIGAÇÃO no processo penal brasileiro — peça da fase de investigação que provoca a autoridade a instaurar IP, TC ou PIC nos crimes de AÇÃO PENAL PÚBLICA INCONDICIONADA ou de AÇÃO PENAL PRIVADA. Aciona com: requerimento de inquérito policial, instaurar IP, termo circunstanciado (TC/TCO), procedimento investigatório criminal (PIC), art. 5º II CPP, art. 5º §5º CPP, Resolução CNMP 181, crimes contra a honra (calúnia, difamação, injúria), ofensa em rede social (art. 141 §2º CP), Súmula 714 STF. Aciona quando o cliente (vítima) quer provocar a investigação de crime de ação pública incondicionada ou privada, em provas de OAB, concursos, prática forense. Não confundir com representação (ação pública condicionada) nem com queixa-crime (inicial da ação privada, ao juiz). Use mesmo sem nomeação explícita quando o contexto revelar pedido de abertura de IP/TC/PIC."	""	""	""	""	""	""	""	""	""	""	""	""	""	""	"areas do direito/Penal/requerimento-investigacao/SKILL.md"
"Penal"	"recurso-em-sentido-estrito"	"Recurso em Sentido Estrito (RESE / RSE)"	"em sentido estrito"	"Use ao elaborar, redigir, estruturar ou revisar a peça criminal de RECURSO EM SENTIDO ESTRITO (RESE/RSE) no processo penal brasileiro — recurso que ataca decisões interlocutórias previstas no art. 581 do CPP. Aciona com: recurso em sentido estrito, RESE, RSE, razões de RESE, art. 581 CPP, art. 586 CPP, art. 589 CPP, interpretação extensiva (art. 3º CPP), decisão de pronúncia (581 IV), desclassificação (581 II), despronúncia, recusa de ANPP (581 XXV), efeito regressivo, juízo de retratação, interposição e razões. Aciona também quando o cenário descreve decisão interlocutória a ser atacada, prazo de 5 dias (ou 20 dias na lista de jurados), em provas de OAB, concursos, prática forense. Use mesmo sem nomeação explícita quando o contexto revelar decisão interlocutória do art. 581 a recorrer."	""	""	""	""	""	""	""	""	""	""	""	""	""	""	"areas do direito/Penal/rese/SKILL.md"
"Penal"	"resposta-mutatio-emendatio"	"Resposta à Mutatio e Emendatio Libelli (reação ao aditamento)"	"mutatio emendatio"	"Use ao reagir à alteração da imputação no curso do processo — manifestação da defesa sobre aditamento da denúncia (mutatio libelli, CPP 384) e resposta à nova definição jurídica do fato (emendatio libelli, CPP 383): prazo de 5 dias, novo interrogatório, rearrolar até 3 testemunhas, Súmula 453 STF e pedido de suspensão condicional/transação/ANPP quando a nova capitulação admitir. Aciona com: mutatio libelli, emendatio libelli, aditamento da denúncia, aditamento oral em audiência, art. 383 CPP, art. 384 CPP, nova definição jurídica, desclassificação do crime, capitulação diversa, Súmula 453 STF, Súmula 337 STJ, correlação acusação-sentença, manifestação sobre aditamento, vista do aditamento."	""	""	""	""	""	""	""	""	""	""	""	""	""	""	"areas do direito/Penal/resposta-mutatio-emendatio/SKILL.md"
"Penal"	"resposta-preliminar"	"Resposta Preliminar (Defesa Preliminar / Defesa Prévia)"	"preliminar"	"Use ao elaborar, redigir, estruturar ou revisar a peça criminal de RESPOSTA PRELIMINAR (também Defesa Preliminar ou Defesa Prévia) no processo penal brasileiro — defesa apresentada ANTES do recebimento da denúncia ou queixa, em procedimentos especiais. Aciona com: resposta preliminar, defesa preliminar, defesa prévia, antes do recebimento da denúncia, crimes de responsabilidade de funcionário público (art. 514 CPP), notificação para responder, Lei de Drogas (art. 55 da Lei 11.343), JECRIM (art. 81 da Lei 9.099), prazo de 15 dias (funcionário público) ou 10 dias (drogas), arrolar até 5 testemunhas. Aciona quando o cenário descreve crime funcional, tráfico de drogas ou IMPO em que o acusado é notificado para se defender antes do recebimento, em provas de OAB, concursos, prática forense. NÃO confundir com a Resposta à Acusação (art. 396/396-A CPP), que é após o recebimento. Use mesmo sem nomeação explícita quando o contexto revelar defesa anterior ao recebimento da inicial."	""	""	""	""	""	""	""	""	""	""	""	""	""	""	"areas do direito/Penal/resposta-preliminar/SKILL.md"
"Penal"	"restituicao-coisas-apreendidas"	"Restituição de Coisas Apreendidas (CPP, arts. 118-124)"	"coisas apreendidas"	"Use ao elaborar pedido ou incidente de restituição de coisas apreendidas (CPP, arts. 118-124) — devolução de veículo, celular, dinheiro em espécie, documentos, computadores e equipamentos apreendidos em flagrante ou busca e apreensão (CPP 240 e ss.). Aciona com: restituição de coisas apreendidas, restituição de bem apreendido, devolução de veículo/carro/moto/celular/valores, incidente de restituição, liberação de bem apreendido, auto de apreensão, coisa apreendida, CPP 118, CPP 120, confisco, perdimento de bens, CP 91, terceiro de boa-fé, fiel depositário, alienação antecipada, bem no pátio."	""	""	""	""	""	""	""	""	""	""	""	""	""	""	"areas do direito/Penal/restituicao-coisas-apreendidas/SKILL.md"
"Penal"	"retificacao-antecedentes-criminais"	"Retificação de antecedentes e sigilo de registros criminais"	"antecedentes criminais"	"Use ao pleitear a RETIFICAÇÃO da folha de antecedentes ou o SIGILO de registros criminais: exclusão/sigilo de anotações após absolvição, arquivamento, prescrição ou reabilitação; sigilo do art. 202 da LEP após cumprida ou extinta a pena; retirada de inquéritos e ações em andamento da certidão destinada a fins civis (respeitada a Súmula 444 do STJ); e correção de dados incorretos, inclusive na identificação criminal (Lei 12.037/2009). Aciona com: retificação de antecedentes, folha de antecedentes suja, certidão de antecedentes criminais, sigilo de registro criminal, art. 202 LEP, exclusão de anotação após absolvição, apagar inquérito arquivado da ficha, tirar processo em andamento da certidão, maus antecedentes, Súmula 444 STJ, corrigir dado errado na folha, homônimo/homonímia na certidão, identificação criminal Lei 12.037, IIRGD, instituto de identificação, corregedoria, atestado de antecedentes para concurso, certidão negativa criminal, baixa de anotação, sigilo após prescrição, dados desatualizados no sistema, mandado de segurança contra ato administrativo, direito ao esquecimento penal, banco de dados criminal, retificação de RG criminal."	""	""	""	""	""	""	""	""	""	""	""	""	""	""	"areas do direito/Penal/retificacao-antecedentes-criminais/SKILL.md"
"Penal"	"retratacao-da-representacao"	"Retratação da Representação (e Renúncia)"	"da representacao"	"Use ao elaborar, redigir, estruturar ou revisar a peça criminal de RETRATAÇÃO DA REPRESENTAÇÃO (ou RENÚNCIA à representação) no processo penal brasileiro — peça pela qual o ofendido desiste/retira a representação já oferecida (retratação) ou abdica de oferecê-la (renúncia), nos crimes de ação penal pública condicionada à representação. Aciona com: retratação da representação, renúncia à representação, retirar a representação, desistir da representação, art. 25 CPP, art. 102 CP, art. 16 da Lei Maria da Penha (Lei 11.340), antes do oferecimento da denúncia, antes do recebimento (Maria da Penha), audiência especialmente designada, ADI 7.217 STF. Aciona quando o cliente (vítima) não tem mais interesse em ver o representado processado, em provas de OAB, concursos, prática forense. Use mesmo sem nomeação explícita quando o contexto revelar vontade da vítima de retirar representação já oferecida ou de não representar."	""	""	""	""	""	""	""	""	""	""	""	""	""	""	"areas do direito/Penal/retratacao-representacao/SKILL.md"
"Penal"	"revisao-criminal"	"Revisão Criminal"	"criminal"	"Use ao elaborar, redigir, estruturar ou revisar a peça criminal de REVISÃO CRIMINAL no processo penal brasileiro — ação autônoma de impugnação (não é recurso) que reexamina sentença condenatória já transitada em julgado, SEMPRE em favor do réu. Aciona com: revisão criminal, revisionando, ação autônoma de impugnação, sentença transitada em julgado, coisa julgada, art. 621 CPP (hipóteses de cabimento), art. 622 CPP (qualquer tempo), art. 623 CPP (legitimidade), art. 626 CPP (pedidos), art. 630 CPP (indenização por erro judiciário), nova prova de inocência, sentença contrária à evidência dos autos, prova falsa. Aciona quando o condenado busca rever condenação definitiva (absolvição, modificação da pena, alteração da classificação ou anulação), em provas de OAB, concursos, prática forense. NÃO é recurso (não confundir com apelação/RESE). Use mesmo sem nomeação explícita quando o contexto revelar condenação transitada em julgado a ser revista em favor do réu."	""	""	""	""	""	""	""	""	""	""	""	""	""	""	"areas do direito/Penal/revisao-criminal/SKILL.md"
"Penal"	"revogacao-flexibilizacao-protetivas"	"Revogação e Flexibilização de Medidas Protetivas (defesa do apontado agressor)"	"flexibilizacao protetivas"	"Use ao defender o apontado agressor contra medidas protetivas de urgência da Lei Maria da Penha — pedido de revogação ou flexibilização (arts. 19 e 22 da Lei 11.340/2006), impugnação de protetiva genérica ou sem reavaliação, excesso de prazo, apelação da decisão e HC quando houver restrição à liberdade de locomoção. Aciona com: revogação de medida protetiva, flexibilização de protetiva, MPU, Lei 11.340/2006, Lei Maria da Penha, art. 19, art. 22, proibição de aproximação, afastamento do lar, distância mínima, reavaliação de protetiva, protetiva sem prazo, cessação do risco, apelação contra protetiva, HC contra protetiva, art. 24-A."	""	""	""	""	""	""	""	""	""	""	""	""	""	""	"areas do direito/Penal/revogacao-flexibilizacao-protetivas/SKILL.md"
"Penal"	"sursis-da-pena"	"Sursis da Pena (suspensão condicional da execução da pena — arts. 77 a 82 do CP)"	"da pena"	"Use ao postular ou defender a suspensão condicional da PENA (sursis — arts. 77 a 82 do CP) na sentença, em apelação ou na execução penal: requisitos, espécies (simples, especial, etário, humanitário), condições do art. 78, audiência admonitória, revogação obrigatória/facultativa (art. 81), prorrogação do período de prova e extinção da pena (art. 82). Aciona com: sursis, sursis da pena, suspensão condicional da pena, suspensão da execução da pena, art. 77 CP, art. 78 CP, art. 81 CP, art. 82 CP, sursis simples, sursis especial, sursis etário, sursis humanitário, período de prova, audiência admonitória, revogação do sursis, prorrogação do período de prova, extinção da pena pelo cumprimento, pena aplicada até 2 anos, condenado maior de 70 anos, Súmula 499 STF, arts. 156 a 163 da LEP."	""	""	""	""	""	""	""	""	""	""	""	""	""	""	"areas do direito/Penal/sursis-da-pena/SKILL.md"
"Penal"	"suspensao-condicional-processo"	"Suspensão Condicional do Processo (sursis processual — art. 89 da Lei 9.099/95)"	"condicional processo"	"Use ao manifestar-se sobre proposta de suspensão condicional do processo (sursis processual — art. 89 da Lei 9.099/95): crimes com pena mínima ≤ 1 ano, abrangidos ou não pela Lei 9.099/95. Cobre cabimento, requisitos do art. 77 do CP, proposta do MP, condições, período de prova (2 a 4 anos), revogação obrigatória/facultativa e extinção da punibilidade. Aciona com: suspensão condicional do processo, sursis processual, art. 89 Lei 9.099, período de prova, condições do sursis, Súmula 337 STJ, Súmula 723 STF, reparação do dano."	""	""	""	""	""	""	""	""	""	""	""	""	""	""	"areas do direito/Penal/suspensao-condicional-processo/SKILL.md"
"Penal"	"suspensao-direito-dirigir"	"Suspensão/proibição do direito de dirigir (defesa)"	"direito dirigir"	"Use para defender contra a suspensão ou proibição de obter a permissão/habilitação para dirigir nos crimes de trânsito — como PENA (CTB arts. 292-293 cumulada; CP art. 47, III, interdição temporária de direitos) e como MEDIDA CAUTELAR no curso do IP/processo (CTB art. 294, com recurso em sentido estrito pelo parágrafo único). Cobre requisitos e proporcionalidade da cautelar, prazo mínimo/máximo e detração, e a fronteira entre a suspensão PENAL (juiz criminal) e a ADMINISTRATIVA (DETRAN/CETRAN, CTB arts. 256-263). Aciona com: suspensão do direito de dirigir, proibição de obter habilitação, art. 292 CTB, art. 293 CTB, art. 294 CTB, cautelar de suspensão da CNH, recolhimento da carteira, recurso em sentido estrito da suspensão, interdição temporária de direitos, art. 47 III CP, suspensão penal x administrativa da CNH, prazo da suspensão da habilitação, detração da suspensão, apreensão da CNH no processo, cassei minha carteira por crime de trânsito, defesa contra perder a CNH."	""	""	""	""	""	""	""	""	""	""	""	""	""	""	"areas do direito/Penal/suspensao-direito-dirigir/SKILL.md"
"Penal"	"sustentacao-oral-tribunais"	"Sustentação Oral em Tribunais (Câmaras Criminais, STJ e STF)"	"oral tribunais"	"Use ao preparar, roteirizar ou ensaiar SUSTENTAÇÃO ORAL em sessão de julgamento de câmaras/turmas criminais de TJ/TRF, do STJ e do STF — os 15 minutos na tribuna perante julgadores togados, com memorial de apoio e despacho prévio com gabinetes. Aciona com: sustentação oral, sustentar da tribuna, tribuna, sessão de julgamento, pauta de julgamento, processo em mesa, art. 937 CPC, art. 3º CPP, arts. 610 e 613 CPP, 15 minutos, inscrição para sustentação, sustentação por videoconferência (art. 937, §4º, CPC), preferência de julgamento (art. 937, §2º, CPC), julgamento virtual, pedido de destaque, sustentação em agravo regimental, AgRg criminal, art. 7º, §2º-B, EAOAB (Lei 14.365/2022), memorial de julgamento, entrega de memoriais, despacho com o relator, gabinetes, 5ª e 6ª Turmas do STJ, câmara criminal, uso da palavra pela ordem (art. 7º, X, EAOAB), defesa fala por último. Aciona também quando o cenário descreve apelação/REsp/RE/HC/RHC pautado para julgamento colegiado e a parte quer falar na sessão, em prática forense de 2º grau e tribunais superiores. Use mesmo sem nomeação explícita quando o contexto revelar preparação para sessão de julgamento perante órgão colegiado togado."	""	""	""	""	""	""	""	""	""	""	""	""	""	""	"areas do direito/Penal/sustentacao-oral-tribunais/SKILL.md"
"Penal"	"transacao-penal"	"Transação Penal (art. 76 da Lei 9.099/95)"	"penal"	"Use ao manifestar-se sobre proposta de transação penal no JECRIM (art. 76 da Lei 9.099/95): infrações de menor potencial ofensivo — contravenções e crimes com pena máxima até 2 anos. Cobre cabimento, requisitos negativos (art. 76, §2º), natureza (não gera reincidência nem maus antecedentes, não consta em certidão para fins civis), aplicação imediata de pena restritiva/multa e descumprimento (Súmula Vinculante 35/STF). Aciona com: transação penal, art. 76 Lei 9.099, JECRIM, menor potencial ofensivo, pena restritiva de direitos, multa, Súmula Vinculante 35, descumprimento da transação, composição civil."	""	""	""	""	""	""	""	""	""	""	""	""	""	""	"areas do direito/Penal/transacao-penal/SKILL.md"
"Penal"	"transcricao-audiencia"	"Transcrição de Audiência / Depoimento"	"audiencia"	"Transforma a transcrição bruta (ou gravação, via ferramenta de transcrição) de uma audiência, depoimento, interrogatório ou reunião com cliente em uma NOTA estruturada: cabeçalho, fala por participante, pontos-chave, contradições, ações/prazos e citações a verificar. Salva no seu vault Obsidian (se houver) ou em pasta local sigilosa do caso."	""	""	""	""	""	""	""	""	""	""	""	""	""	""	"areas do direito/Penal/transcricao-audiencia/SKILL.md"
"Penal"	"transferencia-direitos-preso"	"Transferência e Direitos do Preso (execução penal)"	"direitos preso"	"Use ao peticionar ao juízo da execução/VEP direitos e condições de custódia do preso — transferência/remoção de estabelecimento (art. 86 LEP, proximidade da família), rol de direitos do art. 41 da LEP (visita, entrevista pessoal com advogado, assistência material e à saúde), impugnação de RDD/isolamento (arts. 52-54 e 60 LEP) e interdição de estabelecimento (art. 66, VIII, LEP). Aciona com: transferência de preso, remoção de presídio, mudança de unidade prisional, proximidade da família, presídio federal, Lei 11.671/2008, direitos do preso, art. 41 LEP, visita suspensa, entrevista com advogado negada, assistência à saúde do preso, tratamento médico na prisão, RDD, regime disciplinar diferenciado, isolamento preventivo, cela disciplinar, interdição de presídio, condições degradantes, superlotação, integridade física do preso."	""	""	""	""	""	""	""	""	""	""	""	""	""	""	"areas do direito/Penal/transferencia-direitos-preso/SKILL.md"
"Previdenciário"	"previdenciario-acao-acidentaria"	"Ação Acidentária"	"acao acidentaria"	"Gera a ação acidentária para reconhecimento judicial de acidente de trabalho ou doença ocupacional, com pedido de concessão ou restabelecimento do auxílio-acidente, aposentadoria por invalidez acidentária ou auxílio por incapacidade temporária acidentário, com fundamento na Lei nº 8.213/1991 e no Decreto nº 3.048/1999. Use esta skill quando a solicitação envolver Ação Acidentária."	""	""	""	""	""	""	""	""	""	""	""	""	""	""	"areas do direito/Previdenciário/previdenciario-acao-acidentaria/SKILL.md"
"Previdenciário"	"previdenciario-acao-de-concessao-de-aposentadoria-7122d2a2"	"Acao de Concessao de Aposentadoria por Idade Urbana"	"acao de concessao de aposentadoria 7122d2a2"	"Gera uma peticao inicial completa para acao de concessao de aposentadoria por idade urbana, com fundamentacao no art. 48 da Lei 8.213/91, art. 51 do Decreto 3.048/99 e regras de transicao da EC 103/2019, abrangendo as hipoteses de indeferimento por carencia insuficiente ou nao reconhecimento de periodos contributivos. Use esta skill quando a solicitação envolver Acao de Concessao de Aposentadoria por Idade Urbana."	""	""	""	""	""	""	""	""	""	""	""	""	""	""	"areas do direito/Previdenciário/previdenciario-acao-de-concessao-de-aposentadoria-7122d2a2/SKILL.md"
"Previdenciário"	"previdenciario-acao-de-concessao-de-aposentadoria-869163cf"	"Acao de Concessao de Aposentadoria por Idade Rural"	"acao de concessao de aposentadoria 869163cf"	"Gera uma peticao inicial completa para acao de concessao de aposentadoria por idade rural, com fundamentacao nos arts. 48, §§1o e 2o, e 143 da Lei 8.213/91, abrangendo segurados especiais (agricultores familiares, pescadores artesanais, garimpeiros) que comprovam atividade rural pelo periodo de carencia. Use esta skill quando a solicitação envolver Acao de Concessao de Aposentadoria por Idade Rural."	""	""	""	""	""	""	""	""	""	""	""	""	""	""	"areas do direito/Previdenciário/previdenciario-acao-de-concessao-de-aposentadoria-869163cf/SKILL.md"
"Previdenciário"	"previdenciario-acao-de-concessao-de-aposentadoria-especial"	"Acao de Concessao de Aposentadoria Especial"	"acao de concessao de aposentadoria especial"	"Gera uma peticao inicial completa para acao de concessao de aposentadoria especial, com fundamentacao nos arts. 57 e 58 da Lei 8.213/91 e arts. 64 a 70 do Decreto 3.048/99, abrangendo os tres periodos especiais (15, 20 e 25 anos), reconhecimento de agentes nocivos e conversao de tempo especial em comum. Use esta skill quando a solicitação envolver Acao de Concessao de Aposentadoria Especial."	""	""	""	""	""	""	""	""	""	""	""	""	""	""	"areas do direito/Previdenciário/previdenciario-acao-de-concessao-de-aposentadoria-especial/SKILL.md"
"Previdenciário"	"previdenciario-acao-de-concessao-de-auxilio-acidente"	"Acao de Concessao de Auxilio-Acidente"	"acao de concessao de auxilio acidente"	"Gera uma peticao inicial completa para acao de concessao de auxilio-acidente perante o INSS, com fundamentacao nos arts. 86 e 104 da Lei 8.213/91 e art. 104 do Decreto 3.048/99, abrangendo sequelas de acidentes de qualquer natureza que reduzam a capacidade laborativa. Use esta skill quando a solicitação envolver Acao de Concessao de Auxilio-Acidente."	""	""	""	""	""	""	""	""	""	""	""	""	""	""	"areas do direito/Previdenciário/previdenciario-acao-de-concessao-de-auxilio-acidente/SKILL.md"
"Previdenciário"	"previdenciario-acao-de-concessao-de-beneficio-previdenciario"	"Acao de Concessao de Beneficio Previdenciario"	"acao de concessao de beneficio previdenciario"	"Gera uma petição inicial completa de ação de concessão de benefício previdenciário contra o INSS — com análise de requisitos (qualidade de segurado, carência, incapacidade/idade/tempo), fundamentação na Lei 8.213/91 e Decreto 3.048/99, pedido de tutela antecipada quando cabível, e estrutura adequada para Juizado Especial Federal (valor ≤ 60 salários mínimos) ou Vara Federal. O que a IA entrega: → Triagem do benefício adequado (aposentadoria por incapacidade, auxílio-doença, BPC/LOAS, pensão, salário-maternidade, aposentadoria por idade/tempo de contribuição) → Checklist do prévio requerimento administrativo (Súm. 213 TNU e RE 631.240/STF) → Fundamentação legal, pedidos e documentos essenciais conforme o benefício identificado."	""	""	""	""	""	""	""	""	""	""	""	""	""	""	"areas do direito/Previdenciário/previdenciario-acao-de-concessao-de-beneficio-previdenciario/SKILL.md"
"Previdenciário"	"previdenciario-acao-de-concessao-de-pensao-por-morte"	"Acao de Concessao de Pensao por Morte"	"acao de concessao de pensao por morte"	"Gera uma peticao inicial completa para acao de concessao de pensao por morte perante o INSS, com fundamentacao nos arts. 74 a 79 da Lei 8.213/91 e arts. 105 a 115 do Decreto 3.048/99, abrangendo dependentes de todas as classes e hipoteses de indeferimento administrativo. Use esta skill quando a solicitação envolver Acao de Concessao de Pensao por Morte."	""	""	""	""	""	""	""	""	""	""	""	""	""	""	"areas do direito/Previdenciário/previdenciario-acao-de-concessao-de-pensao-por-morte/SKILL.md"
"Previdenciário"	"previdenciario-acao-de-concessao-de-salario-maternidade"	"Acao de Concessao de Salario-Maternidade"	"acao de concessao de salario maternidade"	"Gera uma peticao inicial completa para acao de concessao de salario-maternidade perante o INSS, com fundamentacao nos arts. 71 a 73 da Lei 8.213/91 e arts. 93 a 103 do Decreto 3.048/99, abrangendo empregadas, contribuintes individuais, seguradas especiais e adotantes. Use esta skill quando a solicitação envolver Acao de Concessao de Salario-Maternidade."	""	""	""	""	""	""	""	""	""	""	""	""	""	""	"areas do direito/Previdenciário/previdenciario-acao-de-concessao-de-salario-maternidade/SKILL.md"
"Previdenciário"	"previdenciario-acao-de-revisao-da-vida-toda-tema-1102-stf-stj"	"Acao de Revisao da Vida Toda (Tema 1102 STF/STJ)"	"acao de revisao da vida toda tema 1102 stf stj"	"Gera uma peticao inicial completa para a tese de revisao da vida toda, com fundamento no art. 29, I e II, da Lei 8.213/91, permitindo ao segurado optar pela inclusao de todas as contribuicoes pretéritas (anteriores a julho/1994) no calculo da RMI, quando isso resultar em beneficio mais favoravel do que a regra de transicao do art. 3o da Lei 9.876/99. Use esta skill quando a solicitação envolver Acao de Revisao da Vida Toda (Tema 1102 STF/STJ)."	""	""	""	""	""	""	""	""	""	""	""	""	""	""	"areas do direito/Previdenciário/previdenciario-acao-de-revisao-da-vida-toda-tema-1102-stf-stj/SKILL.md"
"Previdenciário"	"previdenciario-acao-de-revisao-de-beneficio-previdenciario"	"Acao de Revisao de Beneficio Previdenciario"	"acao de revisao de beneficio previdenciario"	"Gera uma peticao inicial completa para acao de revisao de beneficio previdenciario, abrangendo as principais teses revisionais: revisao da vida toda (Tema 1102 STJ), revisao do teto (ECs 20/98 e 41/03), revisao do buraco negro (art. 144 da Lei 8.213/91), e outras teses de recalculo da RMI. Use esta skill quando a solicitação envolver Acao de Revisao de Beneficio Previdenciario."	""	""	""	""	""	""	""	""	""	""	""	""	""	""	"areas do direito/Previdenciário/previdenciario-acao-de-revisao-de-beneficio-previdenciario/SKILL.md"
"Previdenciário"	"previdenciario-acao-de-revisao-por-erro-de-calculo-da-rmi"	"Acao de Revisao por Erro de Calculo da RMI"	"acao de revisao por erro de calculo da rmi"	"Gera uma peticao inicial completa para revisao de beneficio por erro de calculo da Renda Mensal Inicial (RMI), abrangendo erros na media dos salarios de contribuicao, na aplicacao do coeficiente, na atualizacao dos salarios de contribuicao pelo INPC, na desconsideracao de salarios de contribuicao e erros aritmeticos na aplicacao dos artigos 29 e 33 da Lei 8.213/91. Use esta skill quando a solicitação envolver Acao de Revisao por Erro de Calculo da RMI."	""	""	""	""	""	""	""	""	""	""	""	""	""	""	"areas do direito/Previdenciário/previdenciario-acao-de-revisao-por-erro-de-calculo-da-rmi/SKILL.md"
"Previdenciário"	"previdenciario-acao-de-revisao-por-reconhecimento-5fb59b5e"	"Acao de Revisao por Reconhecimento de Tempo Especial"	"acao de revisao por reconhecimento 5fb59b5e"	"Gera uma peticao inicial completa para revisao de beneficio pela inclusao ou reconhecimento de periodos de atividade especial nao considerados no calculo original, com fundamentacao nos arts. 57 e 58 da Lei 8.213/91 e art. 70 do Decreto 3.048/99, permitindo a conversao de tempo especial em comum para aumento da RMI ou mudanca de especie de aposentadoria. Use esta skill quando a solicitação envolver Acao de Revisao por Reconhecimento de Tempo Especial."	""	""	""	""	""	""	""	""	""	""	""	""	""	""	"areas do direito/Previdenciário/previdenciario-acao-de-revisao-por-reconhecimento-5fb59b5e/SKILL.md"
"Previdenciário"	"previdenciario-agravo-de-instrumento-em-materia-previdenciaria"	"Agravo de Instrumento em Matéria Previdenciária"	"agravo de instrumento em materia previdenciaria"	"Gera o recurso de agravo de instrumento em matéria previdenciária para impugnar decisões interlocutórias do juiz de primeiro grau, especialmente indeferimento de tutela de urgência, indeferimento de produção de prova pericial, ou outras decisões que causem gravame imediato ao segurado, com fundamento no art. 1.015 do CPC. Use esta skill quando a solicitação envolver Agravo de Instrumento em Matéria Previdenciária."	""	""	""	""	""	""	""	""	""	""	""	""	""	""	"areas do direito/Previdenciário/previdenciario-agravo-de-instrumento-em-materia-previdenciaria/SKILL.md"
"Previdenciário"	"previdenciario-agravo-interno-em-materia-previdenciaria"	"Agravo Interno em Matéria Previdenciária"	"agravo interno em materia previdenciaria"	"Gera o agravo interno para impugnar decisão monocrática do relator em tribunal (TRF, STJ ou STF) que inadmitiu, negou provimento ou deu provimento ao recurso sem levar o caso ao colegiado, com fundamento no art. 1.021 do CPC, requerendo o julgamento pelo órgão colegiado competente. Use esta skill quando a solicitação envolver Agravo Interno em Matéria Previdenciária."	""	""	""	""	""	""	""	""	""	""	""	""	""	""	"areas do direito/Previdenciário/previdenciario-agravo-interno-em-materia-previdenciaria/SKILL.md"
"Previdenciário"	"previdenciario-apelacao-em-materia-previdenciaria"	"Apelação em Matéria Previdenciária"	"apelacao em materia previdenciaria"	"Gera o recurso de apelação em ações previdenciárias contra sentença desfavorável ao segurado, com fundamento nos arts. 1.009 a 1.014 do CPC, impugnando o mérito da decisão, erros de direito, erros de fato ou de valoração das provas, e requerendo a reforma da sentença pelo Tribunal Regional Federal. Use esta skill quando a solicitação envolver Apelação em Matéria Previdenciária."	""	""	""	""	""	""	""	""	""	""	""	""	""	""	"areas do direito/Previdenciário/previdenciario-apelacao-em-materia-previdenciaria/SKILL.md"
"Previdenciário"	"previdenciario-auxilio-por-incapacidade-temporaria-e-permanente"	"Auxilio por Incapacidade Temporaria e Permanente"	"auxilio por incapacidade temporaria e permanente"	"Gera uma peticao inicial completa para acao de concessao ou restabelecimento de auxilio por incapacidade temporaria (antigo auxilio-doenca, art. 59-63 da Lei 8.213/91) ou aposentadoria por incapacidade permanente (antiga aposentadoria por invalidez, art. 42-47), com pedido de tutela de urgencia para implantacao imediata do beneficio. Use esta skill quando a solicitação envolver Auxilio por Incapacidade Temporaria e Permanente."	""	""	""	""	""	""	""	""	""	""	""	""	""	""	"areas do direito/Previdenciário/previdenciario-auxilio-por-incapacidade-temporaria-e-permanente/SKILL.md"
"Previdenciário"	"previdenciario-averbacao-de-tempo-de-servico-contribuicao"	"Averbação de Tempo de Serviço/Contribuição"	"averbacao de tempo de servico contribuicao"	"Gera a petição judicial para reconhecimento e averbação de tempo de serviço/contribuição não constante no CNIS do segurado, incluindo períodos de trabalho rural, trabalho informal, atividade urbana sem carteira assinada, serviço militar, tempo de reclusão e outros períodos não registrados, para fins de aposentadoria no RGPS. Use esta skill quando a solicitação envolver Averbação de Tempo de Serviço/Contribuição."	""	""	""	""	""	""	""	""	""	""	""	""	""	""	"areas do direito/Previdenciário/previdenciario-averbacao-de-tempo-de-servico-contribuicao/SKILL.md"
"Previdenciário"	"previdenciario-bpc-loas-beneficio-de-prestacao-continuada"	"BPC/LOAS — Beneficio de Prestacao Continuada"	"bpc loas beneficio de prestacao continuada"	"Gera uma peticao inicial completa para acao de concessao do Beneficio de Prestacao Continuada (BPC/LOAS) contra o INSS, com fundamentacao na Lei 8.742/93 (LOAS), na CF/88 e na Convencao Internacional sobre os Direitos das Pessoas com Deficiencia, com pedido de tutela antecipada quando cabivel, estruturada para Juizado Especial Federal ou Vara Federal. Use esta skill quando a solicitação envolver BPC/LOAS — Beneficio de Prestacao Continuada."	""	""	""	""	""	""	""	""	""	""	""	""	""	""	"areas do direito/Previdenciário/previdenciario-bpc-loas-beneficio-de-prestacao-continuada/SKILL.md"
"Previdenciário"	"previdenciario-ctc-certidao-de-tempo-de-contribuicao"	"CTC — Certidão de Tempo de Contribuição"	"ctc certidao de tempo de contribuicao"	"Gera o requerimento administrativo e, se necessário, a petição judicial para obtenção da Certidão de Tempo de Contribuição (CTC) junto ao INSS ou a Regime Próprio de Previdência Social (RPPS), documento indispensável para a contagem recíproca do tempo de contribuição entre regimes previdenciários (RGPS e RPPS). Use esta skill quando a solicitação envolver CTC — Certidão de Tempo de Contribuição."	""	""	""	""	""	""	""	""	""	""	""	""	""	""	"areas do direito/Previdenciário/previdenciario-ctc-certidao-de-tempo-de-contribuicao/SKILL.md"
"Previdenciário"	"previdenciario-embargos-de-declaracao-em-materia-previdenciaria"	"Embargos de Declaração em Matéria Previdenciária"	"embargos de declaracao em materia previdenciaria"	"Gera os embargos de declaração em ações previdenciárias para sanar omissão, contradição, obscuridade ou erro material na sentença ou acórdão, com fundamento nos arts. 1.022 a 1.026 do CPC, apontando com precisão o vício e o que deveria constar na decisão. Use esta skill quando a solicitação envolver Embargos de Declaração em Matéria Previdenciária."	""	""	""	""	""	""	""	""	""	""	""	""	""	""	"areas do direito/Previdenciário/previdenciario-embargos-de-declaracao-em-materia-previdenciaria/SKILL.md"
"Previdenciário"	"previdenciario-impugnacao-a-pericia-medica"	"Impugnação à Perícia Médica"	"impugnacao a pericia medica"	"Gera a impugnação ao laudo pericial médico desfavorável ao segurado em ação previdenciária judicial, com fundamento técnico-médico e jurídico, apontando as inconsistências, omissões ou erros do laudo e requerendo a realização de nova perícia ou a complementação pelo perito. Use esta skill quando a solicitação envolver Impugnação à Perícia Médica."	""	""	""	""	""	""	""	""	""	""	""	""	""	""	"areas do direito/Previdenciário/previdenciario-impugnacao-a-pericia-medica/SKILL.md"
"Previdenciário"	"previdenciario-mandado-de-seguranca-contra-ato-do-inss"	"Mandado de Seguranca contra ato do INSS"	"mandado de seguranca contra ato do inss"	"Gera uma peticao de mandado de seguranca completa contra ato ilegal ou abusivo praticado por autoridade do INSS, com fundamentacao na Lei 12.016/09, CF/88 (art. 5o, LXIX e LXX), Lei 8.213/91 e jurisprudencia dos TRFs, para protecao de direito liquido e certo do segurado ou beneficiario. Use esta skill quando a solicitação envolver Mandado de Seguranca contra ato do INSS."	""	""	""	""	""	""	""	""	""	""	""	""	""	""	"areas do direito/Previdenciário/previdenciario-mandado-de-seguranca-contra-ato-do-inss/SKILL.md"
"Previdenciário"	"previdenciario-parecer-previdenciario-analise-de-d-99ccfe02"	"Parecer Previdenciario — Analise de Direitos e Tempo"	"parecer previdenciario analise de d 99ccfe02"	"Gera um parecer juridico completo sobre a situacao previdenciaria do cliente, analisando tempo de contribuicao, carencia, qualidade de segurado, regras de transicao (EC 103/2019), possibilidade de reconhecimento de periodos especiais ou rurais, e recomendando a melhor estrategia para obtencao do beneficio mais vantajoso. Use esta skill quando a solicitação envolver Parecer Previdenciario — Analise de Direitos e Tempo."	""	""	""	""	""	""	""	""	""	""	""	""	""	""	"areas do direito/Previdenciário/previdenciario-parecer-previdenciario-analise-de-d-99ccfe02/SKILL.md"
"Previdenciário"	"previdenciario-peticao-de-aposentadoria"	"Peticao de Aposentadoria"	"peticao de aposentadoria"	"Gera uma peticao inicial completa para acao de concessao de aposentadoria (por idade, por tempo de contribuicao ou especial), com analise das regras de transicao da EC 103/2019, calculo de requisitos, e fundamentacao especifica para cada modalidade. Use esta skill quando a solicitação envolver Peticao de Aposentadoria."	""	""	""	""	""	""	""	""	""	""	""	""	""	""	"areas do direito/Previdenciário/previdenciario-peticao-de-aposentadoria/SKILL.md"
"Previdenciário"	"previdenciario-recurso-ao-crps-recurso-administrat-868fb1ae"	"Recurso ao CRPS — Recurso Administrativo Previdenciario"	"recurso ao crps recurso administrat 868fb1ae"	"Gera razoes de recurso completas para interposicao perante o Conselho de Recursos da Previdencia Social (CRPS), seja Recurso Ordinario (1a instancia — Juntas de Recursos) ou Recurso Especial (2a instancia — Camaras de Julgamento), com fundamentacao na Lei 8.213/91, Decreto 3.048/99, Portaria MPS 548/2011 (Regimento Interno do CRPS) e legislacao aplicavel. Use esta skill quando a solicitação envolver Recurso ao CRPS — Recurso Administrativo Previdenciario."	""	""	""	""	""	""	""	""	""	""	""	""	""	""	"areas do direito/Previdenciário/previdenciario-recurso-ao-crps-recurso-administrat-868fb1ae/SKILL.md"
"Previdenciário"	"previdenciario-restabelecimento-de-beneficio-previdenciario"	"Restabelecimento de Benefício Previdenciário"	"restabelecimento de beneficio previdenciario"	"Gera a ação judicial para restabelecimento de benefício previdenciário cessado indevidamente pelo INSS, seja por auxílio por incapacidade temporária, aposentadoria por invalidez/incapacidade permanente, BPC/LOAS ou outro benefício interrompido sem justa causa, com pedido de tutela de urgência para pagamento imediato. Use esta skill quando a solicitação envolver Restabelecimento de Benefício Previdenciário."	""	""	""	""	""	""	""	""	""	""	""	""	""	""	"areas do direito/Previdenciário/previdenciario-restabelecimento-de-beneficio-previdenciario/SKILL.md"
"Previdenciário"	"previdenciario-revisao-de-enquadramento-previdenciario"	"Revisão de Enquadramento Previdenciário"	"revisao de enquadramento previdenciario"	"Gera a ação de revisão de benefício previdenciário para corrigir o enquadramento incorreto feito pelo INSS, seja na espécie do benefício concedido, na categoria do segurado, no reconhecimento do tempo de contribuição especial (insalubre/perigoso), na renda mensal inicial ou em qualquer outro critério que impacte o valor ou a modalidade do benefício. Use esta skill quando a solicitação envolver Revisão de Enquadramento Previdenciário."	""	""	""	""	""	""	""	""	""	""	""	""	""	""	"areas do direito/Previdenciário/previdenciario-revisao-de-enquadramento-previdenciario/SKILL.md"
"Previdenciário"	"previdenciario-tutela-de-urgencia-em-materia-previdenciaria"	"Tutela de Urgência em Matéria Previdenciária"	"tutela de urgencia em materia previdenciaria"	"Gera o pedido de tutela de urgência (antecipada ou cautelar) em ações previdenciárias, com fundamento no art. 300 do CPC, para implantação imediata de benefício, restabelecimento de benefício cessado ou outra medida urgente, demonstrando o fumus boni iuris e o periculum in mora com base na situação de vulnerabilidade do segurado. Use esta skill quando a solicitação envolver Tutela de Urgência em Matéria Previdenciária."	""	""	""	""	""	""	""	""	""	""	""	""	""	""	"areas do direito/Previdenciário/previdenciario-tutela-de-urgencia-em-materia-previdenciaria/SKILL.md"
"Regulatório"	"regulatorio-defesa-em-processo-administrativo-sanc-c0612dd5"	"Defesa em Processo Administrativo Sancionador da ANS"	"defesa em processo administrativo sanc c0612dd5"	"Gera uma defesa administrativa completa em processo sancionador instaurado pela ANS (Agência Nacional de Saúde Suplementar) contra operadora de plano de saúde ou prestadora, abrangendo arguição de nulidades, contestação da infração imputada, proporcionalidade da penalidade e documentação probatória, conforme a Lei 9.961/00, a Lei 9.656/98 e as Resoluções Normativas da ANS. Use esta skill quando a solicitação envolver Defesa em Processo Administrativo Sancionador da ANS."	""	""	""	""	""	""	""	""	""	""	""	""	""	""	"areas do direito/Regulatório/regulatorio-defesa-em-processo-administrativo-sanc-c0612dd5/SKILL.md"
"Regulatório"	"regulatorio-parecer-de-compliance-regulatorio"	"Parecer de Compliance Regulatório"	"parecer de compliance regulatorio"	"Gera um parecer jurídico completo sobre a conformidade de empresa regulada com as exigências de agência reguladora, incluindo análise de riscos regulatórios, avaliação do programa de integridade, identificação de gaps normativos, conclusão fundamentada e recomendações de adequação, com base nas leis regulatórias aplicáveis ao setor. Use esta skill quando a solicitação envolver Parecer de Compliance Regulatório."	""	""	""	""	""	""	""	""	""	""	""	""	""	""	"areas do direito/Regulatório/regulatorio-parecer-de-compliance-regulatorio/SKILL.md"
"Regulatório"	"regulatorio-pedido-de-habilitacao-ou-licenca-peran-02ef8c81"	"Pedido de Habilitação ou Licença perante Agência Reguladora"	"pedido de habilitacao ou licenca peran 02ef8c81"	"Gera um requerimento administrativo completo de habilitação, autorização, concessão ou licença perante agência reguladora federal, incluindo qualificação da requerente, fundamentação legal do direito à outorga, demonstração do atendimento aos requisitos técnicos e econômico-financeiros, e pedidos de análise prioritária e deferimento, conforme a lei instituidora da agência específica. Use esta skill quando a solicitação envolver Pedido de Habilitação ou Licença perante Agência Reguladora."	""	""	""	""	""	""	""	""	""	""	""	""	""	""	"areas do direito/Regulatório/regulatorio-pedido-de-habilitacao-ou-licenca-peran-02ef8c81/SKILL.md"
"Regulatório"	"regulatorio-programa-de-integridade-e-anticorrupcao"	"Programa de Integridade e Anticorrupção"	"programa de integridade e anticorrupcao"	"Gera um programa de integridade e anticorrupção completo e personalizado para a empresa, conforme os parâmetros do Decreto 8.420/2015 (art. 41-43) e da Lei 12.846/2013, incluindo política anticorrupção, mapeamento de riscos, código de conduta, canal de denúncias, treinamentos, due diligence de terceiros e mecanismos de monitoramento — pronto para ser apresentado à empresa ou a autoridades como evidência de comprometimento com a conformidade. Use esta skill quando a solicitação envolver Programa de Integridade e Anticorrupção."	""	""	""	""	""	""	""	""	""	""	""	""	""	""	"areas do direito/Regulatório/regulatorio-programa-de-integridade-e-anticorrupcao/SKILL.md"
"Regulatório"	"regulatorio-recurso-contra-multa-de-agencia-reguladora"	"Recurso contra Multa de Agência Reguladora"	"recurso contra multa de agencia reguladora"	"Gera um recurso administrativo específico contra a aplicação de multa por agência reguladora federal, com foco na dosimetria e proporcionalidade da sanção pecuniária, arguição de atenuantes, vícios de fundamentação da penalidade e pedido de reforma com redução ou cancelamento da multa. Use esta skill quando a solicitação envolver Recurso contra Multa de Agência Reguladora."	""	""	""	""	""	""	""	""	""	""	""	""	""	""	"areas do direito/Regulatório/regulatorio-recurso-contra-multa-de-agencia-reguladora/SKILL.md"
"Regulatório"	"regulatorio-recurso-sancionatorio-em-processo-administrativo-de"	"Recurso Sancionatório em Processo Administrativo de Agência Reguladora"	"recurso sancionatorio em processo administrativo de"	"Gera um recurso administrativo completo contra decisão sancionatória proferida por agência reguladora federal (ANATEL, ANS, ANP, ANAC, ANTT, ANTAQ, ANVISA, ANEEL, ANA, ANCINE, ANPD), com arguição de nulidades processuais, mérito da infração imputada, proporcionalidade da sanção e pedido de reforma ou anulação do auto de infração ou decisão punitiva. Use esta skill quando a solicitação envolver Recurso Sancionatório em Processo Administrativo de Agência Reguladora."	""	""	""	""	""	""	""	""	""	""	""	""	""	""	"areas do direito/Regulatório/regulatorio-recurso-sancionatorio-em-processo-administrativo-de/SKILL.md"
"Regulatório"	"regulatorio-representacao-em-audiencia-publica-regulatoria"	"Representação em Audiência Pública Regulatória"	"representacao em audiencia publica regulatoria"	"Gera uma representação escrita completa para participação em audiência pública convocada por agência reguladora federal (ANATEL, ANS, ANP, ANAC, ANTT, ANTAQ, ANVISA, ANEEL, ANA, ANCINE, ANPD), com exposição fundamentada da posição do interessado sobre o ato normativo, contrato de concessão, resolução, consulta pública ou medida regulatória em debate. A representação é protocolada no prazo da consulta ou lida na sessão presencial/virtual, conforme o edital de convocação. Use esta skill quando a solicitação envolver Representação em Audiência Pública Regulatória."	""	""	""	""	""	""	""	""	""	""	""	""	""	""	"areas do direito/Regulatório/regulatorio-representacao-em-audiencia-publica-regulatoria/SKILL.md"
"Saúde"	"saude-acao-contra-anvisa-medicamento-produto"	"Ação contra ANVISA (Medicamento/Produto)"	"acao contra anvisa medicamento produto"	"Gera petição inicial de ação judicial contra a Agência Nacional de Vigilância Sanitária (ANVISA) para obter o registro, a liberação, a importação excepcional ou a aprovação acelerada de medicamento ou produto de saúde, ou para contestar ato administrativo da agência que negou, cancelou ou suspendeu o registro/comercialização de produto, com fundamento na Lei 6.360/76, na Lei 9.782/99, no CF/88 e na Lei 9.784/99. Use esta skill quando a solicitação envolver Ação contra ANVISA (Medicamento/Produto)."	""	""	""	""	""	""	""	""	""	""	""	""	""	""	"areas do direito/Saúde/saude-acao-contra-anvisa-medicamento-produto/SKILL.md"
"Saúde"	"saude-acao-contra-plano-de-saude-por-negativa-de-c-9a0e15ac"	"Ação contra Plano de Saúde por Negativa de Cobertura (Doença Rara)"	"acao contra plano de saude por negativa de c 9a0e15ac"	"Gera petição inicial de ação de obrigação de fazer com pedido de tutela de urgência contra operadora de plano de saúde que negou cobertura de tratamento, medicamento ou procedimento para doença rara, com fundamento na Lei 9.656/98, nas resoluções normativas da ANS, no CDC e na jurisprudência do STJ sobre o dever de cobertura de doenças raras e medicamentos de alto custo. Use esta skill quando a solicitação envolver Ação contra Plano de Saúde por Negativa de Cobertura (Doença Rara)."	""	""	""	""	""	""	""	""	""	""	""	""	""	""	"areas do direito/Saúde/saude-acao-contra-plano-de-saude-por-negativa-de-c-9a0e15ac/SKILL.md"
"Saúde"	"saude-acao-de-indenizacao-por-erro-medico-cirurgia"	"Ação de Indenização por Erro Médico (Cirurgia)"	"acao de indenizacao por erro medico cirurgia"	"Gera petição inicial de ação de indenização por danos materiais, morais e estéticos decorrentes de erro médico em procedimento cirúrgico, distinguindo obrigação de meio (cirurgia reparadora/funcional) de obrigação de resultado (cirurgia estética), com fundamentação no CC/2002, no CDC, no Código de Ética Médica (Resolução CFM 2.217/2018) e na jurisprudência do STJ, e com pedido de perícia médica especializada desde a inicial. Use esta skill quando a solicitação envolver Ação de Indenização por Erro Médico (Cirurgia)."	""	""	""	""	""	""	""	""	""	""	""	""	""	""	"areas do direito/Saúde/saude-acao-de-indenizacao-por-erro-medico-cirurgia/SKILL.md"
"Saúde"	"saude-acao-de-indenizacao-por-infeccao-hospitalar-iras"	"Ação de Indenização por Infecção Hospitalar (IRAS)"	"acao de indenizacao por infeccao hospitalar iras"	"Gera petição inicial de ação de indenização por danos materiais, morais e, quando aplicável, pela morte de paciente em decorrência de Infecção Relacionada à Assistência à Saúde (IRAS) adquirida durante internação hospitalar, com fundamento na responsabilidade objetiva do hospital como prestador de serviço (art. 14 CDC), na Lei 9.431/97 (Programa de Controle de Infecção Hospitalar) e na jurisprudência do STJ. Use esta skill quando a solicitação envolver Ação de Indenização por Infecção Hospitalar (IRAS)."	""	""	""	""	""	""	""	""	""	""	""	""	""	""	"areas do direito/Saúde/saude-acao-de-indenizacao-por-infeccao-hospitalar-iras/SKILL.md"
"Saúde"	"saude-acao-de-reembolso-de-despesas-medicas"	"Ação de Reembolso de Despesas Médicas"	"acao de reembolso de despesas medicas"	"Gera petição inicial de ação de cobrança/indenização contra plano de saúde para reembolso de despesas médicas pagas pelo beneficiário do próprio bolso, seja por atendimento fora da rede credenciada em situação de urgência/emergência, por ausência de prestador na localidade ou por negativa indevida de cobertura. Fundamenta-se na Lei 9.656/1998, no CDC, no CC/2002 e nas Resoluções da ANS. Use esta skill quando a solicitação envolver Ação de Reembolso de Despesas Médicas."	""	""	""	""	""	""	""	""	""	""	""	""	""	""	"areas do direito/Saúde/saude-acao-de-reembolso-de-despesas-medicas/SKILL.md"
"Saúde"	"saude-acao-de-responsabilidade-civil-hospitalar"	"Ação de Responsabilidade Civil Hospitalar"	"acao de responsabilidade civil hospitalar"	"Gera petição inicial de ação de indenização por danos materiais e morais contra hospital ou clínica por falha na prestação de serviços hospitalares, com fundamento no CDC (responsabilidade objetiva do fornecedor de serviços — art. 14), no CC/2002 e na CF/88. Distingue a responsabilidade objetiva do hospital da responsabilidade subjetiva do médico (quando não empregado do hospital). Use esta skill quando a solicitação envolver Ação de Responsabilidade Civil Hospitalar."	""	""	""	""	""	""	""	""	""	""	""	""	""	""	"areas do direito/Saúde/saude-acao-de-responsabilidade-civil-hospitalar/SKILL.md"
"Saúde"	"saude-defesa-de-medico-em-processo-cfm-crm"	"Defesa de Médico em Processo CFM/CRM"	"defesa de medico em processo cfm crm"	"Gera defesa técnica completa para médico notificado ou investigado em processo ético-disciplinar perante o Conselho Regional de Medicina (CRM) ou o Conselho Federal de Medicina (CFM), com fundamentação no Código de Ética Médica (Resolução CFM 2.217/2018), na Lei 3.268/1957 (Lei dos Conselhos de Medicina), no Decreto 44.045/1958 e nos princípios constitucionais do devido processo legal, contraditório e ampla defesa. Use esta skill quando a solicitação envolver Defesa de Médico em Processo CFM/CRM."	""	""	""	""	""	""	""	""	""	""	""	""	""	""	"areas do direito/Saúde/saude-defesa-de-medico-em-processo-cfm-crm/SKILL.md"
"Saúde"	"saude-indenizacao-por-erro-medico"	"Indenização por Erro Médico"	"indenizacao por erro medico"	"Gera petição inicial de ação de indenização por danos materiais e morais decorrentes de erro médico (imperícia, imprudência, negligência), com fundamentação no CC/2002, no CDC, no CFM, na CF/88 e na jurisprudência do STJ sobre responsabilidade civil de profissionais de saúde, distinguindo obrigação de meio (médico) de obrigação de resultado (cirurgia estética, implantes). Use esta skill quando a solicitação envolver Indenização por Erro Médico."	""	""	""	""	""	""	""	""	""	""	""	""	""	""	"areas do direito/Saúde/saude-indenizacao-por-erro-medico/SKILL.md"
"Saúde"	"saude-liminar-para-tratamento-de-alto-custo"	"Liminar para Tratamento de Alto Custo"	"liminar para tratamento de alto custo"	"Gera petição inicial com pedido de tutela de urgência (liminar) para compelir plano de saúde ou ente público (Estado/Município/União) a fornecer tratamento de alto custo — quimioterapia, imunoterapia, medicamentos de uso contínuo, terapias-alvo, transplantes — com fundamento no direito à saúde (art. 196, CF/88), na Lei 9.656/1998, no CDC e na jurisprudência consolidada do STJ e STF sobre judicialização da saúde. Use esta skill quando a solicitação envolver Liminar para Tratamento de Alto Custo."	""	""	""	""	""	""	""	""	""	""	""	""	""	""	"areas do direito/Saúde/saude-liminar-para-tratamento-de-alto-custo/SKILL.md"
"Saúde"	"saude-mandado-de-seguranca-para-fornecimento-de-me-fbda06ba"	"Mandado de Segurança para Fornecimento de Medicamento pelo SUS"	"mandado de seguranca para fornecimento de me fbda06ba"	"Gera petição de mandado de segurança contra autoridade pública (Secretaria de Saúde estadual ou municipal, ou Ministério da Saúde) para garantir o fornecimento de medicamento pelo Sistema Único de Saúde, com pedido de liminar inaudita altera parte, fundamentado no direito constitucional à saúde (CF/88 art. 196), na Lei 8.080/90 e na jurisprudência consolidada do STJ e do STF sobre o tema. Use esta skill quando a solicitação envolver Mandado de Segurança para Fornecimento de Medicamento pelo SUS."	""	""	""	""	""	""	""	""	""	""	""	""	""	""	"areas do direito/Saúde/saude-mandado-de-seguranca-para-fornecimento-de-me-fbda06ba/SKILL.md"
"Saúde"	"saude-notificacao-extrajudicial-ao-plano-de-saude"	"Notificação Extrajudicial ao Plano de Saúde"	"notificacao extrajudicial ao plano de saude"	"Gera notificação extrajudicial formal ao plano de saúde para exigir cumprimento de obrigação contratual ou legal — autorização de procedimento, fornecimento de medicamento, reembolso de despesas, reversão de cancelamento indevido — com prazo definido para cumprimento sob pena de ajuizamento de ação judicial. Serve como prova de interpelação e interrompe a prescrição (art. 202, VI, CC/2002). Use esta skill quando a solicitação envolver Notificação Extrajudicial ao Plano de Saúde."	""	""	""	""	""	""	""	""	""	""	""	""	""	""	"areas do direito/Saúde/saude-notificacao-extrajudicial-ao-plano-de-saude/SKILL.md"
"Saúde"	"saude-obrigacao-de-fazer-plano-de-saude"	"Obrigação de Fazer — Plano de Saúde"	"obrigacao de fazer plano de saude"	"Gera petição inicial de ação de obrigação de fazer com pedido de tutela de urgência contra plano de saúde que nega cobertura de procedimento, exame, cirurgia ou internação prescrita por médico, com fundamentação na Lei 9.656/1998 (Lei dos Planos de Saúde), no CDC, no CC/2002, nas Resoluções da ANS e na jurisprudência consolidada do STJ. Use esta skill quando a solicitação envolver Obrigação de Fazer — Plano de Saúde."	""	""	""	""	""	""	""	""	""	""	""	""	""	""	"areas do direito/Saúde/saude-obrigacao-de-fazer-plano-de-saude/SKILL.md"
"Saúde"	"saude-recurso-ao-crm-por-infracao-etica-medica"	"Recurso ao CRM por Infração Ética Médica"	"recurso ao crm por infracao etica medica"	"Gera peça formal de denúncia/representação ao Conselho Regional de Medicina (CRM) por infração ao Código de Ética Médica (Resolução CFM 2.217/2018), com descrição objetiva dos fatos, identificação das normas éticas violadas e requerimento de instauração de processo ético-profissional contra o médico, como instrumento autônomo ou complementar à ação judicial de responsabilidade civil. Use esta skill quando a solicitação envolver Recurso ao CRM por Infração Ética Médica."	""	""	""	""	""	""	""	""	""	""	""	""	""	""	"areas do direito/Saúde/saude-recurso-ao-crm-por-infracao-etica-medica/SKILL.md"
"Saúde"	"saude-recurso-contra-cancelamento-de-plano-de-saude"	"Recurso contra Cancelamento de Plano de Saúde"	"recurso contra cancelamento de plano de saude"	"Gera recurso administrativo (ou petição inicial judicial) para contestar o cancelamento unilateral de plano de saúde pelo beneficiário ou por determinação abusiva da operadora, com fundamento na Lei 9.656/1998, no CDC, nas Resoluções da ANS e na jurisprudência do STJ. Inclui pedido de manutenção do plano, de reativação do contrato e, se cabível, de indenização por danos morais. Use esta skill quando a solicitação envolver Recurso contra Cancelamento de Plano de Saúde."	""	""	""	""	""	""	""	""	""	""	""	""	""	""	"areas do direito/Saúde/saude-recurso-contra-cancelamento-de-plano-de-saude/SKILL.md"
"Societário"	"societario-acordo-de-socios-acionistas"	"Acordo De Socios Acionistas"	"acordo de socios acionistas"	"Gera um acordo de sócios (para LTDA) ou acordo de acionistas (para SA, conforme art. 118 da Lei 6.404/76) completo e tecnicamente fundamentado — regulando direitos de voto, transferência de participações, tag-along, drag-along, não-competição, vesting, deadlock e mecanismos de saída — como instrumento parassocial que complementa o contrato social ou estatuto. Use esta skill quando a solicitação envolver Acordo De Socios Acionistas."	""	""	""	""	""	""	""	""	""	""	""	""	""	""	"areas do direito/Societário/societario-acordo-de-socios-acionistas/SKILL.md"
"Societário"	"societario-ata-de-assembleia-reuniao-de-socios"	"Ata De Assembleia Reuniao De Socios"	"ata de assembleia reuniao de socios"	"Gera ata de assembleia geral (para S.A.) ou ata de reunião de sócios (para LTDA) completa e formalmente válida — com convocação, instalação, deliberações, quóruns, votos e encerramento — pronta para registro na Junta Comercial ou arquivamento nos livros societários. Use esta skill quando a solicitação envolver Ata De Assembleia Reuniao De Socios."	""	""	""	""	""	""	""	""	""	""	""	""	""	""	"areas do direito/Societário/societario-ata-de-assembleia-reuniao-de-socios/SKILL.md"
"Societário"	"societario-dissolucao-de-sociedade"	"Dissolucao De Sociedade"	"dissolucao de sociedade"	"Gera os documentos necessários para dissolução de sociedade — parcial (resolução em relação a um sócio, com apuração de haveres) ou total (encerramento da sociedade com liquidação do patrimônio) — incluindo distrato social, termo de apuração de haveres, ata de deliberação e notificações, tudo fundamentado nos arts. 1.028-1.038 e 1.102-1.112 do Código Civil. Use esta skill quando a solicitação envolver Dissolucao De Sociedade."	""	""	""	""	""	""	""	""	""	""	""	""	""	""	"areas do direito/Societário/societario-dissolucao-de-sociedade/SKILL.md"
"Societário"	"societario-due-diligence-juridica"	"Due Diligence Juridica"	"due diligence juridica"	"Gera um relatório de due diligence jurídica completo e estruturado para operações de fusão, aquisição (M&A), investimento, joint venture ou parceria estratégica — com checklist detalhado por área de risco, matriz de classificação de contingências, recomendações de mitigação e cláusulas contratuais sugeridas — permitindo tomada de decisão informada e precificação adequada dos riscos identificados. Use esta skill quando a solicitação envolver Due Diligence Juridica."	""	""	""	""	""	""	""	""	""	""	""	""	""	""	"areas do direito/Societário/societario-due-diligence-juridica/SKILL.md"
"Societário"	"societario-elaboracao-contrato-social"	"Elaboracao Contrato Social"	"elaboracao contrato social"	"Gera um contrato social (ou estatuto social, no caso de S.A.) completo e tecnicamente fundamentado para constituição de sociedade empresária — com cláusulas obrigatórias, cláusulas recomendadas de proteção, regras de administração, distribuição de lucros e resolução de conflitos — pronto para registro na Junta Comercial. Use esta skill quando a solicitação envolver Elaboracao Contrato Social."	""	""	""	""	""	""	""	""	""	""	""	""	""	""	"areas do direito/Societário/societario-elaboracao-contrato-social/SKILL.md"
"Societário"	"societario-holding-familiar-estruturacao-e-contrato-social"	"Holding Familiar — Estruturação e Contrato Social"	"holding familiar estruturacao e contrato social"	"Elabora a estruturação jurídica de holding familiar (patrimonial ou mista), com análise dos objetivos do cliente, escolha do tipo societário, redação do contrato social ou estatuto com cláusulas de proteção patrimonial, planejamento sucessório e gestão familiar, e avaliação dos impactos tributários. Use esta skill quando a solicitação envolver Holding Familiar — Estruturação e Contrato Social."	""	""	""	""	""	""	""	""	""	""	""	""	""	""	"areas do direito/Societário/societario-holding-familiar-estruturacao-e-contrato-social/SKILL.md"
"Societário"	"societario-m-a-fusao-e-aquisicao"	"M&A — Fusão e Aquisição"	"m a fusao e aquisicao"	"Gera estrutura completa para operação de M&A (fusão, aquisição de quotas/ações ou aquisição de ativos), incluindo análise da estrutura mais adequada, escopo da due diligence, minutas das cláusulas principais do SPA (Sale and Purchase Agreement), mecanismos de preço (earn-out, escrow, ajuste de preço), declarações e garantias (R&W), e condições precedentes. Use esta skill quando a solicitação envolver M&A — Fusão e Aquisição."	""	""	""	""	""	""	""	""	""	""	""	""	""	""	"areas do direito/Societário/societario-m-a-fusao-e-aquisicao/SKILL.md"
"Societário"	"societario-parecer-societario"	"Parecer Societario"	"parecer societario"	"Gera parecer jurídico societário completo e fundamentado — analisando a estrutura societária, identificando riscos jurídicos, avaliando conformidade legal, e apresentando recomendações práticas — para orientar decisões de reorganização, reestruturação, governança, ou operações societárias específicas. Use esta skill quando a solicitação envolver Parecer Societario."	""	""	""	""	""	""	""	""	""	""	""	""	""	""	"areas do direito/Societário/societario-parecer-societario/SKILL.md"
"Trabalhista"	"trabalhista-acao-anulatoria-de-clausula-coletiva"	"Ação Anulatória de Cláusula Coletiva"	"acao anulatoria de clausula coletiva"	"Gera petição inicial de ação anulatória de cláusula de convenção coletiva, acordo coletivo ou sentença normativa que viole disposição de ordem pública, direito indisponível ou garanta condição menos favorável ao trabalhador, nos termos do art. 83, IV da LC 75/93 e art. 863 da CLT. Use esta skill quando a solicitação envolver Ação Anulatória de Cláusula Coletiva."	""	""	""	""	""	""	""	""	""	""	""	""	""	""	"areas do direito/Trabalhista/trabalhista-acao-anulatoria-de-clausula-coletiva/SKILL.md"
"Trabalhista"	"trabalhista-acao-rescisoria-trabalhista"	"Ação Rescisória Trabalhista"	"acao rescisoria trabalhista"	"Gera petição inicial de ação rescisória no âmbito da Justiça do Trabalho para desconstituir sentença ou acórdão transitado em julgado, com demonstração do fundamento rescisório (art. 966 CPC), do prazo bienal e do depósito prévio obrigatório. Use esta skill quando a solicitação envolver Ação Rescisória Trabalhista."	""	""	""	""	""	""	""	""	""	""	""	""	""	""	"areas do direito/Trabalhista/trabalhista-acao-rescisoria-trabalhista/SKILL.md"
"Trabalhista"	"trabalhista-acidente-de-trabalho-e-doenca-ocupacional"	"Acidente de Trabalho e Doença Ocupacional"	"acidente de trabalho e doenca ocupacional"	"Gera petição inicial de indenização por acidente de trabalho ou doença ocupacional, com demonstração do nexo de causalidade, da culpa do empregador, dos danos materiais (lucros cessantes, dano emergente, pensão vitalícia) e dos danos morais e estéticos, com fundamento na responsabilidade civil do empregador e nos direitos previdenciários do trabalhador. Use esta skill quando a solicitação envolver Acidente de Trabalho e Doença Ocupacional."	""	""	""	""	""	""	""	""	""	""	""	""	""	""	"areas do direito/Trabalhista/trabalhista-acidente-de-trabalho-e-doenca-ocupacional/SKILL.md"
"Trabalhista"	"trabalhista-acordo-extrajudicial-trabalhista"	"Acordo Extrajudicial Trabalhista"	"acordo extrajudicial trabalhista"	"Redige um acordo extrajudicial trabalhista completo nos termos dos arts. 855-B a 855-E da CLT (incluídos pela Reforma Trabalhista), pronto para homologação judicial, com cláusulas que protegem ambas as partes e atendem aos requisitos legais. Use esta skill quando a solicitação envolver Acordo Extrajudicial Trabalhista. Contextos: - Quando empregado e empregador querem encerrar o contrato de forma consensual - Para formalizar pagamento de verbas trabalhistas pendentes sem processo - Para resolver conflitos trabalhistas antes de ação judicial - Para quitação total ou parcial de direitos trabalhistas com segurança jurídica"	""	""	""	""	""	""	""	""	""	""	""	""	""	""	"areas do direito/Trabalhista/trabalhista-acordo-extrajudicial-trabalhista/SKILL.md"
"Trabalhista"	"trabalhista-acordo-na-fase-de-execucao-trabalhista"	"Acordo na Fase de Execução Trabalhista"	"acordo na fase de execucao trabalhista"	"Gera minuta de acordo para homologação judicial na fase de execução trabalhista, com cláusulas de quitação, parcelamento ou pagamento único, devidamente estruturado para apresentação ao juízo e homologação com eficácia de coisa julgada. Use esta skill quando a solicitação envolver Acordo na Fase de Execução Trabalhista. Contextos: - Para negociar e formalizar acordo em execução de sentença ou de TAC - Quando há interesse em parcelar o débito com desconto e quitação total - Para celebrar acordo com pagamento único abaixo do valor executado - Quando executado e exequente chegam a consenso sobre valor e forma de pagamento"	""	""	""	""	""	""	""	""	""	""	""	""	""	""	"areas do direito/Trabalhista/trabalhista-acordo-na-fase-de-execucao-trabalhista/SKILL.md"
"Trabalhista"	"trabalhista-agravo-de-instrumento-trabalhista"	"Agravo de Instrumento Trabalhista"	"agravo de instrumento trabalhista"	"Gera agravo de instrumento completo para destrancar recurso de revista ou recurso ordinário não admitido pelo juízo a quo, com demonstração da admissibilidade do recurso denegado e formação do instrumento. Use esta skill quando a solicitação envolver Agravo de Instrumento Trabalhista. Contextos: - Quando o recurso de revista for denegado pelo TRT (juízo de admissibilidade negativo) - Quando o recurso ordinário for denegado pela Vara do Trabalho - Para demonstrar que o recurso principal preenche os requisitos de admissibilidade - Quando houver negativa de seguimento por deserção, intempestividade ou ausência de pressupostos formais indevida"	""	""	""	""	""	""	""	""	""	""	""	""	""	""	"areas do direito/Trabalhista/trabalhista-agravo-de-instrumento-trabalhista/SKILL.md"
"Trabalhista"	"trabalhista-agravo-de-peticao-trabalhista"	"Agravo de Petição Trabalhista"	"agravo de peticao trabalhista"	"Gera agravo de petição completo para impugnar decisões proferidas na fase de execução trabalhista, com fundamentação técnica sobre os limites da impugnação e delimitação precisa das matérias recorridas. Use esta skill quando a solicitação envolver Agravo de Petição Trabalhista. Contextos: - Para recorrer de decisão proferida na execução (penhora, avaliação, cálculos, expropriação) - Quando o juiz rejeitar embargos à execução ou impugnação à liquidação - Para questionar a nomeação de bens, arrematação ou adjudicação - Quando houver excesso de execução, nulidade ou error in procedendo na fase executiva"	""	""	""	""	""	""	""	""	""	""	""	""	""	""	"areas do direito/Trabalhista/trabalhista-agravo-de-peticao-trabalhista/SKILL.md"
"Trabalhista"	"trabalhista-analise-de-contrato-de-trabalho"	"Análise de Contrato de Trabalho"	"analise de contrato de trabalho"	"Analisa um contrato de trabalho completo, identificando cláusulas abusivas, irregularidades legais, riscos para empregado ou empregador, e pontos que precisam de atenção ou correção. Gera um relatório estruturado com classificação de risco por cláusula. Use esta skill quando a solicitação envolver Análise de Contrato de Trabalho. Contextos: - Antes de assinar um contrato de trabalho (lado empregado ou empregador) - Para auditar contratos existentes de clientes empresariais - Para identificar riscos trabalhistas em contratos com vícios - Para sugerir melhorias em modelos de contrato do escritório - Na análise prévia de contratos em due diligence trabalhista"	""	""	""	""	""	""	""	""	""	""	""	""	""	""	"areas do direito/Trabalhista/trabalhista-analise-de-contrato-de-trabalho/SKILL.md"
"Trabalhista"	"trabalhista-analise-de-laudo-de-insalubridade"	"Análise de Laudo de Insalubridade"	"analise de laudo de insalubridade"	"Analisa laudo pericial técnico de insalubridade, verificando se o perito identificou e qualificou corretamente os agentes nocivos à saúde (químicos, físicos ou biológicos), se confrontou com os limites de tolerância das NRs, se o grau (mínimo, médio ou máximo) está correto, se respondeu todos os quesitos e se as conclusões têm base técnica sólida para sustentar ou impugnar o adicional de insalubridade. Use esta skill quando a solicitação envolver Análise de Laudo de Insalubridade."	""	""	""	""	""	""	""	""	""	""	""	""	""	""	"areas do direito/Trabalhista/trabalhista-analise-de-laudo-de-insalubridade/SKILL.md"
"Trabalhista"	"trabalhista-analise-de-laudo-de-periculosidade"	"Análise de Laudo de Periculosidade"	"analise de laudo de periculosidade"	"Analisa laudo pericial técnico de periculosidade, verificando se o agente de risco foi corretamente identificado e enquadrado na CLT e NR-16 (ou regulamentações específicas de energia elétrica, inflamáveis, explosivos, segurança pessoal e motociclistas), se o grau de exposição foi avaliado corretamente, se os quesitos foram todos respondidos e se a conclusão do perito tem base técnica para sustentar ou impugnar o adicional de 30% sobre o salário-base. Use esta skill quando a solicitação envolver Análise de Laudo de Periculosidade."	""	""	""	""	""	""	""	""	""	""	""	""	""	""	"areas do direito/Trabalhista/trabalhista-analise-de-laudo-de-periculosidade/SKILL.md"
"Trabalhista"	"trabalhista-analise-de-laudo-medico-acidente-de-trabalho"	"Análise de Laudo Médico — Acidente de Trabalho"	"analise de laudo medico acidente de trabalho"	"Analisa laudo pericial médico em ações trabalhistas que discutem acidente de trabalho (típico ou equiparado), verificando se o perito respondeu todos os quesitos, avaliando o nexo causal estabelecido, a extensão das lesões e sequelas, a fixação de percentual de incapacidade e a base técnica das conclusões — e emite estratégia de aproveitamento ou impugnação com minutas prontas. Use esta skill quando a solicitação envolver Análise de Laudo Médico — Acidente de Trabalho."	""	""	""	""	""	""	""	""	""	""	""	""	""	""	"areas do direito/Trabalhista/trabalhista-analise-de-laudo-medico-acidente-de-trabalho/SKILL.md"
"Trabalhista"	"trabalhista-analise-de-laudo-medico-incapacidade-laboral"	"Análise de Laudo Médico — Incapacidade Laboral"	"analise de laudo medico incapacidade laboral"	"Analisa laudo pericial médico em ações trabalhistas que discutem doença ocupacional, doença do trabalho ou incapacidade laboral sem acidente típico (LER/DORT, transtornos mentais relacionados ao trabalho, doenças respiratórias, auditivas etc.), verificando o estabelecimento do nexo causal, a adequação do diagnóstico, o grau de incapacidade e a coerência das conclusões com os achados clínicos. Use esta skill quando a solicitação envolver Análise de Laudo Médico — Incapacidade Laboral."	""	""	""	""	""	""	""	""	""	""	""	""	""	""	"areas do direito/Trabalhista/trabalhista-analise-de-laudo-medico-incapacidade-laboral/SKILL.md"
"Trabalhista"	"trabalhista-analise-de-reclamatoria-recebida"	"Análise de Reclamatória Recebida"	"analise de reclamatoria recebida"	"Analisa uma reclamatória trabalhista recebida pelo empregador, gerando um relatório executivo com: resumo dos pedidos, classificação de risco por pedido, estimativa de condenação, estratégia de defesa recomendada e cronograma de ações urgentes. Use esta skill quando a solicitação envolver Análise de Reclamatória Recebida. Contextos: - Ao receber citação de reclamatória trabalhista - Para apresentar ao cliente empresa um panorama claro do risco - Para definir estratégia de defesa antes de elaborar contestação - Para decidir se vale propor acordo ou litigar - Na triagem de ações em escritórios com volume alto de contencioso"	""	""	""	""	""	""	""	""	""	""	""	""	""	""	"areas do direito/Trabalhista/trabalhista-analise-de-reclamatoria-recebida/SKILL.md"
"Trabalhista"	"trabalhista-assedio-moral-e-sexual-no-trabalho"	"Assédio Moral e Sexual no Trabalho"	"assedio moral e sexual no trabalho"	"Gera petição inicial de indenização por assédio moral ou sexual no trabalho, com distinção conceitual dos dois institutos, demonstração dos elementos caracterizadores (reiteração, intencionalidade, poder), identificação do agressor (responsabilidade direta ou por omissão do empregador) e quantificação dos danos morais e materiais. Use esta skill quando a solicitação envolver Assédio Moral e Sexual no Trabalho."	""	""	""	""	""	""	""	""	""	""	""	""	""	""	"areas do direito/Trabalhista/trabalhista-assedio-moral-e-sexual-no-trabalho/SKILL.md"
"Trabalhista"	"trabalhista-auditoria-de-peticao-trabalhista"	"Auditoria de Petição Trabalhista"	"auditoria de peticao trabalhista"	"Audita qualquer peça trabalhista (petição inicial, contestação, recurso, acordo) e gera um relatório completo de revisão: erros formais, fundamentação faltante, pedidos inconsistentes, valores incorretos, oportunidades perdidas e sugestões de melhoria. Funciona como um ""segundo par de olhos"" antes de protocolar. Use esta skill quando a solicitação envolver Auditoria de Petição Trabalhista."	""	""	""	""	""	""	""	""	""	""	""	""	""	""	"areas do direito/Trabalhista/trabalhista-auditoria-de-peticao-trabalhista/SKILL.md"
"Trabalhista"	"trabalhista-calculo-de-verbas-rescisorias"	"Cálculo de Verbas Rescisórias"	"calculo de verbas rescisorias"	"Calcula todas as verbas rescisórias devidas com base no tipo de rescisão, dados do contrato e remuneração, gerando uma planilha detalhada com memória de cálculo, fundamentação legal de cada verba e identificação de valores pagos vs. devidos. Use esta skill quando a solicitação envolver Cálculo de Verbas Rescisórias. Contextos: - Para calcular verbas devidas ao empregado na rescisão - Para conferir se o TRCT está correto - Para instruir petição inicial com valores fundamentados - Para orientar cliente sobre seus direitos na demissão - Para calcular diferenças em rescisões pagas incorretamente"	""	""	""	""	""	""	""	""	""	""	""	""	""	""	"areas do direito/Trabalhista/trabalhista-calculo-de-verbas-rescisorias/SKILL.md"
"Trabalhista"	"trabalhista-calculo-detalhado-de-horas-extras-e-adicionais"	"Cálculo Detalhado de Horas Extras e Adicionais"	"calculo detalhado de horas extras e adicionais"	"Calcula horas extras (50%, 100%), adicional noturno (20%), reflexos no RSR, intervalo intrajornada suprimido e banco de horas, gerando memória completa com fórmulas, fundamentação legal e tabela de reflexos em férias+1/3, 13º, FGTS e aviso prévio. Trata especificamente as mudanças da Reforma Trabalhista (Lei 13.467/17) na natureza indenizatória do intervalo intrajornada. Use esta skill quando a solicitação envolver Cálculo Detalhado de Horas Extras e Adicionais."	""	""	""	""	""	""	""	""	""	""	""	""	""	""	"areas do direito/Trabalhista/trabalhista-calculo-detalhado-de-horas-extras-e-adicionais/SKILL.md"
"Trabalhista"	"trabalhista-compliance-trabalhista"	"Compliance Trabalhista"	"compliance trabalhista"	"Gera programa completo de compliance trabalhista para empresas, com mapeamento de riscos, lista de verificação de conformidade legal, políticas internas obrigatórias, canais de denúncia e plano de ação para regularização das não conformidades identificadas — reduzindo o passivo trabalhista e prevenindo litígios. Use esta skill quando a solicitação envolver Compliance Trabalhista."	""	""	""	""	""	""	""	""	""	""	""	""	""	""	"areas do direito/Trabalhista/trabalhista-compliance-trabalhista/SKILL.md"
"Trabalhista"	"trabalhista-contestacao-trabalhista"	"Contestação Trabalhista"	"contestacao trabalhista"	"Gera uma contestação trabalhista completa para a defesa do reclamado, com preliminares processuais, impugnação ponto a ponto dos pedidos, fundamentação jurídica sólida e pedidos finais de improcedência. Use esta skill quando a solicitação envolver Contestação Trabalhista. Contextos: - Ao defender empresa/empregador em reclamatória trabalhista - Para montar defesa estruturada contra cada pedido do reclamante - Para identificar preliminares e nulidades que podem ser arguidas - Para padronizar contestações do escritório empresarial"	""	""	""	""	""	""	""	""	""	""	""	""	""	""	"areas do direito/Trabalhista/trabalhista-contestacao-trabalhista/SKILL.md"
"Trabalhista"	"trabalhista-dano-existencial-trabalhista"	"Dano Existencial Trabalhista"	"dano existencial trabalhista"	"Gera petição inicial de indenização por dano existencial decorrente da relação de trabalho, demonstrando a lesão ao projeto de vida e às relações familiares e sociais do trabalhador causada por jornadas extenuantes, condições degradantes ou condutas abusivas do empregador que suprimiram o direito ao descanso, ao lazer e à vida pessoal. Use esta skill quando a solicitação envolver Dano Existencial Trabalhista."	""	""	""	""	""	""	""	""	""	""	""	""	""	""	"areas do direito/Trabalhista/trabalhista-dano-existencial-trabalhista/SKILL.md"
"Trabalhista"	"trabalhista-defesa-em-processo-de-justa-causa"	"Defesa em Processo de Justa Causa"	"defesa em processo de justa causa"	"Gera contestação completa em reclamatória onde o trabalhador impugna a justa causa aplicada pelo empregador, com análise dos requisitos legais da dispensa por justa causa, dos ônus probatórios e das teses defensivas disponíveis para o reclamante ou para o empregador que precisa sustentar a justa causa. Use esta skill quando a solicitação envolver Defesa em Processo de Justa Causa."	""	""	""	""	""	""	""	""	""	""	""	""	""	""	"areas do direito/Trabalhista/trabalhista-defesa-em-processo-de-justa-causa/SKILL.md"
"Trabalhista"	"trabalhista-dissidio-coletivo"	"Dissídio Coletivo"	"dissidio coletivo"	"Gera petição inicial de dissídio coletivo (econômico ou jurídico) para instauração de negociação coletiva forçada perante o TRT ou TST, com demonstração da legitimidade do sindicato, da tentativa de negociação prévia frustrada, das cláusulas pretendidas e da fundamentação legal. Use esta skill quando a solicitação envolver Dissídio Coletivo."	""	""	""	""	""	""	""	""	""	""	""	""	""	""	"areas do direito/Trabalhista/trabalhista-dissidio-coletivo/SKILL.md"
"Trabalhista"	"trabalhista-elaboracao-de-contrato-de-trabalho"	"Elaboração de Contrato de Trabalho"	"elaboracao de contrato de trabalho"	"Gera contrato de trabalho por prazo indeterminado, determinado ou de experiência, completo e em conformidade com a CLT, abrangendo cláusulas essenciais (jornada, remuneração, benefícios, confidencialidade, não concorrência) e cláusulas específicas por tipo de vínculo, protegendo tanto o empregador quanto o trabalhador. Use esta skill quando a solicitação envolver Elaboração de Contrato de Trabalho."	""	""	""	""	""	""	""	""	""	""	""	""	""	""	"areas do direito/Trabalhista/trabalhista-elaboracao-de-contrato-de-trabalho/SKILL.md"
"Trabalhista"	"trabalhista-embargos-a-execucao-trabalhista"	"Embargos à Execução Trabalhista"	"embargos a execucao trabalhista"	"Gera embargos à execução completos para impugnar o título executivo judicial ou extrajudicial trabalhista, questionando a existência, a liquidez, a certeza ou a exigibilidade da dívida, ou apontando nulidades no processo de execução. Use esta skill quando a solicitação envolver Embargos à Execução Trabalhista. Contextos: - Quando o executado discorda dos valores apurados na liquidação - Para alegar nulidade na citação ou na penhora - Quando há pagamento anterior não reconhecido ou excesso de execução - Para questionar a validade do título executivo ou a responsabilidade do executado"	""	""	""	""	""	""	""	""	""	""	""	""	""	""	"areas do direito/Trabalhista/trabalhista-embargos-a-execucao-trabalhista/SKILL.md"
"Trabalhista"	"trabalhista-embargos-ao-tst-sdi"	"Embargos ao TST (SDI)"	"embargos ao tst sdi"	"Gera embargos ao TST para a Subseção I Especializada em Dissídios Individuais (SDI-1) ou SDI-2, impugnando acórdão de Turma do TST que diverge de outro acórdão de Turma ou da SDI, ou que viola lei federal ou a Constituição. Use esta skill quando a solicitação envolver Embargos ao TST (SDI). Contextos: - Quando acórdão de Turma do TST diverge de outro acórdão de Turma do TST ou da SDI - Quando acórdão de Turma do TST viola literalmente a CF/88 ou lei federal - Para uniformizar a jurisprudência no âmbito do próprio TST - Quando há decisão de Turma em embargos de declaração que altera o julgado original"	""	""	""	""	""	""	""	""	""	""	""	""	""	""	"areas do direito/Trabalhista/trabalhista-embargos-ao-tst-sdi/SKILL.md"
"Trabalhista"	"trabalhista-embargos-de-declaracao-trabalhista"	"Embargos de Declaração Trabalhista"	"embargos de declaracao trabalhista"	"Gera embargos de declaração completos para sanar omissão, contradição, obscuridade ou erro material em decisão trabalhista, com fundamentação técnica e prequestionamento de matéria constitucional/legal. Use esta skill quando a solicitação envolver Embargos de Declaração Trabalhista. Contextos: - Quando a sentença ou acórdão omitir ponto relevante dos pedidos - Quando houver contradição entre fundamentação e dispositivo - Quando a decisão for obscura ou ambígua sobre ponto relevante - Para prequestionar matéria visando recurso de revista ao TST"	""	""	""	""	""	""	""	""	""	""	""	""	""	""	"areas do direito/Trabalhista/trabalhista-embargos-de-declaracao-trabalhista/SKILL.md"
"Trabalhista"	"trabalhista-equiparacao-salarial-analise-e-peticao"	"Equiparação Salarial — Análise e Petição"	"equiparacao salarial analise e peticao"	"Analisa a viabilidade de pedido de equiparação salarial à luz do art. 461 da CLT e da Súmula 6 do TST, identifica os paradigmas, monta tabela comparativa (reclamante × paradigma), define estratégia probatória, calcula diferenças retroativas com reflexos e gera petição inicial ou parecer jurídico estruturado. Use esta skill quando a solicitação envolver Equiparação Salarial — Análise e Petição."	""	""	""	""	""	""	""	""	""	""	""	""	""	""	"areas do direito/Trabalhista/trabalhista-equiparacao-salarial-analise-e-peticao/SKILL.md"
"Trabalhista"	"trabalhista-excecao-de-pre-executividade-trabalhista"	"Exceção de Pré-Executividade Trabalhista"	"excecao de pre executividade trabalhista"	"Gera exceção de pré-executividade completa para suscitar matérias de ordem pública na execução trabalhista sem necessidade de garantia do juízo, como ilegitimidade passiva, prescrição, nulidade do título ou ausência de pressuposto processual. Use esta skill quando a solicitação envolver Exceção de Pré-Executividade Trabalhista."	""	""	""	""	""	""	""	""	""	""	""	""	""	""	"areas do direito/Trabalhista/trabalhista-excecao-de-pre-executividade-trabalhista/SKILL.md"
"Trabalhista"	"trabalhista-impugnacao-a-liquidacao-de-sentenca"	"Impugnação à Liquidação de Sentença"	"impugnacao a liquidacao de sentenca"	"Gera impugnação à liquidação de sentença trabalhista completa para questionar os cálculos apresentados pelo contador do juízo ou pela parte contrária, apontando erros aritméticos, critérios incorretos ou inclusão de verbas não constantes do título executivo. Use esta skill quando a solicitação envolver Impugnação à Liquidação de Sentença."	""	""	""	""	""	""	""	""	""	""	""	""	""	""	"areas do direito/Trabalhista/trabalhista-impugnacao-a-liquidacao-de-sentenca/SKILL.md"
"Trabalhista"	"trabalhista-insalubridade-e-periculosidade"	"Insalubridade e Periculosidade"	"insalubridade e periculosidade"	"Gera petição inicial de adicional de insalubridade ou periculosidade, com identificação do agente nocivo ou da condição de risco, fundamento nas NRs do MTE, pedido de perícia técnica e cálculo dos reflexos devidos sobre outras verbas trabalhistas. Use esta skill quando a solicitação envolver Insalubridade e Periculosidade."	""	""	""	""	""	""	""	""	""	""	""	""	""	""	"areas do direito/Trabalhista/trabalhista-insalubridade-e-periculosidade/SKILL.md"
"Trabalhista"	"trabalhista-mandado-de-seguranca-trabalhista"	"Mandado de Segurança Trabalhista"	"mandado de seguranca trabalhista"	"Gera impetração de mandado de segurança no âmbito da Justiça do Trabalho contra ato judicial com abuso de poder ou ilegalidade manifesta, com demonstração do direito líquido e certo, da autoridade coatora e da urgência na concessão de liminar. Use esta skill quando a solicitação envolver Mandado de Segurança Trabalhista."	""	""	""	""	""	""	""	""	""	""	""	""	""	""	"areas do direito/Trabalhista/trabalhista-mandado-de-seguranca-trabalhista/SKILL.md"
"Trabalhista"	"trabalhista-notificacao-extrajudicial-trabalhista"	"Notificação Extrajudicial Trabalhista"	"notificacao extrajudicial trabalhista"	"Redige uma notificação extrajudicial trabalhista formal, com identificação clara do problema, fundamentação legal, prazo para resposta/cumprimento e consequências do descumprimento. Funciona para empregado notificando empregador e vice-versa. Use esta skill quando a solicitação envolver Notificação Extrajudicial Trabalhista."	""	""	""	""	""	""	""	""	""	""	""	""	""	""	"areas do direito/Trabalhista/trabalhista-notificacao-extrajudicial-trabalhista/SKILL.md"
"Trabalhista"	"trabalhista-parecer-juridico-trabalhista"	"Parecer Jurídico Trabalhista"	"parecer juridico trabalhista"	"Elabora um parecer jurídico trabalhista completo sobre uma questão específica, com análise da legislação, jurisprudência, doutrina, posicionamento fundamentado e recomendação prática. Ideal para consultas preventivas de empresas ou análises técnicas complexas. Use esta skill quando a solicitação envolver Parecer Jurídico Trabalhista. Contextos: - Para responder consulta de cliente empresa sobre tema trabalhista - Para fundamentar decisão interna de RH (demissão, alteração contratual, etc.) - Para análise de risco antes de adotar nova prática trabalhista - Para subsidiar decisão em caso complexo ou inédito - Para apresentar a diretoria/conselho com fundamentação técnica"	""	""	""	""	""	""	""	""	""	""	""	""	""	""	"areas do direito/Trabalhista/trabalhista-parecer-juridico-trabalhista/SKILL.md"
"Trabalhista"	"trabalhista-peticao-inicial-trabalhista"	"Petição Inicial Trabalhista"	"peticao inicial trabalhista"	"Gera uma reclamatória trabalhista completa no padrão real do PJe, com endereçamento, qualificação completa das partes, preliminares quando cabíveis, fatos objetivos, fundamentação com jurisprudência, pedidos com valores individualizados e requerimentos finais. Use esta skill quando a solicitação envolver Petição Inicial Trabalhista. Contextos: - Ao ajuizar reclamatória trabalhista - Para montar a peça inicial com estrutura profissional - Para garantir que não está esquecendo pedidos ou fundamentação - Como base que você revisa e personaliza ao caso"	""	""	""	""	""	""	""	""	""	""	""	""	""	""	"areas do direito/Trabalhista/trabalhista-peticao-inicial-trabalhista/SKILL.md"
"Trabalhista"	"trabalhista-reconhecimento-de-vinculo-defesa-contra-pejotizacao"	"Reconhecimento de Vínculo / Defesa contra Pejotização"	"reconhecimento de vinculo defesa contra pejotizacao"	"Gera duas peças possíveis sobre o mesmo tema — pejotização — escolhendo o caminho conforme o lado do cliente: 1. **Petição do trabalhador** pedindo reconhecimento do vínculo de emprego (art. 3º CLT) com anotação de CTPS, FGTS, INSS, multas e todas as verbas sonegadas pelo período 2. **Defesa da empresa** sustentando licitude da PJ (art. 442-B CLT, autonomia, hipersuficiência do art. 444, § único CLT, Tema 725 STF) A skill faz a análise dos cinco elementos do vínculo (pessoalidade, não-eventualidade, onerosidade, subordinação, alteridade), aplica o princípio da primazia da realidade e fundamenta com STF, TST e CLT. Use esta skill em controvérsias sobre reconhecimento de vínculo ou defesa empresarial em contratação por pessoa jurídica."	""	""	""	""	""	""	""	""	""	""	""	""	""	""	"areas do direito/Trabalhista/trabalhista-reconhecimento-de-vinculo-defesa-contra-pejotizacao/SKILL.md"
"Trabalhista"	"trabalhista-reconhecimento-de-vinculo-empregaticio-6b83789b"	"Reconhecimento de Vínculo Empregatício (PJ/Pejotização)"	"reconhecimento de vinculo empregaticio 6b83789b"	"Gera petição inicial para reconhecimento de vínculo empregatício e declaração de fraude na pejotização — contratação de trabalhador como pessoa jurídica para mascarar relação de emprego —, com demonstração dos requisitos do art. 3º da CLT e pedido de todas as verbas trabalhistas. Use esta skill quando a solicitação envolver Reconhecimento de Vínculo Empregatício (PJ/Pejotização)."	""	""	""	""	""	""	""	""	""	""	""	""	""	""	"areas do direito/Trabalhista/trabalhista-reconhecimento-de-vinculo-empregaticio-6b83789b/SKILL.md"
"Trabalhista"	"trabalhista-recurso-adesivo-trabalhista"	"Recurso Adesivo Trabalhista"	"recurso adesivo trabalhista"	"Gera recurso adesivo trabalhista completo para impugnar capítulos da sentença ou acórdão não alcançados pelo recurso principal da parte contrária, aproveitando o prazo das contrarrazões para também recorrer de pontos desfavoráveis. Use esta skill quando a solicitação envolver Recurso Adesivo Trabalhista."	""	""	""	""	""	""	""	""	""	""	""	""	""	""	"areas do direito/Trabalhista/trabalhista-recurso-adesivo-trabalhista/SKILL.md"
"Trabalhista"	"trabalhista-recurso-de-revista-ao-tst"	"Recurso de Revista ao TST"	"recurso de revista ao tst"	"Gera recurso de revista completo para o TST com demonstração das hipóteses de cabimento, transcrição dos trechos prequestionados e cotejo analítico com paradigmas ou violação literal de lei federal/constitucional. Use esta skill quando a solicitação envolver Recurso de Revista ao TST. Contextos: - Após acórdão do TRT que viola literalmente a CF/88, lei federal ou Súmula TST - Quando há divergência jurisprudencial entre TRTs ou entre TRT e TST - Para questionar ofensa ao art. 5º, LXXVIII CF (razoável duração do processo) ou garantias constitucionais - Quando o TRT desrespeitar jurisprudência vinculante do TST"	""	""	""	""	""	""	""	""	""	""	""	""	""	""	"areas do direito/Trabalhista/trabalhista-recurso-de-revista-ao-tst/SKILL.md"
"Trabalhista"	"trabalhista-recurso-ordinario-trabalhista"	"Recurso Ordinário Trabalhista"	"recurso ordinario trabalhista"	"Redige um recurso ordinário trabalhista completo para o TRT, com preliminares recursais, razões de reforma para cada ponto da sentença desfavorável, fundamentação com jurisprudência do TST/TRT e pedidos de provimento. Funciona tanto para recurso do reclamante quanto do reclamado. Use esta skill quando a solicitação envolver Recurso Ordinário Trabalhista. Contextos: - Para recorrer de sentença total ou parcialmente desfavorável - Para reformar pontos específicos da decisão de 1º grau - Para questionar nulidades processuais ocorridas na instrução - Para buscar majoração ou redução de valores condenatórios"	""	""	""	""	""	""	""	""	""	""	""	""	""	""	"areas do direito/Trabalhista/trabalhista-recurso-ordinario-trabalhista/SKILL.md"
"Trabalhista"	"trabalhista-replica-trabalhista"	"Réplica Trabalhista"	"replica trabalhista"	"Redige a réplica (impugnação à contestação) trabalhista, refutando ponto a ponto as alegações e preliminares do reclamado, reforçando a tese do reclamante com contra-argumentação fundamentada e impugnando documentos juntados pela defesa. Use esta skill quando a solicitação envolver Réplica Trabalhista. Contextos: - Após receber a contestação do reclamado - Para rebater preliminares arguidas (prescrição, inépcia, etc.) - Para impugnar documentos apresentados pela defesa - Para reforçar pedidos atacados pela contestação - Para apresentar fatos novos trazidos pela defesa que precisam de resposta"	""	""	""	""	""	""	""	""	""	""	""	""	""	""	"areas do direito/Trabalhista/trabalhista-replica-trabalhista/SKILL.md"
"Trabalhista"	"trabalhista-rescisao-indireta"	"Rescisão Indireta"	"rescisao indireta"	"Gera petição inicial de rescisão indireta do contrato de trabalho, também chamada de ""justa causa do empregador"", com demonstração das faltas graves praticadas pelo empregador que autorizam o trabalhador a considerar rescindido o contrato e receber todas as verbas da dispensa sem justa causa. Use esta skill quando a solicitação envolver Rescisão Indireta."	""	""	""	""	""	""	""	""	""	""	""	""	""	""	"areas do direito/Trabalhista/trabalhista-rescisao-indireta/SKILL.md"
"Trabalhista"	"trabalhista-teletrabalho-e-home-office"	"Teletrabalho e Home Office"	"teletrabalho e home office"	"Gera análise jurídica do regime de teletrabalho, elaboração de aditivos contratuais, identificação de irregularidades e redação de peças processuais para trabalhadores em home office com direitos violados — incluindo controle de jornada, horas extras, fornecimento de equipamentos e responsabilidade por acidentes domésticos. Use esta skill quando a solicitação envolver Teletrabalho e Home Office."	""	""	""	""	""	""	""	""	""	""	""	""	""	""	"areas do direito/Trabalhista/trabalhista-teletrabalho-e-home-office/SKILL.md"
"Trabalhista"	"trabalhista-terceirizacao-trabalhista"	"Terceirização Trabalhista"	"terceirizacao trabalhista"	"Gera análise jurídica completa da terceirização de serviços, com distinção entre terceirização lícita e ilícita, identificação de responsabilidade subsidiária do tomador de serviços, redação de peças processuais e orientação sobre compliance para empresas que terceirizam atividades. Use esta skill quando a solicitação envolver Terceirização Trabalhista."	""	""	""	""	""	""	""	""	""	""	""	""	""	""	"areas do direito/Trabalhista/trabalhista-terceirizacao-trabalhista/SKILL.md"
"Trabalhista"	"trabalhista-trabalho-intermitente"	"Trabalho Intermitente"	"trabalho intermitente"	"Gera análise jurídica completa do contrato de trabalho intermitente (modalidade criada pela Reforma Trabalhista — Lei 13.467/2017), com elaboração de contratos válidos, identificação de irregularidades e redação de peças processuais para trabalhadores com vínculos intermitentes irregulares ou mal enquadrados. Use esta skill quando a solicitação envolver Trabalho Intermitente."	""	""	""	""	""	""	""	""	""	""	""	""	""	""	"areas do direito/Trabalhista/trabalhista-trabalho-intermitente/SKILL.md"
"Trabalhista"	"trabalhista-tutela-de-urgencia-trabalhista"	"Tutela de Urgência Trabalhista"	"tutela de urgencia trabalhista"	"Gera pedido de tutela de urgência completo (cautelar ou antecipada) no processo trabalhista, com demonstração do fumus boni iuris e do periculum in mora, para obter provimento judicial imediato antes da sentença definitiva. Use esta skill quando a solicitação envolver Tutela de Urgência Trabalhista. Contextos: - Para obter bloqueio de ativos via SISBAJUD em caso de risco de esvaziamento patrimonial - Quando o trabalhador precisa da entrega de guias de seguro-desemprego ou FGTS para sobrevivência - Para suspender contrato de trabalho irregular ou afastamento indevido - Quando há risco de dano grave e de difícil reparação que justifica medida liminar"	""	""	""	""	""	""	""	""	""	""	""	""	""	""	"areas do direito/Trabalhista/trabalhista-tutela-de-urgencia-trabalhista/SKILL.md"
"Tributário"	"tributario-acao-anulatoria-de-debito-fiscal-2"	"Ação Anulatória de Débito Fiscal"	"acao anulatoria de debito fiscal 2"	"Gera uma petição de ação anulatória de débito fiscal completa, fundamentada no art. 38 da Lei 6.830/80 (LEF) e no CTN, com pedido de tutela antecipada para suspender a exigibilidade do crédito tributário, visando a anulação total ou parcial de auto de infração, lançamento tributário ou inscrição em dívida ativa. Use esta skill quando a solicitação envolver Ação Anulatória de Débito Fiscal."	""	""	""	""	""	""	""	""	""	""	""	""	""	""	"areas do direito/Tributário/tributario-acao-anulatoria-de-debito-fiscal-2/SKILL.md"
"Tributário"	"tributario-acao-de-consignacao-em-pagamento-tributaria"	"Ação de Consignação em Pagamento Tributária"	"acao de consignacao em pagamento tributaria"	"Gera petição inicial de ação de consignação em pagamento tributária, para quitar crédito tributário controvertido perante o Juízo quando houver recusa do sujeito ativo ou exigência de mais de uma pessoa pelo mesmo tributo, extinguindo a obrigação com o depósito judicial. Use esta skill quando a solicitação envolver Ação de Consignação em Pagamento Tributária."	""	""	""	""	""	""	""	""	""	""	""	""	""	""	"areas do direito/Tributário/tributario-acao-de-consignacao-em-pagamento-tributaria/SKILL.md"
"Tributário"	"tributario-acao-de-repeticao-de-indebito-tributario"	"Ação de Repetição de Indébito Tributário"	"acao de repeticao de indebito tributario"	"Gera petição inicial de ação de repetição de indébito tributário completa, para restituição de tributos pagos indevidamente ou a maior, com pedido de reconhecimento do direito, condenação da Fazenda à devolução corrigida e honorários advocatícios. Use esta skill quando a solicitação envolver Ação de Repetição de Indébito Tributário. Contextos: - Para restituir tributo pago com base em lei declarada inconstitucional - Quando houver pagamento a maior por erro no lançamento ou cálculo - Para recuperar ICMS, PIS, COFINS, IRPJ, CSLL ou outro tributo indevido - Para repetir valores pagos antes de decisão judicial ou administrativa favorável - Quando esgotada a via administrativa sem êxito"	""	""	""	""	""	""	""	""	""	""	""	""	""	""	"areas do direito/Tributário/tributario-acao-de-repeticao-de-indebito-tributario/SKILL.md"
"Tributário"	"tributario-acao-declaratoria-de-inexistencia-de-re-a498147d"	"Ação Declaratória de Inexistência de Relação Jurídico-Tributária"	"acao declaratoria de inexistencia de re a498147d"	"Gera petição inicial de ação declaratória de inexistência de relação jurídico-tributária, buscando reconhecimento judicial de que o contribuinte não é sujeito passivo da obrigação tributária discutida ou que o fato gerador não ocorreu, com pedido de tutela de urgência para suspensão da exigibilidade. Use esta skill quando a solicitação envolver Ação Declaratória de Inexistência de Relação Jurídico-Tributária."	""	""	""	""	""	""	""	""	""	""	""	""	""	""	"areas do direito/Tributário/tributario-acao-declaratoria-de-inexistencia-de-re-a498147d/SKILL.md"
"Tributário"	"tributario-acao-regressiva-contra-corresponsaveis-tributarios"	"Ação Regressiva contra Corresponsáveis Tributários"	"acao regressiva contra corresponsaveis tributarios"	"Gera petição inicial de ação regressiva para ressarcimento de valores pagos em execução fiscal por responsável tributário que suportou o ônus integral de débito que deveria ser repartido com outro corresponsável — sócio, ex-sócio, administrador ou terceiro — com fundamento no CTN e no Código Civil (enriquecimento sem causa, responsabilidade solidária). Use esta skill quando a solicitação envolver Ação Regressiva contra Corresponsáveis Tributários."	""	""	""	""	""	""	""	""	""	""	""	""	""	""	"areas do direito/Tributário/tributario-acao-regressiva-contra-corresponsaveis-tributarios/SKILL.md"
"Tributário"	"tributario-acao-rescisoria-tributaria"	"Ação Rescisória Tributária"	"acao rescisoria tributaria"	"Gera petição inicial de ação rescisória em matéria tributária, visando à desconstituição de decisão judicial transitada em julgado, com fundamento nas hipóteses taxativas do art. 966 do CPC, especialmente violação de norma jurídica ou manifesto erro de fato. Use esta skill quando a solicitação envolver Ação Rescisória Tributária."	""	""	""	""	""	""	""	""	""	""	""	""	""	""	"areas do direito/Tributário/tributario-acao-rescisoria-tributaria/SKILL.md"
"Tributário"	"tributario-agravo-de-instrumento-em-materia-tributaria"	"Agravo de Instrumento em Matéria Tributária"	"agravo de instrumento em materia tributaria"	"Gera petição de agravo de instrumento em matéria tributária, para impugnar decisão interlocutória do Juízo de primeiro grau que indeferiu tutela de urgência, negou suspensão de exigibilidade, manteve penhora indevida ou tomou outra decisão urgente e gravosa ao contribuinte. Use esta skill quando a solicitação envolver Agravo de Instrumento em Matéria Tributária."	""	""	""	""	""	""	""	""	""	""	""	""	""	""	"areas do direito/Tributário/tributario-agravo-de-instrumento-em-materia-tributaria/SKILL.md"
"Tributário"	"tributario-amicus-curiae-tributario"	"Amicus Curiae Tributário"	"amicus curiae tributario"	"Gera petição de ingresso como amicus curiae (amigo da corte) em processo tributário de relevância — ADI, ADPF, RE com repercussão geral, REsp com recurso repetitivo ou incidente de assunção de competência — com demonstração da representatividade da entidade, relevância da matéria e contribuição técnica ao julgamento. Use esta skill quando a solicitação envolver Amicus Curiae Tributário."	""	""	""	""	""	""	""	""	""	""	""	""	""	""	"areas do direito/Tributário/tributario-amicus-curiae-tributario/SKILL.md"
"Tributário"	"tributario-cancelamento-de-cda-divida-ativa"	"Cancelamento de CDA — Dívida Ativa"	"cancelamento de cda divida ativa"	"Gera pedido administrativo de cancelamento de Certidão de Dívida Ativa (CDA) ou, na via judicial, peça de exceção de pré-executividade ou embargos à execução fiscal visando à anulação da inscrição em dívida ativa por vícios materiais ou formais, com fundamentação no CTN e na Lei de Execuções Fiscais (Lei 6.830/80). Use esta skill quando a solicitação envolver Cancelamento de CDA — Dívida Ativa."	""	""	""	""	""	""	""	""	""	""	""	""	""	""	"areas do direito/Tributário/tributario-cancelamento-de-cda-divida-ativa/SKILL.md"
"Tributário"	"tributario-caucao-e-contracautela-tributaria"	"Caução e Contracautela Tributária"	"caucao e contracautela tributaria"	"Gera petição de caução tributária (oferta de garantia antecipada para suspender exigibilidade) e/ou contracautela (impugnar medida cautelar fiscal deferida pelo Juízo), com fundamentação técnica para substituição de garantia, levantamento de constrição ou oferta de bens em caução. Use esta skill quando a solicitação envolver Caução e Contracautela Tributária."	""	""	""	""	""	""	""	""	""	""	""	""	""	""	"areas do direito/Tributário/tributario-caucao-e-contracautela-tributaria/SKILL.md"
"Tributário"	"tributario-certidao-negativa-de-debitos-e-cpen"	"Certidão Negativa de Débitos e CPEN"	"certidao negativa de debitos e cpen"	"Gera pedido administrativo de expedição de Certidão Negativa de Débitos (CND) ou Certidão Positiva com Efeito de Negativa (CPEN), ou ainda impugnação de recusa indevida de expedição, com fundamentação no CTN, demonstração de regularidade fiscal e requerimento de prazo para a autoridade competente. Use esta skill quando a solicitação envolver Certidão Negativa de Débitos e CPEN."	""	""	""	""	""	""	""	""	""	""	""	""	""	""	"areas do direito/Tributário/tributario-certidao-negativa-de-debitos-e-cpen/SKILL.md"
"Tributário"	"tributario-compliance-tributario"	"Compliance Tributário"	"compliance tributario"	"Gera um diagnóstico completo de compliance tributário para pessoa jurídica, mapeando obrigações acessórias, riscos de autuação, contingências fiscais, falhas em controles internos e recomendações de adequação, com base na legislação tributária federal, estadual e municipal aplicável à atividade da empresa. Use esta skill quando a solicitação envolver Compliance Tributário."	""	""	""	""	""	""	""	""	""	""	""	""	""	""	"areas do direito/Tributário/tributario-compliance-tributario/SKILL.md"
"Tributário"	"tributario-defesa-ao-redirecionamento-da-execucao-fiscal"	"Defesa ao Redirecionamento da Execução Fiscal"	"defesa ao redirecionamento da execucao fiscal"	"Gera peça de defesa ao redirecionamento de execução fiscal para sócios ou administradores — via exceção de pré-executividade, embargos à execução ou petição nos autos — demonstrando a ausência dos requisitos do CTN art. 135 (ato com excesso de poderes, infração à lei, contrato social ou estatuto) ou a prescrição do redirecionamento. Use esta skill quando a solicitação envolver Defesa ao Redirecionamento da Execução Fiscal."	""	""	""	""	""	""	""	""	""	""	""	""	""	""	"areas do direito/Tributário/tributario-defesa-ao-redirecionamento-da-execucao-fiscal/SKILL.md"
"Tributário"	"tributario-defesa-em-medida-cautelar-fiscal"	"Defesa em Medida Cautelar Fiscal"	"defesa em medida cautelar fiscal"	"Gera petição de defesa/contestação em medida cautelar fiscal (Lei 8.397/92), impugnando os requisitos legais para decretação da indisponibilidade de bens, apontando ausência de fumus boni iuris ou periculum in mora e requerendo o levantamento da constrição. Use esta skill quando a solicitação envolver Defesa em Medida Cautelar Fiscal."	""	""	""	""	""	""	""	""	""	""	""	""	""	""	"areas do direito/Tributário/tributario-defesa-em-medida-cautelar-fiscal/SKILL.md"
"Tributário"	"tributario-defesa-impugnacao-administrativa-fiscal"	"Defesa/Impugnação Administrativa Fiscal"	"defesa impugnacao administrativa fiscal"	"Gera uma impugnação administrativa fiscal completa contra auto de infração, notificação de lançamento ou decisão fiscal, com fundamentação técnica e jurídica, análise de vícios formais e materiais, requerimento de provas e pedido de cancelamento total ou parcial do crédito tributário, tudo no âmbito do contencioso administrativo (federal, estadual ou municipal). Use esta skill quando a solicitação envolver Defesa/Impugnação Administrativa Fiscal."	""	""	""	""	""	""	""	""	""	""	""	""	""	""	"areas do direito/Tributário/tributario-defesa-impugnacao-administrativa-fiscal/SKILL.md"
"Tributário"	"tributario-embargos-a-execucao-fiscal"	"Embargos à Execução Fiscal"	"embargos a execucao fiscal"	"Gera petição de embargos à execução fiscal completa, com arguição de nulidades da CDA, vícios formais e materiais, excesso de execução e demais matérias de defesa, pronta para oposição perante o Juízo da execução após garantia do juízo. Use esta skill quando a solicitação envolver Embargos à Execução Fiscal."	""	""	""	""	""	""	""	""	""	""	""	""	""	""	"areas do direito/Tributário/tributario-embargos-a-execucao-fiscal/SKILL.md"
"Tributário"	"tributario-embargos-de-terceiro-em-execucao-fiscal"	"Embargos de Terceiro em Execução Fiscal"	"embargos de terceiro em execucao fiscal"	"Gera petição de embargos de terceiro em execução fiscal, para liberar bem de terceiro (sócio não responsável, cônjuge, adquirente de boa-fé, arrendatário) indevidamente atingido por penhora ou constrição em execução fiscal movida contra outro devedor. Use esta skill quando a solicitação envolver Embargos de Terceiro em Execução Fiscal."	""	""	""	""	""	""	""	""	""	""	""	""	""	""	"areas do direito/Tributário/tributario-embargos-de-terceiro-em-execucao-fiscal/SKILL.md"
"Tributário"	"tributario-excecao-de-pre-executividade"	"Exceção de Pré-Executividade"	"excecao de pre executividade"	"Gera uma exceção de pré-executividade completa para defesa em execução fiscal sem necessidade de garantia do juízo (penhora ou depósito), alegando matérias cognoscíveis de ofício pelo juiz, como prescrição, decadência, ilegitimidade passiva, nulidade da CDA e pagamento anterior, com fundamentação na jurisprudência consolidada do STJ. Use esta skill quando a solicitação envolver Exceção de Pré-Executividade."	""	""	"execução fiscal"	""	""	"exceção de pré-executividade"	""	""	""	""	""	""	"curadoria-inicial"	""	"areas do direito/Tributário/tributario-excecao-de-pre-executividade/SKILL.md"
"Tributário"	"tributario-formulacao-de-consulta-tributaria"	"Formulação de Consulta Tributária"	"formulacao de consulta tributaria"	"Gera petição de consulta tributária formal à Receita Federal do Brasil (COSIT), SEFAZ estadual ou Secretaria Municipal de Fazenda, apresentando situação de fato concreta e dúvida legítima sobre a interpretação da legislação tributária aplicável, com efeitos suspensivos durante a análise. Use esta skill quando a solicitação envolver Formulação de Consulta Tributária."	""	""	""	""	""	""	""	""	""	""	""	""	""	""	"areas do direito/Tributário/tributario-formulacao-de-consulta-tributaria/SKILL.md"
"Tributário"	"tributario-habilitacao-de-credito-judicial-tributario"	"Habilitação de Crédito Judicial Tributário"	"habilitacao de credito judicial tributario"	"Gera petição de habilitação de crédito tributário reconhecido judicialmente — seja para habilitação perante a Fazenda Pública após trânsito em julgado (para fins de compensação ou precatório), seja para habilitar crédito do contribuinte em processo de falência ou recuperação judicial. Use esta skill quando a solicitação envolver Habilitação de Crédito Judicial Tributário."	""	""	""	""	""	""	""	""	""	""	""	""	""	""	"areas do direito/Tributário/tributario-habilitacao-de-credito-judicial-tributario/SKILL.md"
"Tributário"	"tributario-impugnacao-de-auto-de-infracao"	"Impugnação de Auto de Infração"	"impugnacao de auto de infracao"	"Gera peça de impugnação administrativa de auto de infração tributário federal (RFB/CARF), estadual ou municipal, com arguição de nulidades formais, defesa de mérito, impugnação de multa e pedido de cancelamento ou redução do crédito tributário lançado. Use esta skill quando a solicitação envolver Impugnação de Auto de Infração."	""	""	""	""	""	""	""	""	""	""	""	""	""	""	"areas do direito/Tributário/tributario-impugnacao-de-auto-de-infracao/SKILL.md"
"Tributário"	"tributario-impugnacao-de-itbi-sobre-valor-de-referencia"	"Impugnação de ITBI sobre Valor de Referência"	"impugnacao de itbi sobre valor de referencia"	"Gera peça processual (mandado de segurança preventivo, ação anulatória ou repetitória) para impugnar exigência de ITBI municipal calculado sobre ""valor de referência"" arbitrado unilateralmente pela Prefeitura, em violação ao art. 148 do CTN e à tese fixada no Tema 1.113 do STJ (REsp 1.937.821), restabelecendo o valor declarado pelo contribuinte como base de cálculo. Use esta skill quando a solicitação envolver Impugnação de ITBI sobre Valor de Referência."	""	""	""	""	""	""	""	""	""	""	""	""	""	""	"areas do direito/Tributário/tributario-impugnacao-de-itbi-sobre-valor-de-referencia/SKILL.md"
"Tributário"	"tributario-mandado-de-seguranca-tributario"	"Mandado de Segurança Tributário"	"mandado de seguranca tributario"	"Gera uma petição de mandado de segurança tributário completa, com demonstração do direito líquido e certo, fundamentação constitucional e legal, pedido liminar e requerimentos, pronta para impetração contra ato coator de autoridade fiscal que exige tributo ilegal ou inconstitucional. Use esta skill quando a solicitação envolver Mandado de Segurança Tributário."	""	""	""	""	""	""	""	""	""	""	""	""	""	""	"areas do direito/Tributário/tributario-mandado-de-seguranca-tributario/SKILL.md"
"Tributário"	"tributario-parecer-tributario"	"Parecer Tributário"	"parecer tributario"	"Gera um parecer tributário técnico e fundamentado, com análise de enquadramento fiscal, regime tributário, riscos de autuação, conformidade das operações e recomendações práticas, servindo como documento de orientação para tomada de decisão empresarial ou como instrumento de prevenção de contingências fiscais. Use esta skill quando a solicitação envolver Parecer Tributário."	""	""	""	""	""	""	""	""	""	""	""	""	""	""	"areas do direito/Tributário/tributario-parecer-tributario/SKILL.md"
"Tributário"	"tributario-pedido-de-compensacao-tributaria"	"Pedido de Compensação Tributária"	"pedido de compensacao tributaria"	"Gera manifestação de inconformidade (ou petição judicial) contra indeferimento de pedido de compensação tributária, demonstrando o direito ao crédito, a existência de débito compensável da mesma espécie tributária e a liquidez do crédito pleiteado. Use esta skill quando a solicitação envolver Pedido de Compensação Tributária."	""	""	""	""	""	""	""	""	""	""	""	""	""	""	"areas do direito/Tributário/tributario-pedido-de-compensacao-tributaria/SKILL.md"
"Tributário"	"tributario-pedido-de-parcelamento-e-adesao-a-progr-a68e6b1b"	"Pedido de Parcelamento e Adesão a Programas de Refinanciamento (REFIS/PERT/Outros)"	"pedido de parcelamento e adesao a progr a68e6b1b"	"Gera petição administrativa de adesão a programa de parcelamento ou refinanciamento de débitos tributários (REFIS, PERT, PAES, Transação Tributária ou parcelamento ordinário), com análise dos benefícios aplicáveis, cálculo das reduções e estruturação do pedido. Use esta skill quando a solicitação envolver Pedido de Parcelamento e Adesão a Programas de Refinanciamento (REFIS/PERT/Outros)."	""	""	""	""	""	""	""	""	""	""	""	""	""	""	"areas do direito/Tributário/tributario-pedido-de-parcelamento-e-adesao-a-progr-a68e6b1b/SKILL.md"
"Tributário"	"tributario-planejamento-tributario"	"Planejamento Tributário"	"planejamento tributario"	"Gera um planejamento tributário completo com simulação comparativa entre regimes (Simples Nacional, Lucro Presumido e Lucro Real), análise de elisão fiscal legítima, identificação de oportunidades de economia tributária, avaliação de incentivos fiscais e recomendações de estruturação societária, tudo fundamentado na legislação vigente e considerando a transição da Reforma Tributária (2026-2033). Use esta skill quando a solicitação envolver Planejamento Tributário."	""	""	""	""	""	""	""	""	""	""	""	""	""	""	"areas do direito/Tributário/tributario-planejamento-tributario/SKILL.md"
"Tributário"	"tributario-recurso-especial-a-csrf-carf-camara-superior"	"Recurso Especial à CSRF (CARF — Câmara Superior)"	"recurso especial a csrf carf camara superior"	"Gera recurso especial à CSRF (Câmara Superior de Recursos Fiscais), terceira instância administrativa federal, para uniformização da jurisprudência do CARF em caso de divergência entre turmas ou seções sobre interpretação da legislação tributária federal. Use esta skill quando a solicitação envolver Recurso Especial à CSRF (CARF — Câmara Superior). Contextos: - Após acórdão do CARF desfavorável que diverge de outro acórdão do próprio CARF - Para uniformizar interpretação divergente entre turmas da mesma câmara ou câmaras diferentes - Quando há questão de direito federal tributário de alta relevância sistêmica - Para reformar acórdão que contraria entendimento consolidado da CSRF"	""	""	""	""	""	""	""	""	""	""	""	""	""	""	"areas do direito/Tributário/tributario-recurso-especial-a-csrf-carf-camara-superior/SKILL.md"
"Tributário"	"tributario-recurso-especial-tributario"	"Recurso Especial Tributário"	"recurso especial tributario"	"Gera recurso especial (REsp) em matéria tributária para o Superior Tribunal de Justiça (STJ), com demonstração dos pressupostos de admissibilidade, prequestionamento, indicação do dispositivo legal federal violado, razões do recurso e pedidos, adequado à jurisprudência defensiva do STJ. Use esta skill quando a solicitação envolver Recurso Especial Tributário."	""	""	""	""	""	""	""	""	""	""	""	""	""	""	"areas do direito/Tributário/tributario-recurso-especial-tributario/SKILL.md"
"Tributário"	"tributario-recurso-hierarquico-em-processo-adminis-06cb747c"	"Recurso Hierárquico em Processo Administrativo Tributário Estadual"	"recurso hierarquico em processo adminis 06cb747c"	"Gera recurso hierárquico (ou ordinário) em processo administrativo tributário estadual (ICMS, ITCMD, IPVA e outros), direcionado ao órgão de segunda instância administrativa estadual (Tribunal Administrativo Tributário, CONTAT, TATE, CAT, etc.) contra decisão desfavorável de primeira instância. Use esta skill quando a solicitação envolver Recurso Hierárquico em Processo Administrativo Tributário Estadual."	""	""	""	""	""	""	""	""	""	""	""	""	""	""	"areas do direito/Tributário/tributario-recurso-hierarquico-em-processo-adminis-06cb747c/SKILL.md"
"Tributário"	"tributario-recurso-voluntario-ao-carf"	"Recurso Voluntário ao CARF"	"recurso voluntario ao carf"	"Gera recurso voluntário ao CARF (Conselho Administrativo de Recursos Fiscais) contra acórdão de DRJ que manteve, total ou parcialmente, auto de infração tributário federal, com fundamentos técnicos de mérito e pedido de reforma da decisão recorrida. Use esta skill quando a solicitação envolver Recurso Voluntário ao CARF."	""	""	""	""	""	""	""	""	""	""	""	""	""	""	"areas do direito/Tributário/tributario-recurso-voluntario-ao-carf/SKILL.md"
"Tributário"	"tributario-regime-especial-de-tributacao"	"Regime Especial de Tributação"	"regime especial de tributacao"	"Gera pedido administrativo de regime especial de tributação (RET), voltado à obtenção de tratamento tributário diferenciado junto à Fazenda Estadual (ICMS) ou Municipal (ISS), com fundamentação legal sólida, demonstração da necessidade operacional e proposta de garantias ao Fisco. Use esta skill quando a solicitação envolver Regime Especial de Tributação."	""	""	""	""	""	""	""	""	""	""	""	""	""	""	"areas do direito/Tributário/tributario-regime-especial-de-tributacao/SKILL.md"
"Tributário"	"tributario-revisao-de-lancamento-tributario"	"Revisão de Lançamento Tributário"	"revisao de lancamento tributario"	"Gera peça administrativa de pedido de revisão de lançamento tributário (impugnação administrativa de auto de infração ou notificação de débito), com demonstração dos vícios no lançamento — materiais, formais ou procedimentais — e requerimento de cancelamento, redução ou correção do crédito tributário constituído. Use esta skill quando a solicitação envolver Revisão de Lançamento Tributário."	""	""	""	""	""	""	""	""	""	""	""	""	""	""	"areas do direito/Tributário/tributario-revisao-de-lancamento-tributario/SKILL.md"
"Tributário"	"tributario-sustentacao-oral-no-carf-csrf"	"Sustentação Oral no CARF/CSRF"	"sustentacao oral no carf csrf"	"Gera roteiro estruturado de sustentação oral para sessão de julgamento no CARF ou CSRF, com abertura impactante, exposição clara da tese jurídica, resposta a possíveis questionamentos dos conselheiros e encerramento persuasivo — tudo dentro do tempo regimental. Use esta skill quando a solicitação envolver Sustentação Oral no CARF/CSRF. Contextos: - Na véspera de sessão de julgamento no CARF ou CSRF - Para organizar o raciocínio e os argumentos-chave antes da tribuna - Quando o processo envolve tese complexa que exige apresentação didática - Para preparar respostas a questionamentos previsíveis dos conselheiros - Como complemento ao recurso voluntário ou especial já protocolado"	""	""	""	""	""	""	""	""	""	""	""	""	""	""	"areas do direito/Tributário/tributario-sustentacao-oral-no-carf-csrf/SKILL.md"
"Tributário"	"tributario-transacao-tributaria-lei-13-988-2020"	"Transação Tributária (Lei 13.988/2020)"	"transacao tributaria lei 13 988 2020"	"Gera petição de proposta de transação tributária ou requerimento de adesão a edital de transação da PGFN/RFB, com análise das condições, capacidade de pagamento do contribuinte (CAPAG), benefícios disponíveis e estruturação da proposta negocial. Use esta skill quando a solicitação envolver Transação Tributária (Lei 13.988/2020)."	""	""	""	""	""	""	""	""	""	""	""	""	""	""	"areas do direito/Tributário/tributario-transacao-tributaria-lei-13-988-2020/SKILL.md"
